event_id,date,event_type,sub_event_type,actor1,actor2,location,latitude,longitude,notes,fatalities,is_tanker,is_chokepoint
YEM86177,2024-03-14,Strategic developments,Disrupted weapons use,Military Forces of the United States (2021-2025),Military Forces of Yemen (2017-) Houthi,Abs,16.003,43.197,"Interception: On 14 March 2024, US forces conducted 3 raids/strikes to intercept Houthi anti-ship missiles and/or drones in Abs district (Hajjah). CENTCOM claimed that they presented an imminent threat to shipping. CENTCOM claimed the destruction of 9 Houthi mobile anti-ship missiles and 2 drones that day without providing locations while Houthi sources reported raids on 5 separate locations in Al Hudaydah and Hajjah governorates.",0,False,False
YEM84632,2024-01-12,Explosions/Remote violence,Air/drone strike,Military Forces of the United Kingdom (2010-2024),Military Forces of Yemen (2017-) Houthi,Abs Airport,16.012,43.175,"On 12 January 2024, at around 2:30 am Sanaa time, UK Royal Air Force forces conducted strikes with Typhoon fighter jets on Houthi sites in the military base in Abs Airport (Abs, Hajjah) that were used to launch cruise missiles and drones over the Red Sea. 1 fatality coded to this event. This was part of a joint US-UK operation that day that struck over 60 Houthi targets in at least 18 locations (16 claimed by the US + 2 claimed by the UK) that included command and control nodes, munitions depots, launching systems, production facilities, and air defense radar systems. Houthi forces reported a total of 73 raids that resulted in 8 fatalities and at least 3 injuries. 8 fatalities split between 18 events.",1,False,False
YEM84379,2024-01-02,Strategic developments,Change to group/activity,Military Forces of Yemen (2017-) Houthi,nan,Ad Durayhimi,14.637,43.055,"Movement of forces: On 1 January 2024, Houthi forces redeployed its missiles from Abs district in Hajjah to new positions in Bayt Al Faqiah district (coded to Bayt al Faqih) including Al Jah, in At Tuhayat district (coded to At Tuhayta), and in Ad Durayhimi district (Al Hudaydah). This came amid information on the possibility of US and UK strikes on Houthi forces following Houthi operations in the Red Sea.",0,False,False
YEM85569,2024-02-05,Strategic developments,Disrupted weapons use,Military Forces of the United States (2021-2025),Military Forces of Yemen (2017-) Houthi,Ad Durayhimi,14.637,43.055,"Interception: On 3 February 2024, at around 7:20 pm Sanaa time, US forces conducted strikes to intercept 6 Houthi anti-ship cruise missiles in the districts of Alluheyah (coded to Al Luhayyah) and Ad Durayhimi (Al Hudaydah). The missiles were struck as they were prepared to launch against ships in the Red Sea. CENTCOM claimed that they presented an imminent threat to shipping.",0,False,False
YEM85181,2024-02-05,Explosions/Remote violence,Air/drone strike,Military Forces of the United States (2021-2025),Military Forces of Yemen (2017-) Houthi,Ad Durayhimi,14.637,43.055,"On 3 February 2024, at around 11:30 pm Sanaa time, US Navy forces conducted raids/strikes on Houthi targets in Ad Durayhimi district and Alluheyah district (coded to Al Luhayyah) including in Jabal al Jada (Al Hudaydah). Casualties unknown. This was part of a joint US-UK operation that day that struck 36 Houthi targets at 13 locations that included underground storage facilities, command and control centers, missile systems, drone storage and operations sites, radars, and helicopters. Houthi forces reported a total of 18 raids. US Navy used fighter jets from aircraft carrier USS Dwight D. Eisenhower and Tomahawk missiles from destroyers USS Gravely and USS Carney.",0,False,False
YEM85364,2024-02-16,Explosions/Remote violence,Air/drone strike,Military Forces of the United States (2021-2025),Military Forces of Yemen (2017-) Houthi,Ad Durayhimi,14.637,43.055,"On 16 February 2024, US forces conducted 1 strike to intercept Houthi mobile missiles and/or mobile USVs in Al Kuwayzi in Ad Durayhimi district (Al Hudaydah). CENTCOM claimed that they presented an imminent threat to shipping. CENTCOM claimed the destruction of 1 Houthi mobile anti-ship cruise missile and 1 mobile USV between 1:40 pm and 6:45 pm Sanaa time that day without providing locations while Houthi sources reported raids on 6 separate locations, injuring 6 people.",0,False,False
YEM85684,2024-02-23,Strategic developments,Disrupted weapons use,Military Forces of the United States (2021-2025),Military Forces of Yemen (2017-) Houthi,Ad Durayhimi,14.637,43.055,"Interception: On 23 February 2024, US forces conducted 2 raids/strikes to intercept Houthi mobile anti-ship cruise missiles in Al Kuwayzi in Ad Durayhimi district (Al Hudaydah). The missiles were struck as they were prepared to launch against ships in the Red Sea with CENTCOM claiming that they presented an imminent threat to shipping. CENTCOM claimed the destruction of 7 Houthi mobile anti-ship cruise missiles between 12:30 pm and 7:15 pm Sanaa time that day without providing locations while Houthi sources reported raids on 2 separate locations.",0,False,False
YEM85843,2024-02-29,Strategic developments,Disrupted weapons use,Military Forces of the United States (2021-2025),Military Forces of Yemen (2017-) Houthi,Ad Durayhimi,14.637,43.055,"Interception: On 29 February 2024, US forces conducted 2 raids/strikes to intercept Houthi mobile anti-ship cruise missiles in Al Kuwayzi in Ad Durayhimi district (coded to district center Ad Durayhimi) (Al Hudaydah). The missiles were struck as they were prepared to launch against ships in the Red Sea with CENTCOM claiming that they presented an imminent threat to shipping. CENTCOM claimed the destruction of 6 Houthi mobile anti-ship cruise missiles between 6:00 pm and 7:15 pm Sanaa time that day without providing locations while Houthi sources reported raids on 3 separate locations.",0,False,False
YEM88082,2024-06-10,Explosions/Remote violence,Shelling/artillery/missile attack,Military Forces of Yemen (2017-) Houthi,nan,Ahwar,13.52,46.714,"On 8 June 2024, in the late evening, Houthi forces fired 1 ballistic missile from Al Bayda province that fell short and crashed in Ahwar district (Abyan) near the coast of the district. There were no fatalities or injuries. The drone was likely launched toward the Gulf of Aden. Houthi forces carried out a missile attack against a commercial ship in the Gulf of Aden at around 11:00 pm Sanaa time.",0,False,False
YEM87404,2024-04-24,Strategic developments,Disrupted weapons use,Military Forces of the United States (2021-2025),Military Forces of Yemen (2017-) Houthi,Al Bayda,13.985,45.573,"Interception: On 24 April 2024, between 12:05 pm and 1:25 pm Sanaa time, US forces (whether warships or aircrafts unspecified) intercepted 4 airborne Houthi drones over Houthi-controlled areas of Yemen as Houthi forces claimed two separate drone attacks at sea (one event coded to Taizz governorate and one event coded to Al Bayda governorate). The interception coded to Al Bayda was coded for the attack claim targeting the MSC Veracruz container ship (IMO: 9287924) in the Indian Ocean (coded to Al Bayda) with Houthi forces claiming Israeli affiliation of the ship. Houthi forces have been labeling MSC ships as 'Israeli' possibly because of the dual Swiss-Israeli citizenship of one of MSC's co-founder and co-owner. The MSC Veracruz was located around 180 nm south of Socotra at the time of the claim, sailing from Houston, US, to Abu Dhabi, UAE.",0,False,False
YEM84542,2024-01-09,Strategic developments,Other,Military Forces of Yemen (2017-) Houthi,nan,Al Fazzah,14.103,43.102,"Other: On 9 January 2024, Houthi forces deployed bomb-laden drone boats in canals in Al Fazzah and Al Mujaylis (At Tuhayat, Al Hudaydah).",0,False,False
YEM84616,2024-01-12,Explosions/Remote violence,Air/drone strike,Military Forces of the United States (2021-2025),Military Forces of Yemen (2017-) Houthi,Al Fazzah,14.103,43.102,"On 12 January 2024, at around 2:30 am Sanaa time, US forces conducted strikes on Houthi sites in Al Fazzah port in At Tuhayat district (Al Hudaydah). 0 fatalities coded to this event. This was part of a joint US-UK operation that day that struck over 60 Houthi targets in at least 18 locations (16 claimed by the US + 2 claimed by the UK) that included command and control nodes, munitions depots, launching systems, production facilities, and air defense radar systems. US Navy used fighter jets from aircraft carrier USS Dwight D. Eisenhower and Tomahawk missiles from surface warships and a submarine, and US Air Force used additional fighter jets. Houthi forces reported a total of 73 raids that resulted in 8 fatalities and at least 3 injuries. 8 fatalities split between 18 events.",0,False,False
YEM85495,2024-02-13,Explosions/Remote violence,Air/drone strike,Military Forces of the United States (2021-2025),Military Forces of Yemen (2017-) Houthi,Al Fazzah,14.103,43.102,"On 13 February 2024, at approximately 2:35 pm Sanaa time, US forces conducted 1 strike to intercept 1 mobile anti-ship cruise missile in Al Fazzah area (At Tuhayat, Al Hudaydah), injuring 5 persons (unclear if Houthi fighters or civilians). The missile was struck as it was prepared to launch against ships in the Red Sea.",0,False,False
YEM86174,2024-03-14,Strategic developments,Disrupted weapons use,Military Forces of the United States (2021-2025),Military Forces of Yemen (2017-) Houthi,Al Fazzah,14.103,43.102,"Interception: On 14 March 2024, US forces conducted 2 raids/strikes to intercept Houthi anti-ship missiles and/or drones in Al Fazzah (At Tuhayat, Al Hudaydah). CENTCOM claimed that they presented an imminent threat to shipping. CENTCOM claimed the destruction of 9 Houthi mobile anti-ship missiles and 2 drones that day without providing locations while Houthi sources reported raids on 5 separate locations in Al Hudaydah and Hajjah governorates.",0,False,False
YEM86440,2024-03-18,Explosions/Remote violence,Air/drone strike,Military Forces of the United States (2021-2025),Military Forces of Yemen (2017-) Houthi,Al Fazzah,14.103,43.102,"On 18 March 2024, US forces conducted 4 raids/strikes to destroy Houthi anti-ship missiles and/or drones, and/or to destroy weapons storage containers in Al Fazzah (At Tuhayat, Al Hudaydah). Casualties unknown. CENTCOM claimed that they presented an imminent threat to shipping. CENTCOM claimed the destruction of 7 anti-ship missiles, 3 drones, and 3 weapons storage containers between 1:00 pm and 7:40 pm Sanaa time that day without providing locations while Houthi sources reported raids on 2 separate locations in Al Hudaydah governorate.",0,False,False
YEM98147,2025-04-02,Explosions/Remote violence,Air/drone strike,Military Forces of the United States (2025-),Military Forces of Yemen (2017-) Houthi,Al Fazzah,14.103,43.102,"On 2 April 2025, US forces conducted a strike on a gathering of an alleged Houthi militants, including leaders in the group, in the Al Fazzah area (At Tuhayat, Al Hudaydah), killing and injuring an unspecified number of militants. A recording of the strike was published by US president Donald Trump. The Houthis confirmed the attack, claiming that it attacked a 'Eid social gathering' and not 'military leadership' and that it killed and injured dozens. However, they did not claim the targeted were civilians. IRG sources reported the death of 70 in the airstrike, including Houthi leaders and IRGC Iranian advisors. Unspecified fatalities coded as 10 following the most conservative estimate.",10,False,False
YEM98914,2025-04-23,Explosions/Remote violence,Air/drone strike,Military Forces of the United States (2025-),Military Forces of Yemen (2017-) Houthi,Al Fazzah,14.103,43.102,"On 23 April 2025, US forces conducted 6 airstrikes targeting Houthi positions at frontlines in Ghuwarraq, Al Fazzah, and Al Jabaliyah areas (At Tuhayat), 5 airstrikes targeting Houthi weapon storage depots and camps at Al Hudaydah - Al Hudaydah International Airport (Al Hawak), a number of airstrikes targeting Kamaran island (Kamaran), 2 airstrikes targeting As Salif Port (As Salif), an unspecified number of strikes targeting the naval base and coastal defense camp in the vicinity of Al Hudaydah - Naval College (Al Mina) (Al Hudaydah) (Al Mina), and a number of strikes targeting Al Hudaydah city and its environs (Al Hudaydah). Casualties unknown.",0,False,False
YEM85288,2024-02-07,Strategic developments,Disrupted weapons use,Military Forces of the United States (2021-2025),Military Forces of Yemen (2017-) Houthi,Al Ghawal al Qutaynat,17.244,43.482,"Interception: On 7 February 2024, at around 11:30 pm Sanaa time, US forces conducted 1 strike to intercept 1 Houthi mobile land attack cruise missile in Al Ghawal al Qutaynat (Baqim, Sadah). The missile was struck as it was prepared to launch. CENTCOM claimed that it presented an imminent threat to shipping.",0,False,False
YEM85351,2024-02-09,Strategic developments,Disrupted weapons use,Military Forces of the United States (2021-2025),Military Forces of Yemen (2017-) Houthi,Al Ghawal al Qutaynat,17.244,43.482,"Interception: On 9 February 2024, US forces conducted 2 strikes to intercept Houthi cruise missiles in Al Ghawal al Qutaynat (Baqim, Sadah). The missiles were struck as they were prepared to launch against ships in the Red Sea with CENTCOM claiming that they presented an imminent threat to shipping. CENTCOM claimed the destruction of 2 USVs, 4 anti-ship cruise missiles, and 1 land attack cruise missile between 3:00 am and 9:40 pm Sanaa time that day without providing locations while Houthi sources reported raids on 3 separate locations.",0,False,False
YEM84763,2024-01-17,Strategic developments,Disrupted weapons use,Military Forces of the United States (2021-2025),Military Forces of Yemen (2017-) Houthi,Al Hawban,13.6,44.065,"Interception: On 17 January 2024, at around 11:59 pm Sanaa time, US Navy forces launched missile strikes from surface ships and submarine to intercept 14 Houthi missiles in six locations: the technical institute in As Sawmaah district (Al Bayda), Haruniyah Junction east of As Salif (coded to Jabal Qumah) (Al Munirah, Al Hudaydah), the military police camp in Dhamar al Qarn (Anss, Dhamar), Jabal Sama and Takhyah (Majz, Sadah), and Al Hawban (At Taiziyah, Taizz). The missiles were struck as they were loaded on launch rails and ready to be fired in the Red Sea or the Gulf of Aden.",0,False,False
YEM102422,2024-09-19,Explosions/Remote violence,Air/drone strike,Unidentified Armed Group (Yemen),Military Forces of Yemen (2017-) Houthi,Al Haymah,13.92,43.203,"On 19 September 2024, an unidentified armed group conducted a drone strike on Houthi Coastal Defense Forces near Al Haymah (At Tuhayat, Al Hudaydah) killing 1 Houthi fighter and injuring 2 others. The source claimed that the strike targeted a boat of the Houthi forces while it was accompanying supply boats to nearby Zuqar Island.",1,False,False
YEM84047,2023-12-11,Strategic developments,Change to group/activity,Military Forces of Yemen (2017-) Houthi,nan,Al Hudaydah,14.798,42.955,"Movement of forces: Around 9 December 2023, Houthi forces deployed Rubik naval missiles along the coastal strip and some islands with naval operations rooms (coded to Al Hudaydah governorate). This took place amid Houthi attack targeting ships in the Red Sea and expected US retaliation against Houthi forces. The deployment was reported on 9 December as having taken place 'during the past two days'.",0,False,False
YEM84768,2024-01-18,Strategic developments,Disrupted weapons use,Military Forces of the United States (2021-2025),Military Forces of Yemen (2017-) Houthi,Al Hudaydah,14.798,42.955,"Interception: On 18 January 2024, at around 3:40 pm Sanaa time, US Navy forces conducted strikes with F/A-18 fighter jets to intercept 2 Houthi anti-ship missiles in Al Hudaydah governorate (coded to capital Al Hudaydah). The missiles were struck as were aimed into the south Red Sea and were prepared to launch.",0,False,False
YEM84833,2024-01-22,Strategic developments,Disrupted weapons use,Military Forces of the United States (2021-2025),Military Forces of Yemen (2017-) Houthi,Al Hudaydah,14.798,42.955,"Interception: On 20 January 2024, at around 4:00 am Sanaa time, US forces conducted 2 airstrikes to intercept 1 Houthi anti-ship missile in Al Hudaydah city (Al Hudaydah). The missile was struck as it was aimed into the Gulf of Aden and was prepared to launch.",0,False,False
YEM84895,2024-01-24,Strategic developments,Disrupted weapons use,Military Forces of the United States (2021-2025),Military Forces of Yemen (2017-) Houthi,Al Hudaydah,14.798,42.955,"Interception: On 24 January 2024, at around 2:30 am Sanaa time, US forces conducted strikes to intercept 2 Houthi anti-ship missiles in an unspecified Houthi-controlled area inside Yemen (coded to Al Hudaydah governorate based on previous activity). The missiles were struck as they were aimed into the South Red Sea and were prepared to launch. Houthi forces did not publish a corresponding strike report.",0,False,False
YEM86045,2024-03-08,Strategic developments,Disrupted weapons use,Military Forces of the United States (2021-2025),Military Forces of Yemen (2017-) Houthi,Al Hudaydah,14.798,42.955,"Interception: On 8 March 2024, at around 9:50 am Sanaa time, US forces conducted 1 strike to intercept 2 Houthi truck-mounted anti-ship missiles in an unspecified Houthi-controlled area inside Yemen (coded to Al Hudaydah governorate based on previous activity). The missiles were struck as CENTCOM claimed that they presented an imminent threat to shipping. Houthi forces did not publish a corresponding strike report.",0,False,False
YEM86715,2024-04-02,Strategic developments,Disrupted weapons use,Military Forces of the United States (2021-2025),Military Forces of Yemen (2017-) Houthi,Al Hudaydah,14.798,42.955,"Interception: On 30 March 2024, at around 8:30 am Sanaa time, US forces conducted strikes to intercept 1 Houthi drone on the ground as it was preparing to launch in an unspecified Houthi-controlled area inside Yemen (coded to Al Hudaydah governorate based on previous activity). CENTCOM claimed that the drone was struck as it was prepared to launch and presented an imminent threat to shipping. Houthi forces did not publish a corresponding strike report.",0,False,False
YEM86735,2024-04-03,Strategic developments,Disrupted weapons use,Military Forces of the United States (2021-2025),Military Forces of Yemen (2017-) Houthi,Al Hudaydah,14.798,42.955,"Interception: On 3 April 2024, between 3:50 am and 10:00 am Sanaa time, US forces conducted strikes to intercept 1 Houthi mobile surface-to-air missile in an unspecified Houthi-controlled area inside Yemen (coded to Al Hudaydah governorate based on previous activity). CENTCOM claimed that it presented an imminent threat to commercial and US Navy ships. Houthi forces did not publish a corresponding strike report.",0,False,False
YEM86749,2024-04-04,Strategic developments,Disrupted weapons use,Military Forces of the United States (2021-2025),Military Forces of Yemen (2017-) Houthi,Al Hudaydah,14.798,42.955,"Interception: On 4 April 2024, around 2:20 pm Sanaa time, US forces conducted 1 strike to intercept 1 Houthi anti-ship missile in an unspecified Houthi-controlled area inside Yemen (coded to Al Hudaydah governorate based on previous activity). CENTCOM claimed that it presented an imminent threat to commercial and US Navy ships. Houthi forces did not publish a corresponding strike report.",0,False,False
YEM86874,2024-04-08,Strategic developments,Disrupted weapons use,Military Forces of the United States (2021-2025),Military Forces of Yemen (2017-) Houthi,Al Hudaydah,14.798,42.955,"Interception: On 6 April 2024, between 10:00 am and 03:00 pm Sanaa time, US forces conducted strikes to intercept 1 Houthi mobile surface-to-air missile in an unspecified Houthi-controlled area inside Yemen (coded to Al Hudaydah governorate based on previous activity). CENTCOM claimed that it presented an imminent threat to commercial and US Navy ships. Houthi forces did not publish a corresponding strike report.",0,False,False
YEM87054,2024-04-15,Strategic developments,Disrupted weapons use,Military Forces of the United States (2021-2025),Military Forces of Yemen (2017-) Houthi,Al Hudaydah,14.798,42.955,"Interception: On 14 April 2024, at around 4:00 am Sanaa time, US forces conducted strikes to intercept Houthi drones in an unspecified Houthi-controlled area inside Yemen (coded to Al Hudaydah governorate based on previous activity). CENTCOM claimed that they presented an imminent threat to shipping. CENTCOM claimed the destruction of 4 Houthi drones between 4:00 am and 9:15 pm Sanaa time that day without providing locations. Houthi forces did not publish a corresponding strike report for the morning strike while Houthi sources reported raids on Taizz governorate in the evening.",0,False,False
YEM87222,2024-04-25,Strategic developments,Disrupted weapons use,Military Forces of the United States (2021-2025),Military Forces of Yemen (2017-) Houthi,Al Hudaydah,14.798,42.955,"Interception: On 25 April 2024, between 12:20 pm and 4:15 pm Sanaa time, US forces conducted strikes to intercept 1 Houthi drone and 1 drone boat in unspecified Houthi-controlled areas inside Yemen (coded to Al Hudaydah governorate based on previous activity). CENTCOM claimed that they presented an imminent threat to commercial and US Navy ships. Houthi forces did not publish a corresponding strike report.",0,False,False
YEM88157,2024-05-30,Strategic developments,Disrupted weapons use,Military Forces of the United States (2021-2025),Military Forces of Yemen (2017-) Houthi,Al Hudaydah,14.798,42.955,"Interception: On 30 May 2024, between 3:15 pm and 5:00 pm Sanaa time, US forces conduct strikes to intercept Houthi drones in unspecified Houthi-controlled areas inside Yemen (coded to Al Hudaydah governorate based on previous activity). CENTCOM claimed that they presented an imminent threat to shipping. Houthi forces did not publish a corresponding strike report. CENTCOM claimed the interceptions of 8 Houthi drones inside Yemen and over the South Red Sea during that period without specifying the number of drones in each location.",0,False,False
YEM88060,2024-06-18,Strategic developments,Disrupted weapons use,Military Forces of the United States (2021-2025),Military Forces of Yemen (2017-) Houthi,Al Hudaydah,14.798,42.955,"Interception: On 18 June 2024, at an unspecified timing, US forces conducted strikes to intercept 8 Houthi drones in an unspecified Houthi-controlled area inside Yemen (coded to Al Hudaydah governorate based on previous activity). CENTCOM claimed that they presented an imminent threat to shipping. Houthi forces did not publish a corresponding strike report.",0,False,False
YEM89196,2024-07-08,Strategic developments,Disrupted weapons use,Military Forces of the United States (2021-2025),Military Forces of Yemen (2017-) Houthi,Al Hudaydah,14.798,42.955,"Interception: On 7 July 2024, at an unspecified time, US forces conducted strikes to intercept 2 Houthi drones in unspecified Houthi-controlled areas inside Yemen (coded to Al Hudaydah governorate based on previous activity). CENTCOM claimed that they presented an imminent threat to shipping. Houthi forces did not publish a corresponding strike report.",0,False,False
YEM89241,2024-07-09,Strategic developments,Disrupted weapons use,Military Forces of the United States (2021-2025),Military Forces of Yemen (2017-) Houthi,Al Hudaydah,14.798,42.955,"Interception: On 9 July 2024, at an unspecified time, US forces conducted strikes to intercept 1 Houthi drone in an unspecified Houthi-controlled area inside Yemen (coded to Al Hudaydah governorate based on previous activity). CENTCOM claimed that they presented an imminent threat to shipping. Houthi forces did not publish a corresponding strike report.",0,False,False
YEM89643,2024-07-15,Strategic developments,Disrupted weapons use,Military Forces of the United States (2021-2025),Military Forces of Yemen (2017-) Houthi,Al Hudaydah,14.798,42.955,"Interception: On 15 July 2024, at an unspecified time, US forces conducted strikes to intercept 2 Houthi drones in unspecified Houthi-controlled areas inside Yemen (coded to Al Hudaydah governorate based on previous activity). CENTCOM claimed that they presented an imminent threat to shipping. Houthi forces did not publish a corresponding strike report.",0,False,False
YEM89940,2024-07-23,Explosions/Remote violence,Air/drone strike,Military Forces of the United States (2021-2025),Military Forces of Yemen (2017-) Houthi,Al Hudaydah,14.798,42.955,"On 23 July 2024, at an unspecified time, US forces (whether warships or aircrafts unspecified) conducted strikes and destroyed 3 Houthi missile launchers in an unspecified Houthi-controlled area inside Yemen (coded to Al Hudaydah governorate based on previous activity). Casualties unknown. Houthi forces did not publish a corresponding strike report.",0,False,False
YEM89939,2024-07-24,Strategic developments,Disrupted weapons use,Military Forces of the United States (2021-2025),Military Forces of Yemen (2017-) Houthi,Al Hudaydah,14.798,42.955,"Interception: On 24 July 2024, at an unspecified time, US forces conducted strikes to intercept 2 Houthi missiles on their launchers in an unspecified Houthi-controlled area inside Yemen (coded to Al Hudaydah governorate based on previous activity). CENTCOM claimed that they presented an imminent threat to shipping. Houthi forces did not publish a corresponding strike report.",0,False,False
YEM90235,2024-07-29,Strategic developments,Disrupted weapons use,Military Forces of the United States (2021-2025),Military Forces of Yemen (2017-) Houthi,Al Hudaydah,14.798,42.955,"Interception: On 29 July 2024, at an unspecified time, US forces conducted strikes to intercept 1 Houthi drone in an unspecified Houthi-controlled area inside Yemen (coded to Al Hudaydah governorate based on previous activity). CENTCOM claimed that it presented an imminent threat to shipping. Houthi forces did not publish a corresponding strike report.",0,False,False
YEM90513,2024-08-05,Strategic developments,Disrupted weapons use,Military Forces of the United States (2021-2025),Military Forces of Yemen (2017-) Houthi,Al Hudaydah,14.798,42.955,"Interception: On 3 August 2024, at an unspecified time, US forces conducted strikes to intercept 1 Houthi missile on its launcher in an unspecified Houthi-controlled area inside Yemen (coded to Al Hudaydah governorate based on previous activity). CENTCOM claimed that it presented an imminent threat to shipping. Houthi forces did not publish a corresponding strike report.",0,False,False
YEM90593,2024-08-05,Strategic developments,Disrupted weapons use,Military Forces of the United States (2021-2025),Military Forces of Yemen (2017-) Houthi,Al Hudaydah,14.798,42.955,"Interception: On 5 August 2024, at an unspecified time, US forces conducted strikes to intercept 1 Houthi drone in an unspecified Houthi-controlled area inside Yemen (coded to Al Hudaydah governorate based on previous activity). CENTCOM claimed that it presented an imminent threat to shipping. Houthi forces did not publish a corresponding strike report.",0,False,False
YEM91109,2024-08-19,Strategic developments,Disrupted weapons use,Military Forces of the United States (2021-2025),Military Forces of Yemen (2017-) Houthi,Al Hudaydah,14.798,42.955,"Interception: On 18 August 2024, at an unspecified time, US forces conducted strikes to intercept 1 Houthi drone in an unspecified Houthi-controlled area inside Yemen (coded to Al Hudaydah governorate based on previous activity). CENTCOM claimed that it presented an imminent threat to shipping. Houthi forces did not publish a corresponding strike report.",0,False,False
YEM91135,2024-08-22,Strategic developments,Disrupted weapons use,Military Forces of the United States (2021-2025),Military Forces of Yemen (2017-) Houthi,Al Hudaydah,14.798,42.955,"Interception: On 22 August 2024, at an unspecified time, US forces (whether warships or aircrafts unspecified) intercepted 1 Houthi drone over an unspecified Houthi controlled area in Yemen (coded to Al Hudaydah governorate based on previous activity). On the same day, USCENTCOM Claimed to have intercepted 2 Houthi UAVs in the Red Sea (coded as a separate event). CENTCOM claimed that it presented an imminent threat to shipping. Houthi forces did not publish a corresponding strike report.",0,False,False
YEM91155,2024-08-23,Explosions/Remote violence,Air/drone strike,Military Forces of the United States (2021-2025),Military Forces of Yemen (2017-) Houthi,Al Hudaydah,14.798,42.955,"On 23 August 2024, at an unspecified time, US forces (whether warships or aircrafts unspecified) conducted strikes and destroyed 1 Houthi missile system in an unspecified Houthi-controlled area inside Yemen (coded to Al Hudaydah governorate based on previous activity). Casualties unknown. Houthi forces did not publish a corresponding strike report.",0,False,False
YEM91395,2024-08-30,Strategic developments,Disrupted weapons use,Military Forces of the United States (2021-2025),Military Forces of Yemen (2017-) Houthi,Al Hudaydah,14.798,42.955,"Interception: On 30 August 2024, at an unspecified time, US forces conducted strikes to intercept 2 Houthi drones in an unspecified Houthi-controlled area inside Yemen (coded to Al Hudaydah governorate based on previous activity). CENTCOM claimed that it presented an imminent threat to shipping. Houthi forces did not publish a corresponding strike report.",0,False,False
YEM91569,2024-09-02,Strategic developments,Disrupted weapons use,Military Forces of the United States (2021-2025),Military Forces of Yemen (2017-) Houthi,Al Hudaydah,14.798,42.955,"Interception: On 31 August 2024, at an unspecified time, US forces conducted raids/strikes to intercept 1 Houthi drone and 1 drone boat in unspecified Houthi-controlled areas inside Yemen (coded to Al Hudaydah governorate based on previous activity). CENTCOM claimed that they presented an imminent threat to shipping. Houthi forces did not publish a corresponding strike report.",0,False,False
YEM91785,2024-09-11,Explosions/Remote violence,Air/drone strike,Military Forces of the United States (2021-2025),Military Forces of Yemen (2017-) Houthi,Al Hudaydah,14.798,42.955,"On 11 September 2024, at an unspecified time, US forces (whether warships or aircrafts unspecified) conducted strikes and destroyed 1 Houthi missile system in an unspecified Houthi-controlled area inside Yemen (coded to Al Hudaydah governorate based on previous activity). Casualties unknown. Houthi forces did not publish a corresponding strike report.",0,False,False
YEM91800,2024-09-13,Explosions/Remote violence,Air/drone strike,Military Forces of the United States (2021-2025),Military Forces of Yemen (2017-) Houthi,Al Hudaydah,14.798,42.955,"On 13 September 2024, at an unspecified time, US forces (whether warships or aircrafts unspecified) conducted strikes and destroyed 3 Houthi drones and 1 support vehicle in an unspecified Houthi-controlled area inside Yemen (coded to Al Hudaydah governorate based on previous activity). CENTCOM claimed that they presented an imminent threat to shipping. Casualties unknown. Houthi forces did not publish a corresponding strike report.",0,False,False
YEM91848,2024-09-16,Explosions/Remote violence,Air/drone strike,Military Forces of the United States (2021-2025),Military Forces of Yemen (2017-) Houthi,Al Hudaydah,14.798,42.955,"On 15 September 2024, at an unspecified time, US forces (whether warships or aircrafts unspecified) conducted strikes and destroyed 1 Houthi missile system in an unspecified Houthi-controlled area inside Yemen (coded to Al Hudaydah governorate based on previous activity). Casualties unknown. Houthi forces did not publish a corresponding strike report.",0,False,False
YEM93239,2024-10-29,Strategic developments,Change to group/activity,Military Forces of Yemen (2017-) Houthi,nan,Al Hudaydah,14.798,42.955,"Movement of forces: Around 29 October 2024 (as reported), Houthi forces reinforced positions in Al Hudaydah governorate (coded to governorate center Al Hudaydah) transferring heavy military equipment, including armored vehicles and tanks, to the western coastal fronts. According to pro-IRG sources, as part of intensified military preparations, the Houthis dug new tunnels and trenches across frontline areas in Hays, Al Khokha, and Jabal Ras, facilitating the concealed movement and the storage of heavy weaponry. Additionally, water tunnels extending from Al Hudaydah city to the coast were constructed to transport equipment and small boats covertly.",0,False,False
YEM93430,2024-11-05,Strategic developments,Change to group/activity,Military Forces of Yemen (2017-) Houthi,nan,Al Hudaydah,14.798,42.955,"Movement of forces: On 5 November 2024, Houthi forces mobilized hundreds of fighters toward Al Hudaydah (coded to governorate center) southern coastal areas, preparing for possible clashes with Yemeni government forces. Additionally, Houthi leadership ordered the transfer of all central prison inmates in Al Hudaydah to Sanaa and directed merchants to urgently clear goods from the port, suggesting anticipation of potential conflict escalation.",0,False,False
YEM103817,2024-12-16,Strategic developments,Change to group/activity,Military Forces of Yemen (2017-) Houthi,nan,Al Hudaydah,14.798,42.955,"Movement of forces: On 16 December 2024, Houthi forces withdrew their artillery vehicles and tanks from Uraib, Amghul Barkan, and Amzoun areas (parts of Mukayras district) to transfer them to Hudaydah (Al Hali, Al Hudaydah). Those were previously used to launch missiles toward the Red Sea and the Gulf of Aden.",0,False,False
YEM97142,2025-02-24,Strategic developments,Other,Military Forces of Yemen (2017-) Houthi,Civilians (Yemen),Al Hudaydah,14.798,42.955,"Other: Around 24 February 2025 (between 23 - 25 February), Houthi authorities detained 18 merchants and closed 38 shops and markets in Al Hudaydah governorate (coded to governorate center Al Hudaydah) as part of a campaign enforcing financial contributions. Armed groups conducted raids under the pretext of price control and support for Ramadan-related activities. Some detainees were released after paying fines, while merchants repeated demands for financial contributions under the threat of imprisonment or property confiscation.",0,False,False
YEM105957,2025-08-04,Strategic developments,Change to group/activity,Military Forces of Yemen (2017-) Houthi,nan,Al Hudaydah,14.798,42.955,"Movement of forces: Around 3 August 2025 (as reported), Houthi forces sent new naval rockets to Hajjah governorate (coded to governorate capital Hajjah) (Hajjah City), Al Mahwit governorate (coded to governorate capital Al Mahwit) (Al Mahwait City) and Al Hudaydah governorate (coded to governorate capital Al Hudaydah). According to anti-Houthi sources, the transfer is in preparation for new attacks against ships passing in the Red Sea. They also sent hundreds of fighters to Al Hudaydah governorate in anticipation of a 'possible attack'.",0,False,False
YEM88137,2024-05-23,Explosions/Remote violence,Air/drone strike,Military Forces of the United States (2021-2025),Military Forces of Yemen (2017-) Houthi,Al Hudaydah - Al Hawak,14.758,42.992,"On 23 May 2024, suspected US forces conducted strikes on Houthi forces in the house of deceased President Ali Abdullah Saleh in Al Hawak district of Al Hudaydah (coded to Al Hudaydah - Al Hawak) and in the house of former Vice President Ali Mohsen Al Ahmar in Al Hudaydah - Shari ad Durayhimi (Al Hawak) killing and injuring between 7 and 10 Houthi fighters. Fatalities coded as 3 (conservative half of 7) and split between 2 locations. Sources claimed that the buildings housed Houthi leaders and military experts. US forces did not claim the strike. Some sources indicated that the strike was carried out by an aircraft and others by a warship.",3,False,False
YEM84611,2024-01-12,Explosions/Remote violence,Air/drone strike,Military Forces of the United States (2021-2025),Military Forces of Yemen (2017-) Houthi,Al Hudaydah - Al Hudaydah International Airport,14.753,42.976,"On 12 January 2024, at around 2:30 am Sanaa time, US forces conducted strikes on Houthi sites in the perimeter of Al Hudaydah - Al Hudaydah International Airport (Al Hawak). 1 fatality coded to this event. This was part of a joint US-UK operation that day that struck over 60 Houthi targets in at least 18 locations (16 claimed by the US + 2 claimed by the UK) that included command and control nodes, munitions depots, launching systems, production facilities, and air defense radar systems. US Navy used fighter jets from aircraft carrier USS Dwight D. Eisenhower and Tomahawk missiles from surface warships and a submarine, and US Air Force used additional fighter jets. Houthi forces reported a total of 73 raids that resulted in 8 fatalities and at least 3 injuries. 8 fatalities split between 18 events.",1,False,False
YEM86011,2024-03-06,Strategic developments,Disrupted weapons use,Military Forces of the United States (2021-2025),Military Forces of Yemen (2017-) Houthi,Al Hudaydah - Al Hudaydah International Airport,14.753,42.976,"Interception: On 6 March 2024, at around 7:15 pm Sanaa time, US forces conducted 2 strikes to intercept 2 Houthi drones in Al Hudaydah - Al Hudaydah International Airport (Al Hawak). The drones were stuck as CENTCOM claimed that they presented an imminent threat to shipping.",0,False,False
YEM86021,2024-03-07,Strategic developments,Disrupted weapons use,Military Forces of the United States (2021-2025),Military Forces of Yemen (2017-) Houthi,Al Hudaydah - Al Hudaydah International Airport,14.753,42.976,"Interception: On 7 March 2024, US forces conducted 2 strikes to intercept Houthi mobile anti-ship cruise missiles and/or drones in Al Hudaydah - Al Hudaydah International Airport (Al Hawak). The missiles/drones were struck as CENTCOM claimed that they presented an imminent threat to shipping. CENTCOM claimed the destruction of 4 Houthi mobile anti-ship cruise missiles and 1 drone between 3:35 pm and 4:55 pm Sanaa time that day without providing locations while Houthi sources reported raids on 2 separate locations.",0,False,False
YEM86165,2024-03-13,Strategic developments,Disrupted weapons use,Military Forces of the United States (2021-2025),Military Forces of Yemen (2017-) Houthi,Al Hudaydah - Al Hudaydah International Airport,14.753,42.976,"Interception: On 13 March 2024, US forces conducted 4 raids/strikes to intercept 4 Houthi drones and 1 surface-to-air missile in Al Hudaydah - Al Hudaydah International Airport (Al Hawak). CENTCOM claimed that they presented an imminent threat to shipping.",0,False,False
YEM86172,2024-03-14,Strategic developments,Disrupted weapons use,Military Forces of the United States (2021-2025),Military Forces of Yemen (2017-) Houthi,Al Hudaydah - Al Hudaydah International Airport,14.753,42.976,"Interception: On 14 March 2024, US forces conducted 1 raid/strike to intercept Houthi anti-ship missiles and/or drones in Al Hudaydah - Al Hudaydah International Airport (Al Hawak). CENTCOM claimed that they presented an imminent threat to shipping. CENTCOM claimed the destruction of 9 Houthi mobile anti-ship missiles and 2 drones that day without providing locations while Houthi sources reported raids on 5 separate locations in Al Hudaydah and Hajjah governorates.",0,False,False
YEM86903,2024-04-10,Strategic developments,Disrupted weapons use,Military Forces of the United States (2021-2025),Military Forces of Yemen (2017-) Houthi,Al Hudaydah - Al Hudaydah International Airport,14.753,42.976,"Interception: On 10 April 2024, between 7:50 pm and 8:00 pm Sanaa time, US forces conducted 3 raids/strikes to intercept Houthi drones in Al Hudaydah - Al Hudaydah International Airport (Al Hawak). CENTCOM claimed that they presented an imminent threat to shipping. CENTCOM claimed the destruction of 8 Houthi drones between 7:50 pm and 8:00 pm Sanaa time that day without providing locations while Houthi sources reported raids on 2 separate locations in Al Hudaydah governorate.",0,False,False
YEM87285,2024-05-02,Strategic developments,Disrupted weapons use,Military Forces of the United States (2021-2025),Military Forces of Yemen (2017-) Houthi,Al Hudaydah - Al Hudaydah International Airport,14.753,42.976,"Interception: On 2 May 2024, at around 2:00 pm Sanaa time, US forces conducted 5 raids/strikes to intercept 3 Houthi drones in Al Hudaydah - Al Hudaydah International Airport (Al Hawak). CENTCOM claimed that it presented an imminent threat to shipping. CENTCOM claimed the destruction of 3 drones without providing locations while Houthi sources reported 5 raids on Al Hudaydah International Airport.",0,False,False
YEM87771,2024-05-13,Strategic developments,Disrupted weapons use,Military Forces of the United States (2021-2025),Military Forces of Yemen (2017-) Houthi,Al Hudaydah - Al Hudaydah International Airport,14.753,42.976,"Interception: On 13 May 2024, at around 3:40 pm Sanaa time, US forces conducted 1 raid/strike to intercept 1 Houthi drone in Al Hudaydah - Al Hudaydah International Airport (Al Hawak). CENTCOM claimed that they presented an imminent threat to shipping. CENTCOM claimed the destruction of 1 drone without providing locations while Houthi sources reported 1 raid on Al Hudaydah International Airport.",0,False,False
YEM87774,2024-05-14,Strategic developments,Disrupted weapons use,Military Forces of the United States (2021-2025),Military Forces of Yemen (2017-) Houthi,Al Hudaydah - Al Hudaydah International Airport,14.753,42.976,"Interception: On 14 May 2024, at around 9:00 pm Sanaa time, US forces conducted 4 raids/strikes to intercept 4 Houthi drones in Al Hudaydah - Al Hudaydah International Airport (Al Hawak). CENTCOM claimed that they presented an imminent threat to shipping. CENTCOM claimed the destruction of 4 drones without providing locations while Houthi sources reported 4 raids on Al Hudaydah International Airport.",0,False,False
YEM87882,2024-05-22,Strategic developments,Disrupted weapons use,Military Forces of the United States (2021-2025),Military Forces of Yemen (2017-) Houthi,Al Hudaydah - Al Hudaydah International Airport,14.753,42.976,"Interception: On 22 May 2024, at around 3:15 am Sanaa time, US forces conducted 6 raids/strikes to intercept 4 Houthi drones in Al Hudaydah - Al Hudaydah International Airport (Al Hawak). CENTCOM claimed that they presented an imminent threat to shipping. CENTCOM claimed the destruction of 4 drones without providing locations while Houthi sources reported 6 raids on Al Hudaydah International Airport.",0,False,False
YEM87897,2024-05-23,Strategic developments,Disrupted weapons use,Military Forces of the United States (2021-2025),Military Forces of Yemen (2017-) Houthi,Al Hudaydah - Al Hudaydah International Airport,14.753,42.976,"Interception: On 23 May 2024, at around 8:10 pm Sanaa time, US forces conducted 2 raids/strikes to intercept 1 Houthi land attack cruise missile in Al Hudaydah - Al Hudaydah International Airport (Al Hawak). CENTCOM claimed that they presented an imminent threat to shipping. CENTCOM claimed the destruction of 1 missile without providing locations while Houthi sources reported 2 raids on Al Hudaydah International Airport.",0,False,False
YEM88138,2024-06-07,Strategic developments,Disrupted weapons use,Military Forces of the United States (2021-2025),Military Forces of Yemen (2017-) Houthi,Al Hudaydah - Al Hudaydah International Airport,14.753,42.976,"Interception: On 7 June 2024, in the afternoon, US forces conducted 4 raids/strikes to intercept Houthi drones and/or anti-ship ballistic missiles in Al Hudaydah - Al Hudaydah International Airport (Al Hawak). CENTCOM claimed that they presented an imminent threat to shipping. CENTCOM claimed the destruction of 4 Houthi drones and 2 anti-ship ballistic missiles that day without providing locations while Houthi sources reported raids on 2 different locations in Al Hudaydah and Amanat al Asimah governorates.",0,False,False
YEM88829,2024-06-28,Strategic developments,Disrupted weapons use,Military Forces of the United States (2021-2025),Military Forces of Yemen (2017-) Houthi,Al Hudaydah - Al Hudaydah International Airport,14.753,42.976,"Interception: On 28 June 2024, US forces conducted 4 raids/strikes to intercept 7 Houthi drones in Al Hudaydah - Al Hudaydah International Airport (Al Hawak). CENTCOM claimed that they presented an imminent threat to shipping. CENTCOM claimed the destruction of 1 Houthi ground control station and 7 Houthi drones that day without providing locations while Houthi sources reported raids on 2 separate locations in Al Hudaydah and Taizz governorates.",0,False,False
YEM89377,2024-07-12,Strategic developments,Disrupted weapons use,Military Forces of the United States (2021-2025),Military Forces of Yemen (2017-) Houthi,Al Hudaydah - Al Hudaydah International Airport,14.753,42.976,"Interception: On 12 July 2024, at an unspecified time, US forces conducted 3 strikes/raids to intercept 3 Houthi drones in Al Hudaydah - Al Hudaydah International Airport (Al Hawak, Al Hudaydah). CENTCOM claimed that they presented an imminent threat to shipping. CENTCOM claimed the destruction of 3 Houthi drones that day without providing locations while Houthi sources reported 3 raids on Al Hudaydah International Airport.",0,False,False
YEM89617,2024-07-15,Strategic developments,Disrupted weapons use,Military Forces of the United States (2021-2025),Military Forces of Yemen (2017-) Houthi,Al Hudaydah - Al Hudaydah International Airport,14.753,42.976,"Interception: On 14 July 2024, at an unspecified time, US forces conducted 2 strikes/raids to intercept 1 Houthi drone in Al Hudaydah - Al Hudaydah International Airport (Al Hawak, Al Hudaydah). CENTCOM claimed that it presented an imminent threat to shipping. CENTCOM claimed the destruction of 1 Houthi drone that day without providing locations while Houthi sources reported raids on 3 locations in Al Hudaydah and Hajjah governorates (drone interception coded to Al Hudaydah - Al Hudaydah International Airport based on previous activity).",0,False,False
YEM89694,2024-07-18,Strategic developments,Disrupted weapons use,Military Forces of the United States (2021-2025),Military Forces of Yemen (2017-) Houthi,Al Hudaydah - Al Hudaydah International Airport,14.753,42.976,"Interception: On 18 July 2024, at an unspecified time, US forces conducted 3 raids/strikes to intercept 2 Houthi surface-to-air missiles and 4 Houthi drones in Al Hudaydah - Al Hudaydah International Airport (Al Hawak). CENTCOM claimed that they presented an imminent threat to shipping. CENTCOM claimed the destruction of 2 Houthi surface-to-air missiles and 4 Houthi drones that day without providing locations while Houthi sources reported 3 raids on Al Hudaydah International Airport.",0,False,False
YEM89938,2024-07-26,Strategic developments,Disrupted weapons use,Military Forces of the United States (2021-2025),Military Forces of Yemen (2017-) Houthi,Al Hudaydah - Al Hudaydah International Airport,14.753,42.976,"Interception: On 26 July 2024, at an unspecified time, US forces conducted 4 raids/strikes to intercept 6 Houthi drones in Al Hudaydah - Al Hudaydah International Airport (Al Hawak). CENTCOM claimed that they presented an imminent threat to shipping. CENTCOM claimed the destruction of 6 Houthi drones and 3 Houthi drone boats that day without providing locations while Houthi sources reported raids on 2 separate locations in Al Hudaydah governorate.",0,False,False
YEM97749,2025-03-24,Explosions/Remote violence,Air/drone strike,Military Forces of the United States (2025-),Military Forces of Yemen (2017-) Houthi,Al Hudaydah - Al Hudaydah International Airport,14.753,42.976,"On 23 March 2025, US forces conducted 3 airstrikes targeting weapons storage facilities, missile launchers, and drone platforms belonging to the Houthi forces at the Al Hudaydah - Al Hudaydah International Airport (Al Hawak, Al Hudaydah). This was the second set of airstrikes at this location within 24 hours, following three similar airstrikes on 22 March (coded as a separate event). Some sources reported that the Houthis' maritime operations chief was injured during the strikes. Casualties unknown.",0,False,False
YEM98847,2025-04-22,Explosions/Remote violence,Air/drone strike,Military Forces of the United States (2025-),Military Forces of Yemen (2017-) Houthi,Al Hudaydah - Al Hudaydah International Airport,14.753,42.976,"On 19 April 2025, US forces conducted 13 strikes on Houthi military sites and depots in the vicinity of Al Hudaydah - Port (Al Hali), Al Hudaydah - Al Hudaydah International Airport (Al Hawak), and the naval base in the vicinity of Al Hudaydah - Naval College (Al Mina) (Al Hudaydah). Casualties unknown.",0,False,False
YEM98916,2025-04-23,Explosions/Remote violence,Air/drone strike,Military Forces of the United States (2025-),Military Forces of Yemen (2017-) Houthi,Al Hudaydah - Al Hudaydah International Airport,14.753,42.976,"On 23 April 2025, US forces conducted 6 airstrikes targeting Houthi positions at frontlines in Ghuwarraq, Al Fazzah, and Al Jabaliyah areas (At Tuhayat), 5 airstrikes targeting Houthi weapon storage depots and camps at Al Hudaydah - Al Hudaydah International Airport (Al Hawak), a number of airstrikes targeting Kamaran island (Kamaran), 2 airstrikes targeting As Salif Port (As Salif), an unspecified number of strikes targeting the naval base and coastal defense camp in the vicinity of Al Hudaydah - Naval College (Al Mina) (Al Hudaydah) (Al Mina), and a number of strikes targeting Al Hudaydah city and its environs (Al Hudaydah). Casualties unknown.",0,False,False
YEM87418,2024-05-07,Explosions/Remote violence,Remote explosive/landmine/IED,Military Forces of Yemen (2017-) Houthi,Civilians (Yemen),Al Hudaydah - Al Matahin,14.775,43.011,"On 5 May 2024, a suspected Houthi landmine detonated behind the Red Sea Mills in Al Hudaydah - Al Matahin (Al Hawak, Al Hudaydah) killing 2 brothers.",2,False,False
YEM88139,2024-05-30,Explosions/Remote violence,Air/drone strike,Military Forces of the United Kingdom (2010-2024),Military Forces of Yemen (2017-) Houthi,Al Hudaydah - Ath Thawrah Hospital,14.779,42.951,"On 30 May 2024, in the late evening, UK Royal Air Force forces conducted 1 raid/strike with Typhoon jets on Houthi drone ground control facilities and/or facilities housing long range drones and surface-to-air missiles in Al Hudaydah radio building located just in front of Al Hudaydah - Ath Thawrah Hospital (Al Hawak). Raids/strikes on Al Hudaydah radio building and on As Salif port resulted in 16 fatalities and 41 injuries including civilians according to Houthi media. Fatalities coded as 8 (half of 16). This was part of a joint US-UK operation that day (the fifth since January 2024) that struck Houthi targets at 7 locations that included drone control facilities, drone storage facilities, surface-to-air weapons facilities, command and control facilities, missile launchers, and a Houthi vessel. Houthi forces reported a total of 13 raids that resulted in 16 fatalities and 42 injuries including civilians noting that all fatalities and most of the injuries took place at Al Hudaydah radio tower building and in As Salif port in Al Hudaydah while 1 injury took place in Sanaa city.",8,False,False
YEM84610,2024-01-12,Explosions/Remote violence,Air/drone strike,Military Forces of the United States (2021-2025),Military Forces of Yemen (2017-) Houthi,Al Hudaydah - Kilu 16,14.797,43.073,"On 12 January 2024, at around 2:30 am Sanaa time, US forces conducted strikes on a Houthi military camp in Al Hudaydah - Kilu 16 (Ad Durayhimi). 1 fatality coded to this event. This was part of a joint US-UK operation that day that struck over 60 Houthi targets in at least 18 locations (16 claimed by the US + 2 claimed by the UK) that included command and control nodes, munitions depots, launching systems, production facilities, and air defense radar systems. US Navy used fighter jets from aircraft carrier USS Dwight D. Eisenhower and Tomahawk missiles from surface warships and a submarine, and US Air Force used additional fighter jets. Houthi forces reported a total of 73 raids that resulted in 8 fatalities and at least 3 injuries. 8 fatalities split between 18 events.",1,False,False
YEM84859,2024-01-22,Explosions/Remote violence,Air/drone strike,Military Forces of the United States (2021-2025),Military Forces of Yemen (2017-) Houthi,Al Hudaydah - Kilu 16,14.797,43.073,"On 22 January 2024, at around 11:59 pm Sanaa time, US Navy forces conducted 3 strikes on a Houthi site in Al Hudaydah - Kilu 16 (Ad Durayhimi). Casualties unknown. This was part of a joint US-UK operation that day that struck 8 Houthi targets that included missile systems and launchers, air defense systems, radars, and weapons storage facilities. Houthi forces reported a total of 18 raids. US Navy used fighter jets from aircraft carrier USS Dwight D. Eisenhower and Tomahawk missiles from destroyers USS Gravely and USS Mason and from cruiser USS Philippine Sea.",0,False,False
YEM84994,2024-02-01,Strategic developments,Disrupted weapons use,Military Forces of the United States (2021-2025),Military Forces of Yemen (2017-) Houthi,Al Hudaydah - Kilu 16,14.797,43.073,"Interception: On 1 February 2024, around 1:30 am Sanaa time, US Navy F/A-18 fighter jets launched 7 strikes/raids targeting 10 Houthi one-way drones and a Houthi drone ground control station in Al Hudaydah - Kilu 16 (Ad Durayhimi) and Al Jabanah Coastal Defence Camp (Bajil) (Al Hudaydah). The drones were struck as they presented an imminent threat to shipping.",0,False,False
YEM85222,2024-02-05,Strategic developments,Disrupted weapons use,Military Forces of the United States (2021-2025),Military Forces of Yemen (2017-) Houthi,Al Hudaydah - Naval College,14.809,42.927,"Interception: On 5 February 2024, at around 3:30 pm Sanaa time, US forces conducted several raids/strikes to intercept 2 Houthi explosive USVs by Al Hudaydah - Naval College (Al Mina). CENTCOM claimed that the UAVs were struck as they presented an imminent threat to shipping.",0,False,False
YEM97453,2025-03-20,Explosions/Remote violence,Air/drone strike,Military Forces of the United States (2025-),Military Forces of Yemen (2017-) Houthi,Al Hudaydah - Naval College,14.809,42.927,"On 20 March 2025, US forces conducted at least 5 airstrikes targeting the Houthi-controlled naval base and naval college in Al Hudaydah - Naval College and Al Katib (Al Mina, Al Hudaydah), injuring 8 senior Houthi naval commanders, including Mansur al Sadi, also known as 'Abu Sajjad', who is alledged to be the mastermind behind Houthi attacks in the Red Sea. Some sources reported his death in a hospital in Sanaa later, but this was not confirmed by the Houthis. The strikes also targeted tunnels housing drones launch pads, 3 trucks used to launch drones, a mobile radar vehicle, and underground military infrastructure. Sources reported at least 50 Houthi fatalities and at least 200 injuries in US strikes across Al Hudaydah governorate between 17 and 21 March. 50 fatalities split across 9 events. 5 fatalities coded to this location.",5,False,False
YEM97750,2025-03-24,Explosions/Remote violence,Air/drone strike,Military Forces of the United States (2025-),Military Forces of Yemen (2017-) Houthi,Al Hudaydah - Naval College,14.809,42.927,"On 23 March 2025, US forces conducted an unspecified number of airstrikes targeting the Houthi-controlled naval base at the Al Hudaydah - Naval College (Al Mina, Al Hudaydah). Casualties unknown.",0,False,False
YEM98848,2025-04-22,Explosions/Remote violence,Air/drone strike,Military Forces of the United States (2025-),Military Forces of Yemen (2017-) Houthi,Al Hudaydah - Naval College,14.809,42.927,"On 19 April 2025, US forces conducted 13 strikes on Houthi military sites and depots in the vicinity of Al Hudaydah - Port (Al Hali), Al Hudaydah - Al Hudaydah International Airport (Al Hawak), and the naval base in the vicinity of Al Hudaydah - Naval College (Al Mina) (Al Hudaydah). Casualties unknown.",0,False,False
YEM98919,2025-04-23,Explosions/Remote violence,Air/drone strike,Military Forces of the United States (2025-),Military Forces of Yemen (2017-) Houthi,Al Hudaydah - Naval College,14.809,42.927,"On 23 April 2025, US forces conducted 6 airstrikes targeting Houthi positions at frontlines in Ghuwarraq, Al Fazzah, and Al Jabaliyah areas (At Tuhayat), 5 airstrikes targeting Houthi weapon storage depots and camps at Al Hudaydah - Al Hudaydah International Airport (Al Hawak), a number of airstrikes targeting Kamaran island (Kamaran), 2 airstrikes targeting As Salif Port (As Salif), an unspecified number of strikes targeting the naval base and coastal defense camp in the vicinity of Al Hudaydah - Naval College (Al Mina) (Al Hudaydah) (Al Mina), and a number of strikes targeting Al Hudaydah city and its environs (Al Hudaydah). Casualties unknown.",0,False,False
YEM102820,2024-01-15,Explosions/Remote violence,Air/drone strike,Military Forces of the United States (2021-2025),Military Forces of Yemen (2017-) Houthi,Al Hudaydah - Port,14.836,42.938,"On 13 January 2024, suspected US forces conducted strikes on a Houthi naval base northwest of Al Hudaydah - Port (Al Hali). Casualties unknown. This was a follow-on action on a military target associated with a joint US-UK operation the day prior that struck over 60 Houthi targets in at least 18 locations (16 claimed by the US + 2 claimed by the UK). USCENTCOM did not claim the attack.",0,False,False
YEM103940,2025-01-10,Strategic developments,Other,Military Forces of Yemen (2017-) Houthi,nan,Al Hudaydah - Port,14.836,42.938,"Other: On 10 January 2025, suspected Houthi forces received 4 large boats, each carrying an estimated 50-70 tons of cargo of suspected weapon shipments at Al-Tina Island, to the north of the Al Hudaydah - Port (Al Hali, Al Hudaydah). Fishermen were not allowed to dock during this time period. A number of small trucks were seen entering the island that evening.",0,False,False
YEM98846,2025-04-22,Explosions/Remote violence,Air/drone strike,Military Forces of the United States (2025-),Military Forces of Yemen (2017-) Houthi,Al Hudaydah - Port,14.836,42.938,"On 19 April 2025, US forces conducted 13 strikes on Houthi military sites and depots in the vicinity of Al Hudaydah - Port (Al Hali), Al Hudaydah - Al Hudaydah International Airport (Al Hawak), and the naval base in the vicinity of Al Hudaydah - Naval College (Al Mina) (Al Hudaydah). Casualties unknown.",0,False,False
YEM100779,2025-06-10,Explosions/Remote violence,Shelling/artillery/missile attack,Military Forces of Israel (2022-),Military Forces of Yemen (2017-) Houthi,Al Hudaydah - Port,14.836,42.938,"On 10 June 2025, Israeli warships, including a Sa'ar 6-class corvette, stationed in the North Red Sea fired two long-range guided missiles at Al Hudaydah - Port (Al Hali, Al Hudaydah). The Israeli military claimed that the attack targeted unspecified Houthi targets at the port. The first strike targeted near Berth 4 in the port, causing minimal damage, while the second strike damaged a bridge near the shipyard workshop. The strikes resulted in the killing of 1 truck driver and the injury of 5 port workers. This was the first Israeli attack on Yemen to be conducted by the navy, as the Air Force conducted all previous attacks.",1,False,False
YEM101752,2025-07-07,Explosions/Remote violence,Air/drone strike,Military Forces of Israel (2022-),Military Forces of Yemen (2017-) Houthi,Al Hudaydah - Port,14.836,42.938,"On 6 July 2025, Israeli forces conducted around 60 strikes, using approximately 20 fighter jets and over 50 munitions, on Houthi targets in As Salif Port, Ras Isa port (As Salif, Al Hudaydah), Al Hudaydah - Port (Al Hali, Al Hudaydah), and Ras al Katib power station (Al Mina, Al Hudaydah). At Al Hudaydah port, strikes targeted berths 4, 5, and 6, improvised concrete piers, a shipyard workshop, and hangars and warehouses belonging to the Red Sea Ports Authority and the Customs Authority. The strikes resulted in extensive destruction to 4 piers at the port. The resumption of the strikes comes in response to continued Houthi attacks against Israel, according to Israeli sources. Casualties unknown.",0,False,False
YEM105196,2025-07-21,Explosions/Remote violence,Air/drone strike,Military Forces of Israel (2022-),Military Forces of Yemen (2017-) Houthi,Al Hudaydah - Port,14.836,42.938,"On 21 July 2025, Israeli forces conducted drone strikes on suspected Houthi targets in Al Hudaydah - Port (Al Hali, Al Hudaydah). The targets were Iranian-smuggled weapons, fuel containers, engineering vehicles working to restore port infrastructure, and naval vessels used for military purposes. The strikes also targeted a Houthi military patrol boat departing the port on a routine mission, killing 7 members of the Houthi special naval forces.",7,False,False
YEM107375,2025-09-16,Explosions/Remote violence,Air/drone strike,Military Forces of Israel (2022-),Military Forces of Yemen (2017-) Houthi,Al Hudaydah - Port,14.836,42.938,"On 16 September 2025, Israeli forces conducted 12 drone strikes on 3 recently reconstructed piers at Al Hudaydah - Port (Al Hali, Al Hudaydah). Israel claimed that the strikes targeted military infrastructure that facilitated the Houthis' import of weapons and in response to repeated attacks led by the Houthis against Israel. The IDF called on all those present in the port and the ships docked there to evacuate before the strikes. There were no causalities.",0,False,False
YEM87898,2024-05-23,Explosions/Remote violence,Air/drone strike,Military Forces of the United States (2021-2025),Military Forces of Yemen (2017-) Houthi,Al Hudaydah - Shari ad Durayhimi,14.771,42.955,"On 23 May 2024, suspected US forces conducted strikes on Houthi forces in the house of former Vice President Ali Mohsen Al Ahmar in Al Hudaydah - Shari ad Durayhimi (Al Hawak) and in the house of former President Ali Abdullah Saleh killing and injuring between 7 and 10 Houthi fighters. Fatalities coded as 3 (conservative half of 7) and split between 2 locations. Sources claimed that the buildings housed Houthi leaders and military experts. US forces did not claim the strike. Some sources indicated that the strike was carried out by an aircraft and others by a warship.",3,False,False
YEM88140,2024-05-30,Explosions/Remote violence,Air/drone strike,Military Forces of the United Kingdom (2010-2024),Military Forces of Yemen (2017-) Houthi,Al Hudaydah - Shari ad Durayhimi,14.771,42.955,"On 30 May 2024, in the late evening, UK Royal Air Force forces conducted 2 raids/strikes with Typhoon jets on Houthi drone ground control facilities and/or facilities housing long range drones and surface-to-air missiles in the house of deceased president Ali Abdullah Saleh and former vice president Ali Mohsen in Al Hudaydah - Shari ad Durayhimi (Al Hawak). There were no fatalities or injuries. This was part of a joint US-UK operation that day (the fifth since January 2024) that struck Houthi targets at 7 locations that included drone control facilities, drone storage facilities, surface-to-air weapons facilities, command and control facilities, missile launchers, and a Houthi vessel. Houthi forces reported a total of 13 raids that resulted in 16 fatalities and 42 injuries including civilians noting that all fatalities and most of the injuries took place at Al Hudaydah radio tower building and in As Salif port in Al Hudaydah while 1 injury took place in Sanaa city.",0,False,False
YEM98915,2025-04-23,Explosions/Remote violence,Air/drone strike,Military Forces of the United States (2025-),Military Forces of Yemen (2017-) Houthi,Al Jabaliyah,14.072,43.159,"On 23 April 2025, US forces conducted 6 airstrikes targeting Houthi positions at frontlines in Ghuwarraq, Al Fazzah, and Al Jabaliyah areas (At Tuhayat), 5 airstrikes targeting Houthi weapon storage depots and camps at Al Hudaydah - Al Hudaydah International Airport (Al Hawak), a number of airstrikes targeting Kamaran island (Kamaran), 2 airstrikes targeting As Salif Port (As Salif), an unspecified number of strikes targeting the naval base and coastal defense camp in the vicinity of Al Hudaydah - Naval College (Al Mina) (Al Hudaydah) (Al Mina), and a number of strikes targeting Al Hudaydah city and its environs (Al Hudaydah). Casualties unknown.",0,False,False
YEM85299,2024-02-09,Strategic developments,Disrupted weapons use,Military Forces of the United States (2021-2025),Military Forces of Yemen (2017-) Houthi,Al Jabanah,14.929,42.946,"Interception: On 9 February 2024, US forces conducted 2 raids/strikes to intercept Houthi mobile USVs and/or mobile cruise missiles in Al Jabanah (Bajil, Al Hudaydah). The USVs/missiles were struck as they were prepared to launch against ships in the Red Sea with CENTCOM claiming that they presented an imminent threat to shipping. CENTCOM claimed the destruction of 2 USVs, 4 anti-ship cruise missiles, and 1 land attack cruise missile between 3:00 am and 9:40 pm Sanaa time that day without providing locations while Houthi sources reported raids on 3 separate locations.",0,False,False
YEM85450,2024-02-14,Explosions/Remote violence,Air/drone strike,Military Forces of the United States (2021-2025),Military Forces of Yemen (2017-) Houthi,Al Jabanah,14.929,42.946,"On 14 February 2024, US forces conducted raids/strikes to destroy 7 Houthi mobile cruise missiles, 3 mobile UAVs and, 1 USV or drone boat across in Houthi-controlled territories in Yemen, including 1 airstrike in Al Jabanah (Bajil, Al Hudaydah), 2 airstrikes in Al Jah (Bayt Al Faqiah, Al Hudaydah), 3 airstrikes in Ras Isa (in Dabarah) (As Salif, Al Hudaydah), and 1 airstrike in Aqabat Thirah front (Lawdar, Al Bayda), killing 2 persons (unclear if Houthi fighters or civilians) and injuring 9 others. Total fatalities split across 4 events. 1 fatality coded to this location. The missiles/UAVs/USV were struck as they were prepared to launch against ships in the Red Sea with CENTCOM claiming that they presented an imminent threat to shipping. CENTCOM claimed the destruction of 7 Houthi mobile anti-ship cruise missiles, 3 mobile UAVs, and 1 explosive USV between 1:00 and 7:30 pm Sanaa time that day without providing locations while Houthi and other sources reported raids on 4 separate locations.",1,False,False
YEM85434,2024-02-15,Strategic developments,Disrupted weapons use,Military Forces of the United States (2021-2025),Military Forces of Yemen (2017-) Houthi,Al Jabanah,14.929,42.946,"Interception: On 15 February 2024, US forces conducted 2 raids/strikes to intercept Houthi mobile anti-ship cruise missiles in Al Jabanah (Bajil, Al Hudaydah). The missiles/UAVs/USV were struck as they were prepared to launch against ships in the Red Sea with CENTCOM claiming that they presented an imminent threat to shipping. CENTCOM claimed the destruction of 3 mobile anti-ship cruise missiles between 3:00 and 8:00 pm Sanaa time that day without providing locations while Houthi sources reported raids on 2 separate locations.",0,False,False
YEM85370,2024-02-16,Explosions/Remote violence,Air/drone strike,Military Forces of the United States (2021-2025),Military Forces of Yemen (2017-) Houthi,Al Jabanah,14.929,42.946,"On 16 February 2024, US forces conducted 2 strikes to intercept mobile missiles and/or mobile USVs in Al Jabanah (Bajil, Al Hudaydah). CENTCOM claimed that they presented an imminent threat to shipping. CENTCOM claimed the destruction of 1 Houthi mobile anti-ship cruise missile and 1 mobile USV between 1:40 pm and 6:45 pm Sanaa time that day without providing locations while Houthi sources reported raids on 6 separate locations, injuring 6 people.",0,False,False
YEM85627,2024-02-19,Strategic developments,Disrupted weapons use,Military Forces of the United States (2021-2025),Military Forces of Yemen (2017-) Houthi,Al Jabanah,14.929,42.946,"Interception: On 19 February 2024, at around 5:00 pm Sanaa time, US forces conducted 1 raid/strike to intercept 1 Houthi surface-to-air missile launcher in Al Jabanah (Bajil, Al Hudaydah). CENTCOM claimed that it presented an imminent threat to shipping.",0,False,False
YEM85659,2024-02-21,Strategic developments,Disrupted weapons use,Military Forces of the United States (2021-2025),Military Forces of Yemen (2017-) Houthi,Al Jabanah,14.929,42.946,"Interception: On 21 February 2024, US forces conducted 2 raids/strikes to intercept Houthi mobile anti-ship cruise missiles and/or mobile anti-ship ballistic missile launcher in Al Jabanah (Bajil, Al Hudaydah). The missiles were struck as they were prepared to launch against ships in the Red Sea with CENTCOM claiming that they presented an imminent threat to shipping. CENTCOM claimed the destruction of 7 Houthi mobile anti-ship cruise missiles and 1 mobile anti-ship ballistic missile launcher between 12:00 am and 6:45 pm Sanaa time that day without providing locations while Houthi sources reported raids on 3 separate locations.",0,False,False
YEM85671,2024-02-22,Strategic developments,Disrupted weapons use,Military Forces of the United States (2021-2025),Military Forces of Yemen (2017-) Houthi,Al Jabanah,14.929,42.946,"Interception: On 22 February 2024, US forces conducted 4 raids/strikes to intercept Houthi UAVs and anti-ship cruise missiles in Al Jabanah (Bajil, Al Hudaydah). The UAVs/missiles were struck as they were prepared to launch against ships in the Red Sea with CENTCOM claiming that they presented an imminent threat to shipping. CENTCOM claimed the destruction of 4 Houthi UAVs and 2 mobile anti-ship cruise missiles at around 5:00 pm Sanaa time that day without providing locations while Houthi sources reported raids in 1 location.",0,False,False
YEM85998,2024-03-05,Strategic developments,Disrupted weapons use,Military Forces of the United States (2021-2025),Military Forces of Yemen (2017-) Houthi,Al Jabanah,14.929,42.946,"Interception: On 5 March 2024, US forces conducted 3 raids/strikes to intercept Houthi mobile anti-ship missiles and/or drone boats in Al Jabanah (Bajil, Al Hudaydah). The missiles/drone boats were struck as CENTCOM claimed that they presented an imminent threat to shipping. CENTCOM claimed the destruction of 3 Houthi mobile anti-ship missiles and 3 drone boats between 8:45 pm and 9:40 pm Sanaa time that day while Houthi sources reported raids on 2 separate locations.",0,False,False
YEM86023,2024-03-07,Strategic developments,Disrupted weapons use,Military Forces of the United States (2021-2025),Military Forces of Yemen (2017-) Houthi,Al Jabanah,14.929,42.946,"Interception: On 7 March 2024, US forces conducted 1 strike to intercept Houthi mobile anti-ship cruise missiles and/or drones in Al Jabanah (Bajil, Al Hudaydah). The missiles/drones were struck as CENTCOM claimed that they presented an imminent threat to shipping. CENTCOM claimed the destruction of 4 Houthi mobile anti-ship cruise missiles and 1 drone between 3:35 pm and 4:55 pm Sanaa time that day without providing locations while Houthi sources reported raids on 2 separate locations.",0,False,False
YEM86150,2024-03-11,Strategic developments,Disrupted weapons use,Military Forces of the United States (2021-2025),Military Forces of Yemen (2017-) Houthi,Al Jabanah,14.929,42.946,"Interception: On 11 March 2024, US forces conducted 3 strikes to intercept 1 unmanned underwater vessel and/or anti-ship missiles in Al Jabanah (Bajil, Al Hudaydah). CENTCOM claimed that they presented an imminent threat to shipping. CENTCOM claimed the destruction of 1 Houthi unmanned underwater vessel and 18 anti-ship missiles between 2:50 pm and 11:30 pm Sanaa time that day without providing locations while Houthi sources reported raids on 5 separate locations in Al Hudaydah and Sadah governorates.",0,False,False
YEM86441,2024-03-18,Explosions/Remote violence,Air/drone strike,Military Forces of the United States (2021-2025),Military Forces of Yemen (2017-) Houthi,Al Jabanah,14.929,42.946,"On 18 March 2024, US forces conducted 6 raids/strikes to destroy Houthi anti-ship missiles and/or drones, and/or to destroy weapons storage containers in Al Jabanah (Bajil, Al Hudaydah). Casualties unknown. CENTCOM claimed that they presented an imminent threat to shipping. CENTCOM claimed the destruction of 7 anti-ship missiles, 3 drones, and 3 weapons storage containers between 1:00 pm and 7:40 pm Sanaa time that day without providing locations while Houthi sources reported raids on 2 separate locations in Al Hudaydah governorate.",0,False,False
YEM86904,2024-04-10,Strategic developments,Disrupted weapons use,Military Forces of the United States (2021-2025),Military Forces of Yemen (2017-) Houthi,Al Jabanah,14.929,42.946,"Interception: On 10 April 2024, between 7:50 pm and 8:00 pm Sanaa time, US forces conducted 4 raids/strikes to intercept Houthi drones in Al Jabanah (Bajil, Al Hudaydah). CENTCOM claimed that they presented an imminent threat to shipping. CENTCOM claimed the destruction of 8 Houthi drones between 7:50 pm and 8:00 pm Sanaa time that day without providing locations while Houthi sources reported raids on 2 separate locations in Al Hudaydah governorate.",0,False,False
YEM88149,2024-05-28,Strategic developments,Disrupted weapons use,Military Forces of the United States (2021-2025),Military Forces of Yemen (2017-) Houthi,Al Jabanah,14.929,42.946,"Interception: On 28 May 2024, at around 8:40 pm Sanaa time, US forces conducted strikes to intercept 2 Houthi missile launchers in Al Jabanah (Bajil, Al Hudaydah). CENTCOM claimed that they presented an imminent threat to shipping. CENTCOM claimed the destruction of 2 Houthi missile launchers without providing locations while Houthi sources reported 2 raids on Al Jabanah.",0,False,False
YEM88150,2024-06-10,Strategic developments,Disrupted weapons use,Military Forces of the United States (2021-2025),Military Forces of Yemen (2017-) Houthi,Al Jabanah,14.929,42.946,"Interception: On 9 June 2024, in the afternoon, US forces conducted 3 raids/strikes to intercept 2 Houthi land attack cruise missiles and on 1 Houthi missile launcher in Al Jabanah (Bajil, Al Hudaydah). CENTCOM claimed that they presented an imminent threat to shipping. CENTCOM claimed the destruction of 2 Houthi land attack cruise missiles and 1 Houthi missile launcher without providing locations while Houthi sources reported 3 raids on Al Jabanah.",0,False,False
YEM88151,2024-06-12,Explosions/Remote violence,Air/drone strike,Military Forces of the United States (2021-2025),Military Forces of Yemen (2017-) Houthi,Al Jabanah,14.929,42.946,"On 12 June 2024, in the evening, US forces conducted 1 strike on Houthi anti-ship cruise missile launchers in Al Jabanah (Bajil, Al Hudaydah). Casualties unknown. CENTCOM claimed that they presented an imminent threat to shipping. This took place as Houthi forces claimed a joint operation with the Islamic Resistance in Iraq targeting the city of Ashdod in Israel with cruise missiles. CENTCOM claimed the destruction of 3 anti-ship cruise missile launchers without providing locations while Houthi sources reported 3 raids on 2 different locations in Al Hudaydah governorate.",0,False,False
YEM90650,2024-08-08,Explosions/Remote violence,Air/drone strike,Military Forces of the United States (2021-2025),Military Forces of Yemen (2017-) Houthi,Al Jabanah,14.929,42.946,"On 8 August 2024, at an unspecified time, US forces conducted strikes to destroy 1 Houthi ground control station in Al Jabanah (Bajil, Al Hudaydah). Casualties unknown. CENTCOM claimed the destruction of 1 Houthi ground control station as well as 2 Houthi anti-ship cruise missiles that day without providing locations while Houthi sources reported 2 raids on Al Jabanah.",0,False,False
YEM90651,2024-08-08,Strategic developments,Disrupted weapons use,Military Forces of the United States (2021-2025),Military Forces of Yemen (2017-) Houthi,Al Jabanah,14.929,42.946,"Interception: On 8 August 2024, at an unspecified time, US forces conducted raids/strikes to intercept 2 Houthi anti-ship cruise missiles in Al Jabanah (Bajil, Al Hudaydah). CENTCOM claimed that they presented an imminent threat to shipping. CENTCOM claimed the destruction of 2 Houthi anti-ship cruise missiles as well as 1 Houthi ground control station that day without providing locations while Houthi sources reported 2 raids on Al Jabanah.",0,False,False
YEM91770,2024-09-09,Explosions/Remote violence,Air/drone strike,Military Forces of the United States (2021-2025),Military Forces of Yemen (2017-) Houthi,Al Jabanah,14.929,42.946,"On 9 September 2024, at an unspecified time, US forces (whether warships or aircrafts unspecified) conducted strikes and destroyed 2 Houthi missile systems and 1 support vehicle in Al Jabanah (Bajil, Al Hudaydah). Casualties unknown. CENTCOM claimed the destruction of 2 Houthi missile systems and 1 support vehicle that day without providing locations while Houthi forces claimed that US forces conducted 1 raid on Al Jabanah.",0,False,False
YEM84786,2024-01-19,Strategic developments,Disrupted weapons use,Military Forces of the United States (2021-2025),Military Forces of Yemen (2017-) Houthi,Al Jabanah Coastal Defence Camp,14.967,42.943,"Interception: On 19 January 2024, at 6:45 pm Sanaa time, US Navy forces conducted 2 strikes with F/A-18 Super Hornet fighters jets from aircraft carrier USS Eisenhower to intercept 3 Houthi anti-ship missiles in Al Jabanah Coastal Defence Camp (Bajil, Al Hudaydah). The missiles were struck as they were aimed into the South Red Sea and were prepared to launch.",0,False,False
YEM85167,2024-02-01,Strategic developments,Disrupted weapons use,Military Forces of the United States (2021-2025),Military Forces of Yemen (2017-) Houthi,Al Jabanah Coastal Defence Camp,14.967,42.943,"Interception: On 1 February 2024, around 1:30 am Sanaa time, US Navy F/A-18 fighter jets launched 7 strikes/raids targeting 10 Houthi one-way drones and a Houthi drone ground control station in Al Hudaydah - Kilu 16 (Ad Durayhimi) and Al Jabanah Coastal Defence Camp (Bajil) (Al Hudaydah). The drones were struck as they presented an imminent threat to shipping.",0,False,False
YEM106677,2025-08-18,Strategic developments,Change to group/activity,Military Forces of Yemen (2017-) Houthi,nan,Al Jabin,14.704,43.599,"Movement of forces: Around 16 August 2025 (as reported), Houthi forces transferred missiles, launch platforms, drone systems, and guidance equipment to the mountainous regions and regions overlooking the Red Sea and Strait of Bab el Mandeb of the governorates of Raymah (coded to governorate capital Al Jabin) (Al Jabin), Dhamar (coded to governorate capital Dhamar) (Dhamar City), Al Mahwit (coded to governorate capital Al Mahwit) (Al Mahwait City), Ibb (coded to governorate capital Ibb) (Al Mashannah), and Taizz (coded to governorate capital Taizz).",0,False,False
YEM84382,2024-01-02,Strategic developments,Change to group/activity,Military Forces of Yemen (2017-) Houthi,nan,Al Jah,14.283,43.067,"Movement of forces: On 1 January 2024, Houthi forces redeployed its missiles from Abs district in Hajjah to new positions in Bayt Al Faqiah district (coded to Bayt al Faqih) including Al Jah, in At Tuhayat district (coded to At Tuhayta), and in Ad Durayhimi district (Al Hudaydah). This came amid information on the possibility of US and UK strikes on Houthi forces following Houthi operations in the Red Sea.",0,False,False
YEM85451,2024-02-14,Explosions/Remote violence,Air/drone strike,Military Forces of the United States (2021-2025),Military Forces of Yemen (2017-) Houthi,Al Jah,14.283,43.067,"On 14 February 2024, US forces conducted raids/strikes to destroy 7 Houthi mobile cruise missiles, 3 mobile UAVs and, 1 USV or drone boat across in Houthi-controlled territories in Yemen, including 1 airstrike in Al Jabanah (Bajil, Al Hudaydah), 2 airstrikes in Al Jah (Bayt Al Faqiah, Al Hudaydah), 3 airstrikes in Ras Isa (in Dabarah) (As Salif, Al Hudaydah), and 1 airstrike in Aqabat Thirah front (Lawdar, Al Bayda), killing 2 persons (unclear if Houthi fighters or civilians) and injuring 9 others. Total fatalities split across 4 events. 1 fatality coded to this location. The missiles/UAVs/USV were struck as they were prepared to launch against ships in the Red Sea with CENTCOM claiming that they presented an imminent threat to shipping. CENTCOM claimed the destruction of 7 Houthi mobile anti-ship cruise missiles, 3 mobile UAVs, and 1 explosive USV between 1:00 and 7:30 pm Sanaa time that day without providing locations while Houthi and other sources reported raids on 4 separate locations.",1,False,False
YEM85435,2024-02-15,Explosions/Remote violence,Air/drone strike,Military Forces of the United States (2021-2025),Military Forces of Yemen (2017-) Houthi,Al Jah,14.283,43.067,"On 15 February 2024, US forces conducted 1 strike to intercept Houthi mobile anti-ship cruise missiles in Al Jah (Bayt Al Faqiah, Al Hudaydah), injuring 3 people. The missiles/UAVs/USV were struck as they were prepared to launch against ships in the Red Sea with CENTCOM claiming that they presented an imminent threat to shipping. CENTCOM claimed the destruction of 3 mobile anti-ship cruise missiles between 3:00 and 8:00 pm Sanaa time that day without providing locations while Houthi sources reported raids on 2 separate locations.",0,False,False
YEM85372,2024-02-16,Explosions/Remote violence,Air/drone strike,Military Forces of the United States (2021-2025),Military Forces of Yemen (2017-) Houthi,Al Jah,14.283,43.067,"On 16 February 2024, US forces conducted 1 strike to intercept mobile missiles and/or mobile USVs in Al Jah (Bayt Al Faqiah, Al Hudaydah). CENTCOM claimed that they presented an imminent threat to shipping. CENTCOM claimed the destruction of 1 Houthi mobile anti-ship cruise missile and 1 mobile USV between 1:40 pm and 6:45 pm Sanaa time that day without providing locations while Houthi sources reported raids on 6 separate locations, injuring 6 people.",0,False,False
YEM85597,2024-02-19,Explosions/Remote violence,Air/drone strike,Military Forces of the United States (2021-2025),Military Forces of Yemen (2017-) Houthi,Al Jah,14.283,43.067,"On 17 February 2024, US forces conducted 1 strike to intercept Houthi missiles and/or 1 UUV and/or 1 USV in Al Jah (Bayt Al Faqiah, Al Hudaydah). CENTCOM claimed that they presented an imminent threat to shipping. CENTCOM claimed the destruction of 3 Houthi mobile anti-ship cruise missiles, 1 UUV, and 1 USV between 3:00 pm and 8:00 pm Sanaa time that day without providing locations while Houthi sources reported raids on 4 separate locations in Al Hudaydah, injuring 1 person.",0,False,False
YEM102386,2024-02-29,Strategic developments,Disrupted weapons use,Military Forces of the United States (2021-2025),Military Forces of Yemen (2017-) Houthi,Al Jah,14.283,43.067,"Interception: On 29 February 2024, US forces conducted 2 raids/strikes to intercept Houthi mobile anti-ship cruise missiles in At Tawr village (coded to Al Jah) (Bayt Al Faqiah, Al Hudaydah). The missiles were struck as they were prepared to launch against ships in the Red Sea with CENTCOM claiming that they presented an imminent threat to shipping. CENTCOM claimed the destruction of 6 Houthi mobile anti-ship cruise missiles between 6:00 pm and 7:15 pm Sanaa time that day without providing locations while Houthi sources reported raids on 3 separate locations.",0,False,False
YEM86175,2024-03-14,Strategic developments,Disrupted weapons use,Military Forces of the United States (2021-2025),Military Forces of Yemen (2017-) Houthi,Al Jah,14.283,43.067,"Interception: On 14 March 2024, US forces conducted 4 raids/strikes to intercept Houthi anti-ship missiles and/or drones in Al Jah (Bayt Al Faqiah, Al Hudaydah). CENTCOM claimed that they presented an imminent threat to shipping. CENTCOM claimed the destruction of 9 Houthi mobile anti-ship missiles and 2 drones that day without providing locations while Houthi sources reported raids on 5 separate locations in Al Hudaydah and Hajjah governorates.",0,False,False
YEM92975,2024-10-25,Explosions/Remote violence,Air/drone strike,Military Forces of the United States (2021-2025),Military Forces of Yemen (2017-) Houthi,Al Jah,14.283,43.067,"On 25 October 2024, suspected US forces (unclear whether warship or aircraft unspecified) conducted 8 strikes targeting Houthi military sites in Al Jah (Bayt Al Faqiah) and At Tawr area in At Tuhayta district (coded to Al Jah) (Bayt Al Faqiah, Al Hudaydah). Casualties unknown. CENTCOM claimed responsibility without specifying exact date or location.",0,False,False
YEM92976,2024-10-25,Explosions/Remote violence,Air/drone strike,Military Forces of the United States (2021-2025),Military Forces of Yemen (2017-) Houthi,Al Jah,14.283,43.067,"On 25 October 2024, suspected US forces (unclear whether warship or aircraft unspecified) conducted 8 strikes targeting Houthi military sites in Al Jah (Bayt Al Faqiah) and At Tawr area in At Tuhayta district (coded to Al Jah) (Bayt Al Faqiah, Al Hudaydah). Casualties unknown. CENTCOM claimed responsibility without specifying exact date or location.",0,False,False
YEM84651,2024-01-12,Explosions/Remote violence,Air/drone strike,Military Forces of the United States (2021-2025),Military Forces of Yemen (2017-) Houthi,Al Janad,13.668,44.167,"On 12 January 2024, at around 2:30 am Sanaa time, US forces conducted strikes on the Houthi 22nd Brigade camp in Al Janad (At Taiziyah, Taizz). 1 fatality coded to this event. This was part of a joint US-UK operation that day that struck over 60 Houthi targets in at least 18 locations (16 claimed by the US + 2 claimed by the UK) that included command and control nodes, munitions depots, launching systems, production facilities, and air defense radar systems. US Navy used fighter jets from aircraft carrier USS Dwight D. Eisenhower and Tomahawk missiles from surface warships and a submarine, and US Air Force used additional fighter jets. Houthi forces reported a total of 73 raids that resulted in 8 fatalities and at least 3 injuries. 8 fatalities split between 18 events.",1,False,False
YEM84867,2024-01-22,Explosions/Remote violence,Air/drone strike,Military Forces of the United States (2021-2025),Military Forces of Yemen (2017-) Houthi,Al Janad,13.668,44.167,"On 22 January 2024, at around 11:59 pm Sanaa time, US Navy forces conducted 1 strike on a Houthi site in Al Janad (At Taiziyah, Taizz). Casualties unknown. This was part of a joint US-UK operation that day that struck 8 Houthi targets that included missile systems and launchers, air defense systems, radars, and weapons storage facilities. Houthi forces reported a total of 18 raids. US Navy used fighter jets from aircraft carrier USS Dwight D. Eisenhower and Tomahawk missiles from destroyers USS Gravely and USS Mason and from cruiser USS Philippine Sea.",0,False,False
YEM91778,2024-09-10,Explosions/Remote violence,Air/drone strike,Military Forces of the United States (2021-2025),Military Forces of Yemen (2017-) Houthi,Al Janad,13.668,44.167,"On 10 September 2024, at an unspecified time, US forces (whether warships or aircrafts unspecified) conducted 1 strike targeting 5 Houthi drones and 2 missile systems in the Houthi military camp in Al Janad (At Taiziyah, Taizz). CENTCOM claimed the destruction of 5 Houthi drones and 2 Houthi missile systems that day without providing locations, while Houthi sources reported 3 raids in Taizz governorate, including 2 airstrikes on Al Kanb (Al Kamb) and 1 strike on Al Janad. Casualties unknown. The camp has been used by the group as a base for operations, particularly for targeting navigation in the Red Sea. The explosion caused by the strike rocked the area near Aisha Girls' School close to the camp, panicking the students and causing a stamped, collapsing the school barrier, leading to the death of two students and the injury of five others.",0,False,False
YEM84995,2024-02-02,Explosions/Remote violence,Air/drone strike,Military Forces of the United States (2021-2025),Military Forces of Yemen (2017-) Houthi,Al Jarr,16.057,43.062,"On 2 February 2024, at around 4:40 pm Sanaa time, US forces conducted 7 strikes/raids to intercept 4 Houthi UAVs in Al Jarr (Abs, Hajjah) injuring 1 farmer. The UAVs were struck as they were prepared to launch. CENTCOM claimed that they presented an imminent threat to shipping.",0,False,False
YEM85625,2024-02-19,Strategic developments,Disrupted weapons use,Military Forces of the United States (2021-2025),Military Forces of Yemen (2017-) Houthi,Al Kadan,15.249,43.256,"Interception: On 19 February 2024, at around 8:15 pm Sanaa time, US forces conducted 1 strike to intercept 1 Houthi one-way attack UAV on Sardud farm in Al Kadan (Ad Dahi, Al Hudaydah). The UAV was struck as it was prepared to launch against ships in the Red Sea with CENTCOM claiming that it presented an imminent threat to shipping.",0,False,False
YEM92801,2024-10-16,Explosions/Remote violence,Air/drone strike,Military Forces of the United States (2021-2025),Military Forces of Yemen (2017-) Houthi,Al Kahlan,16.936,43.779,"On 16 October 2024, overnight, US forces conducted 9 airstrikes targeting underground Houthi weapons storage facilities in Al Kahlan (As Safra) and Al Ablah area (coded to governorate capital Sadah) (Saadah) (Sadah) to degrade their ability to target commercial and military ships in the Red Sea. Casualties unknown. CENTCOM did not specify the exact date of the airstrikes. CENTCOM also claimed to have used B-2 Spirit long-range stealth bombers to launch at least some of the airstrikes, for the first time in Yemen. National corresponding reports claimed strikes in 3 governorates Sanna, Amanat al Asimah, and Sadah.",0,False,False
YEM91779,2024-09-10,Explosions/Remote violence,Air/drone strike,Military Forces of the United States (2021-2025),Military Forces of Yemen (2017-) Houthi,Al Kamb,13.513,43.726,"On 10 September 2024, at an unspecified time, US forces (whether warships or aircrafts unspecified) conducted 2 airstrikes targeting 5 Houthi drones and 2 Houthi missile systems in Al Kamb (Maqbanah, Taiz). Casualties Unknown. CENTCOM claimed the destruction of 5 Houthi drones and 2 Houthi missile systems that day without providing locations, while Houthi sources reported raids 3 raids in Taizz governorate, including 2 airstrikes on Al Kanb (Al Kamb) and 1 strike on Al Janad.",0,False,False
YEM97454,2025-03-20,Explosions/Remote violence,Air/drone strike,Military Forces of the United States (2025-),Military Forces of Yemen (2017-) Houthi,Al Katib,14.818,42.92,"On 20 March 2025, US forces conducted at least 5 airstrikes targeting the Houthi-controlled naval base and naval college in Al Hudaydah - Naval College and Al Katib (Al Mina, Al Hudaydah), injuring 8 senior Houthi naval commanders, including Mansur al Sadi, also known as 'Abu Sajjad', who is alledged to be the mastermind behind Houthi attacks in the Red Sea. Some sources reported his death in a hospital in Sanaa later, but this was not confirmed by the Houthis. The strikes also targeted tunnels housing drones launch pads, 3 trucks used to launch drones, a mobile radar vehicle, and underground military infrastructure. Sources reported at least 50 Houthi fatalities and at least 200 injuries in US strikes across Al Hudaydah governorate between 17 and 21 March. 50 fatalities split across 9 events. 5 fatalities coded to this location.",5,False,False
YEM100536,2025-05-27,Explosions/Remote violence,Remote explosive/landmine/IED,Military Forces of Yemen (2017-) Houthi,Civilians (Yemen),Al Katib,14.818,42.92,"On 24 May 2025, suspected Houthi weapon depots and stored missiles detonated in the vicinity of the Houthi naval base near Al Hudaydah port in Al Katib (Al Mina, Al Hudaydah) killing 1 civilian and injuring 5 others. It is unclear if the explosion was an accident or an intentional act by Israeli or US intelligence services according to some sources, placing the incident in the context of previous US and Israeli strikes in the area.",1,False,False
YEM85570,2024-02-05,Strategic developments,Disrupted weapons use,Military Forces of the United States (2021-2025),Military Forces of Yemen (2017-) Houthi,Al Luhayyah,15.703,42.691,"Interception: On 3 February 2024, at around 7:20 pm Sanaa time, US forces conducted strikes to intercept 6 Houthi anti-ship cruise missiles in the districts of Alluheyah (coded to Al Luhayyah) and Ad Durayhimi (Al Hudaydah). The missiles were struck as they were prepared to launch against ships in the Red Sea. CENTCOM claimed that they presented an imminent threat to shipping.",0,False,False
YEM85183,2024-02-05,Explosions/Remote violence,Air/drone strike,Military Forces of the United States (2021-2025),Military Forces of Yemen (2017-) Houthi,Al Luhayyah,15.703,42.691,"On 3 February 2024, at around 11:30 pm Sanaa time, US Navy forces conducted raids/strikes on Houthi targets in Ad Durayhimi district and Alluheyah district (coded to Al Luhayyah) including in Jabal al Jada (Al Hudaydah). Casualties unknown. This was part of a joint US-UK operation that day that struck 36 Houthi targets at 13 locations that included underground storage facilities, command and control centers, missile systems, drone storage and operations sites, radars, and helicopters. Houthi forces reported a total of 18 raids. US Navy used fighter jets from aircraft carrier USS Dwight D. Eisenhower and Tomahawk missiles from destroyers USS Gravely and USS Carney.",0,False,False
YEM85367,2024-02-16,Explosions/Remote violence,Air/drone strike,Military Forces of the United States (2021-2025),Military Forces of Yemen (2017-) Houthi,Al Luhayyah,15.703,42.691,"On 16 February 2024, US forces conducted 1 strike to intercept mobile missiles and/or mobile USVs in Al Jarbani in Alluheyah district (coded to Al Luhayyah) (Al Hudaydah). CENTCOM claimed that they presented an imminent threat to shipping. CENTCOM claimed the destruction of 1 Houthi mobile anti-ship cruise missile and 1 mobile USV between 1:40 pm and 6:45 pm Sanaa time that day without providing locations while Houthi sources reported raids on 6 separate locations, injuring 6 people.",0,False,False
YEM92776,2024-10-15,Explosions/Remote violence,Air/drone strike,Military Forces of the United States (2021-2025),Military Forces of Yemen (2017-) Houthi,Al Luhayyah,15.703,42.691,"On 15 October 2024, at an unspecified time, US forces conducted 4 airstrikes targeting Houthi sites in Alluheyah district (coded to district center Al Luhayyah) (Al Hudaydah). Casualties unknown. CENTCOM published a report on 16 October stating that US forces conducted an unspecified number of airstrikes targeting underground Houthi weapons storage facilities in Houthi-controlled Yemeni territories to degrade their ability to target commercial and military ships in the Red Sea. They did not specify the exact date of the airstrikes. CENTCOM also claimed to have used B-2 Spirit long-range stealth bombers to launch at least some of the airstrikes, for the first time in Yemen.",0,False,False
YEM105955,2025-08-04,Strategic developments,Change to group/activity,Military Forces of Yemen (2017-) Houthi,nan,Al Mahwit,15.47,43.545,"Movement of forces: Around 3 August 2025 (as reported), Houthi forces sent new naval rockets to Hajjah governorate (coded to governorate capital Hajjah) (Hajjah City), Al Mahwit governorate (coded to governorate capital Al Mahwit) (Al Mahwait City) and Al Hudaydah governorate (coded to governorate capital Al Hudaydah). According to anti-Houthi sources, the transfer is in preparation for new attacks against ships passing in the Red Sea. They also sent hundreds of fighters to Al Hudaydah governorate in anticipation of a 'possible attack'.",0,False,False
YEM106679,2025-08-18,Strategic developments,Change to group/activity,Military Forces of Yemen (2017-) Houthi,nan,Al Mahwit,15.47,43.545,"Movement of forces: Around 16 August 2025 (as reported), Houthi forces transferred missiles, launch platforms, drone systems, and guidance equipment to the mountainous regions and regions overlooking the Red Sea and Strait of Bab el Mandeb of the governorates of Raymah (coded to governorate capital Al Jabin) (Al Jabin), Dhamar (coded to governorate capital Dhamar) (Dhamar City), Al Mahwit (coded to governorate capital Al Mahwit) (Al Mahwait City), Ibb (coded to governorate capital Ibb) (Al Mashannah), and Taizz (coded to governorate capital Taizz).",0,False,False
YEM84726,2024-01-15,Explosions/Remote violence,Shelling/artillery/missile attack,Military Forces of Yemen (2017-) Houthi,nan,Al Mishqar,13.283,44.347,"On 15 January 2024, Houthi forces fired 1 ballistic missile that fell short and crashed in an empty area in Al Mishqar in As Subayhah region (Al Qabbaytah, Lahij). There were no fatalities or injuries. The missile was likely launched toward the Red Sea or the Gulf of Aden.",0,False,True
YEM84543,2024-01-09,Strategic developments,Other,Military Forces of Yemen (2017-) Houthi,nan,Al Mujaylis,14.191,43.096,"Other: On 9 January 2024, Houthi forces deployed bomb-laden drone boats in canals in Al Fazzah and Al Mujaylis (At Tuhayat, Al Hudaydah).",0,False,False
YEM86881,2024-04-08,Explosions/Remote violence,Shelling/artillery/missile attack,Military Forces of Yemen (2017-) Houthi,nan,Al Mukha,13.319,43.245,"On 7 April 2024, Houthi forces fired 1 ballistic missile that fell short and crashed in an empty area near Al Mukha city (Al Mukha, Taizz). There were no fatalities or injuries. The missile was likely launched toward the Red Sea or the Gulf of Aden. On the same day Houthi forces carried out a missile attack against a commercial ship in the Gulf of Aden.",0,False,True
YEM84985,2024-01-09,Explosions/Remote violence,Air/drone strike,Military Forces of Yemen (2017-) Houthi,nan,Al Qaidah,13.756,44.132,"On 9 January 2024, Houthi forces fired 1 one-way attack drone that fell short and crashed in Al Qaidah city (Dhi As Sufal, Ibb). There were no fatalities or injuries. The drone was likely launched toward the Red Sea or the Gulf of Aden.",0,False,False
YEM84662,2024-01-12,Explosions/Remote violence,Air/drone strike,Military Forces of the United States (2021-2025),Military Forces of Yemen (2017-) Houthi,Al Qusayr,15.079,44.269,"On 12 January 2024, at around 2:30 am Sanaa time, US forces conducted strikes on Houthi missile and drone manufacturing workshops in the military camp of the 8th Presidential Guard Brigade in Bilad ar Rus district by Al Qusayr (Sanaa). 0 fatalities coded to this event. This was part of a joint US-UK operation that day that struck over 60 Houthi targets in at least 18 locations (16 claimed by the US + 2 claimed by the UK) that included command and control nodes, munitions depots, launching systems, production facilities, and air defense radar systems. US Navy used fighter jets from aircraft carrier USS Dwight D. Eisenhower and Tomahawk missiles from surface warships and a submarine, and US Air Force used additional fighter jets. Houthi forces reported a total of 73 raids that resulted in 8 fatalities and at least 3 injuries. 8 fatalities split between 18 events.",0,False,False
YEM84843,2024-01-22,Explosions/Remote violence,Air/drone strike,Military Forces of the United States (2021-2025),Military Forces of Yemen (2017-) Houthi,Al Qusayr,14.441,44.818,"On 22 January 2024, at around 11:59 pm Sanaa time, US Navy forces conducted 1 strike on a Houthi site in Al Qusayr military base bordering Rada and Wald Rabi districts (Wald Rabi, Al Bayda). Casualties unknown. This was part of a joint US-UK operation that day that struck 8 Houthi targets that included missile systems and launchers, air defense systems, radars, and weapons storage facilities. Houthi forces reported a total of 18 raids. US Navy used fighter jets from aircraft carrier USS Dwight D. Eisenhower and Tomahawk missiles from destroyers USS Gravely and USS Mason and from cruiser USS Philippine Sea.",0,False,False
YEM85660,2024-02-21,Strategic developments,Disrupted weapons use,Military Forces of the United States (2021-2025),Military Forces of Yemen (2017-) Houthi,Al Urj,15.126,42.867,"Interception: On 21 February 2024, US forces conducted 4 raids/strikes to intercept Houthi mobile anti-ship cruise missiles and/or mobile anti-ship ballistic missile launcher in Al Urj (Bajil, Al Hudaydah). The missiles were struck as they were prepared to launch against ships in the Red Sea with CENTCOM claiming that they presented an imminent threat to shipping. CENTCOM claimed the destruction of 7 Houthi mobile anti-ship cruise missiles and 1 mobile anti-ship ballistic missile launcher between 12:00 am and 6:45 pm Sanaa time that day without providing locations while Houthi sources reported raids on 3 separate locations.",0,False,False
YEM86151,2024-03-11,Strategic developments,Disrupted weapons use,Military Forces of the United States (2021-2025),Military Forces of Yemen (2017-) Houthi,Al Urj,15.126,42.867,"Interception: On 11 March 2024, US forces conducted 3 strikes to intercept 1 unmanned underwater vessel and/or anti-ship missiles in Al Urj (Bajil, Al Hudaydah). CENTCOM claimed that they presented an imminent threat to shipping. CENTCOM claimed the destruction of 1 Houthi unmanned underwater vessel and 18 anti-ship missiles between 2:50 pm and 11:30 pm Sanaa time that day without providing locations while Houthi sources reported raids on 5 separate locations in Al Hudaydah and Sadah governorates.",0,False,False
YEM95806,2024-12-30,Strategic developments,Disrupted weapons use,Military Forces of the United States (2021-2025),Military Forces of Yemen (2017-) Houthi,Al Wuday,13.772,46.018,"Interception: On 29 December 2024, suspected US forces intercepted a suspected Houthi ballistic missile over the Arabian Sea, with shrapnel from fell and exploded near a school in Hubayl al Masjid village (Al Mahruq village, according to one source) in Al Wadea district (coded to district center Al Wuday) (Abyan), causing minor damages. There were no casualties. Some sources did not report the interception, and only the missile's launch and explosion. Neither CENTCOM nor Houthi sources corroborated the interception.",0,False,False
YEM86453,2024-03-22,Strategic developments,Disrupted weapons use,Military Forces of the United States (2021-2025),Military Forces of Yemen (2017-) Houthi,Amad,15.184,44.263,"Interception: On 22 March 2024, US forces conducted 3 raids/strikes to intercept Houthi drones in Amad (Sanhan, Sanaa). CENTCOM claimed that they presented an imminent threat to shipping. CENTCOM claimed the destruction of 4 drones and 3 underground weapons storage facilities between 4:20 am and 11:10 pm Sanaa time that day without providing locations while Houthi sources reported raids on 8 separate locations in Al Hudaydah, Amanat al Asimah, and Sanaa governorates. Strikes on weapons storage facilities are coded to known weapons storage locations Sanaa - Jabal an Nahdayn, Jabal Nuqum, and Sanaa - Attan.",0,False,False
YEM106718,2025-08-28,Explosions/Remote violence,Air/drone strike,Military Forces of Israel (2022-),Military Forces of Yemen (2017-) Houthi,Amran,15.659,43.944,"On 28 August 2025, Israeli warplanes conducted strikes targeting Houthi leaders and military positions in Amran governorate (coded to governorate capital Amran) (Amran). Casualties unknown. Israeli warplanes conducted over 30 strikes across Yemen that day under operation 'Lucky Drop'. Israeli warships also joined the attack, although the locations targeted by warships were not specified.",0,False,False
YEM102516,2024-02-14,Explosions/Remote violence,Air/drone strike,Military Forces of the United States (2021-2025),Military Forces of Yemen (2017-) Houthi,Aqabat Thirah,13.887,45.774,"On 14 February 2024, US forces conducted raids/strikes to destroy 7 Houthi mobile cruise missiles, 3 mobile UAVs and, 1 USV or drone boat across in Houthi-controlled territories in Yemen, including 1 airstrike in Al Jabanah (Bajil, Al Hudaydah), 2 airstrikes in Al Jah (Bayt Al Faqiah, Al Hudaydah), 3 airstrikes in Ras Isa (in Dabarah) (As Salif, Al Hudaydah), and 1 airstrike in Aqabat Thirah front (Lawdar, Abyan), killing 2 persons (unclear if Houthi fighters or civilians) and injuring 9 others. Total fatalities split across 4 events. 0 fatality coded to this location. The missiles/UAVs/USV were struck as they were prepared to launch against ships in the Red Sea with CENTCOM claiming that they presented an imminent threat to shipping. CENTCOM claimed the destruction of 7 Houthi mobile anti-ship cruise missiles, 3 mobile UAVs, and 1 explosive USV between 1:00 and 7:30 pm Sanaa time that day without providing locations while Houthi and other sources reported raids on 4 separate locations.",0,False,False
YEM84884,2024-01-09,Explosions/Remote violence,Air/drone strike,Military Forces of Yemen (2017-) Houthi,nan,Ar Rubayi,13.597,43.894,"On 9 January 2024, Houthi forces fired 1 one-way attack drone that fell short and crashed in At Taiziyah district (coded to Ar Rubayi) (Taizz). There were no fatalities or injuries. The missile was likely launched toward the Red Sea or the Gulf of Aden.",0,False,False
YEM86302,2024-03-18,Strategic developments,Disrupted weapons use,Military Forces of the United States (2021-2025),Military Forces of Yemen (2017-) Houthi,Ar Rubayi,13.597,43.894,"Interception: On 16 March 2024, US forces conducted 1 raid/strike to intercept 1 Houthi drone in At Taiziyah district (coded to Ar Rubayi) (Taizz). CENTCOM claimed that they presented an imminent threat to shipping. CENTCOM claimed the destruction of 5 drone boats and 1 drone between 9:00 pm and 10:30 pm Sanaa time that day without providing locations while Houthi sources reported raids on 2 separate locations in Al Hudaydah and Taizz governorates.",0,False,False
YEM88143,2024-06-11,Strategic developments,Disrupted weapons use,Military Forces of the United States (2021-2025),Military Forces of Yemen (2017-) Houthi,As Salif,15.308,42.671,"Interception: On 11 June 2024, in the evening, US forces conducted 3 raids/strikes on 2 Houthi anti-ship cruise missile launchers in As Salif district (Bajil, Al Hudaydah). CENTCOM claimed that they presented an imminent threat to shipping. CENTCOM claimed the destruction of 2 Houthi anti-ship cruise missile launchers without providing locations while Houthi sources reported 3 raids on As Salif.",0,False,False
YEM85281,2024-02-08,Strategic developments,Disrupted weapons use,Military Forces of the United States (2021-2025),Military Forces of Yemen (2017-) Houthi,As Salif Port,15.316,42.672,"Interception: On 8 February 2024, US forces conducted 2 raids/strikes to intercept Houthi USVs and/or mobile anti-ship cruise missiles in Ash Shabakah south of As Salif Port (As Salif, Al Hudaydah). The USVs/missiles were struck as they were prepared to launch against ships in the Red Sea with CENTCOM claiming that they presented an imminent threat to shipping. CENTCOM claimed the destruction of 4 USVs and 7 missiles between 5:00 am and 9:00 pm Sanaa time that day without providing locations while Houthi sources reported raids on 2 separate locations.",0,False,False
YEM102629,2024-02-12,Strategic developments,Disrupted weapons use,Military Forces of the United States (2021-2025),Military Forces of Yemen (2017-) Houthi,As Salif Port,15.316,42.672,"Interception: On 10 February 2024, between 4:00 am and 5:00 pm Sanaa time, US forces conducted 3 raids/strikes to intercept 2 Houthi drone boats and 3 mobile anti-ship cruise missiles in Ras Isa (in Dabarah) (As Salif, Al Hudaydah) and in As Salif Port (As Salif, Al Hudaydah). The drone boats/missiles were struck as they were prepared to launch against ships in the Red Sea. CENTCOM claimed that they presented an imminent threat to shipping.",0,False,False
YEM88144,2024-05-30,Explosions/Remote violence,Air/drone strike,Military Forces of the United States (2021-2025),Military Forces of Yemen (2017-) Houthi,As Salif Port,15.316,42.672,"On 30 May 2024, US Navy forces conducted 1 raid/strike on Houthi targets at coast guard sites including a Houthi vessel in As Salif Port (As Salif, Al Hudaydah). Raids/strikes on Al Hudaydah radio building and on As Salif port resulted in 16 fatalities and 41 injuries including civilians according to Houthi media. Fatalities coded as 8 (half of 16). This was part of a joint US-UK operation that day (the fifth since January 2024) that struck Houthi targets at 7 locations that included drone control facilities, drone storage facilities, surface-to-air weapons facilities, command and control facilities, missile launchers, and a Houthi vessel. Houthi forces reported a total of 13 raids that resulted in 16 fatalities and 42 injuries including civilians noting that all fatalities and most of the injuries took place at Al Hudaydah radio tower building and in As Salif port in Al Hudaydah while 1 injury took place in Sanaa city. The US Navy used fighter jets from aircraft carrier USS Dwight D. Eisenhower with the participation of other US warships.",8,False,False
YEM88145,2024-06-07,Explosions/Remote violence,Air/drone strike,Military Forces of the United States (2021-2025),Military Forces of Yemen (2017-) Houthi,As Salif Port,15.316,42.672,"On 7 June 2024, in the afternoon, US forces destroy (likely through airstrikes) 1 suspected Houthi patrol boat in an unidentified area in the South Red Sea while Houthi media reported 1 air raid on As Salif Port (Al Hudaydah). Casualties unknown.",0,False,False
YEM88146,2024-06-13,Explosions/Remote violence,Air/drone strike,Military Forces of the United States (2021-2025),Military Forces of Yemen (2017-) Houthi,As Salif Port,15.316,42.672,"On 13 June 2024, in the afternoon, US forces destroy (likely through airstrikes) 2 suspected Houthi patrol boats in an unidentified area in the South Red Sea while Houthi media reported 3 air raids on As Salif coastal district (coded to As Salif Port) (Al Hudaydah). Casualties unknown.",0,False,False
YEM91096,2024-08-21,Explosions/Remote violence,Air/drone strike,Military Forces of the United States (2021-2025),Military Forces of Yemen (2017-) Houthi,As Salif Port,15.316,42.672,"On 21 August 2024, at an unspecified time, US forces conducted raids/strikes to destroy a Houthi surface-to-air missile and radar system in As Salif coastal district (coded to As Salif Port) (Al Hudaydah). CENTCOM claimed the destruction of Houthi surface-to-air missile and radar system that day without providing locations while Houthi sources reported 3 raids on As Salif. IRG media claimed that underneath the As Salif port, Houthi forces have been storing weapons and sheltering Iranian military experts that direct Houthi naval operations in the Red Sea, claiming that a number of experts and solders were killed from the airstrikes. However, no independent source verified these claims. Casualties unknown.",0,False,False
YEM97458,2025-03-17,Explosions/Remote violence,Air/drone strike,Military Forces of the United States (2025-),Military Forces of Yemen (2017-) Houthi,As Salif Port,15.316,42.672,"On 16 March 2025, evening, US forces conducted 2 strikes targeting the command tower of Galaxy Leader in As Salif Port (As Salif, Al Hudaydah). Casualties unknown. According to one source, the tower was used a surveillance and targeting tower by the Houthis for their attacks in the Red Sea. CENTCOM conducted a nationwide military campaign against Houthis in Yemen without providing locations of raids while Houthi sources reported raids on 8 different governorates that day. The Houthi force hijacked the Galaxy Leader carrier on November 2023 in the international waters of the South Red Sea claiming Israeli affiliation of the ship, it was taken to the Red Sea port city of Hudaydah.",0,False,False
YEM97740,2025-03-24,Explosions/Remote violence,Air/drone strike,Military Forces of the United States (2025-),Military Forces of Yemen (2017-) Houthi,As Salif Port,15.316,42.672,"On 22 March 2025, overnight, US forces conducted an unspecified number of airstrikes targeting a building in the Houthi Coastal Defence forces Camp north of As Salif Port (As Salif, Al Hudaydah). Casualties unknown. At least one airstrike targeted the UAE cargo ship RWABEE, which the Houthi force hijacked on 3 January 2022.",0,False,False
YEM101755,2025-07-07,Explosions/Remote violence,Air/drone strike,Military Forces of Israel (2022-),Military Forces of Yemen (2017-) Houthi,As Salif Port,15.316,42.672,"On 6 July 2025, Israeli forces conducted around 60 strikes, using approximately 20 fighter jets and over 50 munitions, on Houthi targets in As Salif Port, Ras Isa port (As Salif, Al Hudaydah), Al Hudaydah - Port (Al Hali, Al Hudaydah), and Ras al Katib power station (Al Mina, Al Hudaydah). At As Salif port, 8 strikes targeted the 600-meter pier and hit two Houthi naval vessels and a number of containers spread near the southern end of the port. Israeli strikes also targeted the Customs Authority building, which contains a small office for the Houthi Security and Intelligence Service, along with the port's electricity generator. The IDF confirmed the strikes, claiming that the targets were sites used to transfer Iranian weapons to attack Israeli civilians. The resumption of the strikes comes in response to continued Houthi attacks against Israel, according to Israeli sources. Casualties unknown.",0,False,False
YEM85177,2024-02-05,Explosions/Remote violence,Air/drone strike,Military Forces of the United States (2021-2025),Military Forces of Yemen (2017-) Houthi,As Sawadiyah,14.301,45.222,"On 3 February 2024, at around 11:30 pm Sanaa time, US Navy forces conducted 7 raids/strikes against Houthi targets in the districts of Rada (coded to Radaa) and As Sawadiyah (Al Bayda). Casualties unknown. This was part of a joint US-UK operation that day that struck 36 Houthi targets at 13 locations that included underground storage facilities, command and control centers, missile systems, drone storage and operations sites, radars, and helicopters. Houthi forces reported a total of 18 raids. US Navy used fighter jets from aircraft carrier USS Dwight D. Eisenhower and Tomahawk missiles from destroyers USS Gravely and USS Carney.",0,False,False
YEM84743,2024-01-17,Strategic developments,Disrupted weapons use,Military Forces of the United States (2021-2025),Military Forces of Yemen (2017-) Houthi,As Sawmaah,14.085,45.801,"Interception: On 17 January 2024, at around 11:59 pm Sanaa time, US Navy forces launched missile strikes from surface ships and submarine to intercept 14 Houthi missiles in six locations: the technical institute in As Sawmaah district (Al Bayda), Haruniyah Junction east of As Salif (coded to Jabal Qumah) (Al Munirah, Al Hudaydah), the military police camp in Dhamar al Qarn (Anss, Dhamar), Jabal Sama and Takhyah (Majz, Sadah), and Al Hawban (At Taiziyah, Taizz). The missiles were struck as they were loaded on launch rails and ready to be fired in the Red Sea or the Gulf of Aden.",0,False,False
YEM98493,2025-04-14,Explosions/Remote violence,Air/drone strike,Military Forces of the United States (2025-),Military Forces of Yemen (2017-) Houthi,As Sawmaah,14.085,45.801,"On 12 April 2025, US forces conducted 5 airstrikes targeting the vocational institute building in As Sawmaah (As Sawmaah, Al Bayda), destroying 6 buildings, including buildings containing Houthi weapons depots. Casualties unknown. Some sources reported that the Houthi forces were using the vocational institute as a military site to launch ballistic missiles toward commercial ships in the Arabian Sea. The US forces conducted a total of 9 airstrikes in As Sawmaah district on the same night, including 4 strikes in unspecified locations (coded as a separate event).",0,False,False
YEM86446,2024-03-22,Strategic developments,Disrupted weapons use,Military Forces of the United States (2021-2025),Military Forces of Yemen (2017-) Houthi,As Surdud,15.245,43.181,"Interception: On 22 March 2024, US forces conducted 2 raids/strikes to intercept Houthi drones in Sardd farm in As Surdud (Ad Dahi, Al Hudaydah). CENTCOM claimed that they presented an imminent threat to shipping. CENTCOM claimed the destruction of 4 drones and 3 underground weapons storage facilities between 4:20 am and 11:10 pm Sanaa time that day without providing locations while Houthi sources reported raids on 8 separate locations in Al Hudaydah, Amanat al Asimah, and Sanaa governorates. Strikes on weapons storage facilities are coded to known weapons storage locations Sanaa - Jabal an Nahdayn, Jabal Nuqum, and Sanaa - Attan.",0,False,False
YEM102628,2024-02-07,Strategic developments,Disrupted weapons use,Military Forces of the United States (2021-2025),Military Forces of Yemen (2017-) Houthi,At Taif,14.615,43.036,"Interception: On 7 February 2024, at around 9:00 pm Sanaa time, US forces conducted 2 raids/strikes to intercept 2 Houthi mobile anti-ship cruise missiles in Ras Isa (in Dabarah) (As Salif, Al Hudaydah) and near the At Taif coast (Ad Durayhimi, Al Hudaydah). The missiles were struck as they were prepared to launch against ships in the Red Sea. CENTCOM claimed that they presented an imminent threat to shipping.",0,False,False
YEM85297,2024-02-09,Strategic developments,Disrupted weapons use,Military Forces of the United States (2021-2025),Military Forces of Yemen (2017-) Houthi,At Taif,14.615,43.036,"Interception: On 9 February 2024, US forces conducted 1 raid/strike to intercept Houthi mobile USVs and/or mobile cruise missiles in At Taif (Ad Durayhimi, Al Hudaydah). The USVs/missiles were struck as they were prepared to launch against ships in the Red Sea with CENTCOM claiming that they presented an imminent threat to shipping. CENTCOM claimed the destruction of 2 USVs, 4 anti-ship cruise missiles, and 1 land attack cruise missile between 3:00 am and 9:40 pm Sanaa time that day without providing locations while Houthi sources reported raids on 3 separate locations.",0,False,False
YEM85365,2024-02-16,Explosions/Remote violence,Air/drone strike,Military Forces of the United States (2021-2025),Military Forces of Yemen (2017-) Houthi,At Taif,14.615,43.036,"On 16 February 2024, US forces conducted 1 strike to intercept mobile missiles and/or mobile USVs in At Taif (Ad Durayhimi, Al Hudaydah). CENTCOM claimed that they presented an imminent threat to shipping. CENTCOM claimed the destruction of 1 Houthi mobile anti-ship cruise missile and 1 mobile USV between 1:40 pm and 6:45 pm Sanaa time that day without providing locations while Houthi sources reported raids on 6 separate locations, injuring 6 people.",0,False,False
YEM85591,2024-02-19,Explosions/Remote violence,Air/drone strike,Military Forces of the United States (2021-2025),Military Forces of Yemen (2017-) Houthi,At Taif,14.615,43.036,"On 17 February 2024, US forces conducted 1 strike to intercept Houthi missiles and/or 1 UUV and/or 1 USV in At Taif (Ad Durayhimi, Al Hudaydah). CENTCOM claimed that they presented an imminent threat to shipping. CENTCOM claimed the destruction of 3 Houthi mobile anti-ship cruise missiles, 1 UUV, and 1 USV between 3:00 pm and 8:00 pm Sanaa time that day without providing locations while Houthi sources reported raids on 4 separate locations in Al Hudaydah, injuring 1 person.",0,False,False
YEM86148,2024-03-11,Strategic developments,Disrupted weapons use,Military Forces of the United States (2021-2025),Military Forces of Yemen (2017-) Houthi,At Taif,14.615,43.036,"Interception: On 11 March 2024, US forces conducted 2 strikes to intercept 1 unmanned underwater vessel and/or anti-ship missiles in At Taif (Ad Durayhimi, Al Hudaydah). CENTCOM claimed that they presented an imminent threat to shipping. CENTCOM claimed the destruction of 1 Houthi unmanned underwater vessel and 18 anti-ship missiles between 2:50 pm and 11:30 pm Sanaa time that day without providing locations while Houthi sources reported raids on 5 separate locations in Al Hudaydah and Sadah governorates.",0,False,False
YEM86294,2024-03-18,Strategic developments,Disrupted weapons use,Military Forces of the United States (2021-2025),Military Forces of Yemen (2017-) Houthi,At Taif,14.615,43.036,"Interception: On 16 March 2024, US forces conducted 4 raids/strikes to intercept 5 Houthi drone boats in At Taif (Ad Durayhimi, Al Hudaydah). CENTCOM claimed that they presented an imminent threat to shipping. CENTCOM claimed the destruction of 5 drone boats and 1 drone between 9:00 pm and 10:30 pm Sanaa time that day without providing locations while Houthi sources reported raids on 2 separate locations in Al Hudaydah and Taizz governorates.",0,False,False
YEM84381,2024-01-02,Strategic developments,Change to group/activity,Military Forces of Yemen (2017-) Houthi,nan,At Tuhayta,14.184,43.226,"Movement of forces: On 1 January 2024, Houthi forces redeployed its missiles from Abs district in Hajjah to new positions in Bayt Al Faqiah district (coded to Bayt al Faqih) including Al Jah, in At Tuhayat district (coded to At Tuhayta), and in Ad Durayhimi district (Al Hudaydah). This came amid information on the possibility of US and UK strikes on Houthi forces following Houthi operations in the Red Sea.",0,False,False
YEM88148,2024-06-12,Explosions/Remote violence,Air/drone strike,Military Forces of the United States (2021-2025),Military Forces of Yemen (2017-) Houthi,At Tuhayta,14.184,43.226,"On 12 June 2024, in the evening, US forces conducted 2 strikes on Houthi anti-ship cruise missile launchers in At Tuhayat district (coded to At Tuhayta) (Al Hudaydah). Casualties unknown. CENTCOM claimed that they presented an imminent threat to shipping. This took place as Houthi forces claimed a joint operation with the Islamic Resistance in Iraq targeting the city of Ashdod in Israel with cruise missiles. CENTCOM claimed the destruction of 3 anti-ship cruise missile launchers without providing locations while Houthi sources reported 3 raids on 2 different locations in Al Hudaydah governorate.",0,False,False
YEM95830,2024-12-30,Explosions/Remote violence,Air/drone strike,Military Forces of the United States (2021-2025),Military Forces of Yemen (2017-) Houthi,At Tuhayta,14.184,43.226,"On 30 December 2024, at an unspecified time, US navy ships and aircrafts carried out strikes targeting a Houthi command and control facility and weapons' production and storage facilities, including drones and cruise missiles, in Houthi-controlled areas in Yemen, while Houthi sources reported 2 raids on At Tuhayat district (coded to district center At Tuhayta) (Al Hudaydah). Casualties unknown. CENTCOM stated that the strikes took place on 30 and 31 December.",0,False,False
YEM85207,2024-02-05,Strategic developments,Disrupted weapons use,Military Forces of the United States (2021-2025),Military Forces of Yemen (2017-) Houthi,Az Zaydiyah,15.331,43.006,"Interception: On 4 February 2024, US forces conducted 3 raids/strikes to intercept Houthi missiles in Az Zaydiyah district (Al Hudaydah). The missiles were struck as they were prepared to launch against ships in the Red Sea with CENTCOM claiming that they presented an imminent threat to shipping. CENTCOM claimed the destruction of 5 Houthi anti-ship cruise missiles and 1 land attack cruise missile between 4:00 am and the end of the day Sanaa time that day without providing locations while Houthi sources reported raids on 3 separate locations.",0,False,False
YEM85369,2024-02-16,Explosions/Remote violence,Air/drone strike,Military Forces of the United States (2021-2025),Military Forces of Yemen (2017-) Houthi,Az Zuhrah,15.724,42.996,"On 16 February 2024, US forces conducted 1 strike to intercept mobile missiles and/or mobile USVs north of Az Zuhrah district (Al Hudaydah). CENTCOM claimed that they presented an imminent threat to shipping. CENTCOM claimed the destruction of 1 Houthi mobile anti-ship cruise missile and 1 mobile USV between 1:40 pm and 6:45 pm Sanaa time that day without providing locations while Houthi sources reported raids on 6 separate locations, injuring 6 people.",0,False,False
YEM87056,2024-04-17,Strategic developments,Disrupted weapons use,Military Forces of the United States (2021-2025),Military Forces of Yemen (2017-) Houthi,Bajil,15.059,43.287,"Interception: On 16 April 2024, between 10:50 am and 11:30 pm Sanaa time, US forces conducted 3 raids/strikes to intercept 2 Houthi drones in Bajil district (Al Hudaydah). CENTCOM claimed that they presented an imminent threat to shipping. CENTCOM claimed the destruction of 2 Houthi drones between 10:50 am and 11:30 pm Sanaa time that day without providing locations while Houthi sources reported 2 raids on Bajil district.",0,False,False
YEM84868,2024-01-22,Explosions/Remote violence,Air/drone strike,Military Forces of the United States (2021-2025),Military Forces of Yemen (2017-) Houthi,Barh,13.441,43.703,"On 22 January 2024, at around 11:59 pm Sanaa time, US Navy forces conducted 1 strike on a Houthi site in Barh (Maqbanah, Taizz). Casualties unknown. This was part of a joint US-UK operation that day that struck 8 Houthi targets that included missile systems and launchers, air defense systems, radars, and weapons storage facilities. Houthi forces reported a total of 18 raids. US Navy used fighter jets from aircraft carrier USS Dwight D. Eisenhower and Tomahawk missiles from destroyers USS Gravely and USS Mason and from cruiser USS Philippine Sea.",0,False,True
YEM85202,2024-02-05,Explosions/Remote violence,Air/drone strike,Military Forces of the United States (2021-2025),Military Forces of Yemen (2017-) Houthi,Barh,13.441,43.703,"On 3 February 2024, at around 11:30 pm Sanaa time, US Navy forces conducted 11 raids/strikes on Houthi targets in Al Ghura Shamir Mountain in Barh (Maqbanah) and targeted communications towers on Qard Mountain in Hayfan district (Taizz). Casualties unknown. This was part of a joint US-UK operation that day that struck 36 Houthi targets at 13 locations that included underground storage facilities, command and control centers, missile systems, drone storage and operations sites, radars, and helicopters. Houthi forces reported a total of 18 raids. US Navy used fighter jets from aircraft carrier USS Dwight D. Eisenhower and Tomahawk missiles from destroyers USS Gravely and USS Carney.",0,False,True
YEM84383,2024-01-02,Strategic developments,Change to group/activity,Military Forces of Yemen (2017-) Houthi,nan,Bayt al Faqih,14.516,43.324,"Movement of forces: On 1 January 2024, Houthi forces redeployed its missiles from Abs district in Hajjah to new positions in Bayt Al Faqiah district (coded to Bayt al Faqih) including Al Jah, in At Tuhayat district (coded to At Tuhayta), and in Ad Durayhimi district (Al Hudaydah). This came amid information on the possibility of US and UK strikes on Houthi forces following Houthi operations in the Red Sea.",0,False,False
YEM102337,2024-02-26,Explosions/Remote violence,Air/drone strike,Military Forces of the United States (2021-2025),Military Forces of Yemen (2017-) Houthi,Bayt an Naam,15.55,44.1,"On 24 February 2024, at around 11:50 pm Sanaa time, US Navy forces conducted 2 raids/strikes against Houthi targets in Jabal Uram and Bayt an Naam (Hamdan, Sanaa). Casualties unknown. This was part of a joint US-UK operation that day that struck 18 Houthi targets at 8 locations that included underground weapons storage facilities, missile storage facilities, one-way attack drones, air defense systems, radars, and a helicopter. Houthi forces reported a total of 22 raids. US Navy used fighter jets from aircraft carrier USS Dwight D. Eisenhower.",0,False,False
YEM85198,2024-02-05,Explosions/Remote violence,Air/drone strike,Military Forces of the United States (2021-2025),Military Forces of Yemen (2017-) Houthi,Bayt as Sayyid,15.504,44.415,"On 3 February 2024, at around 11:30 pm Sanaa time, US Navy forces conducted 2 raids/strikes on Houthi targets in Bani Hushaysh district (coded to Bayt as Sayyid) (Sanaa). Casualties unknown. This was part of a joint US-UK operation that day that struck 36 Houthi targets at 13 locations that included underground storage facilities, command and control centers, missile systems, drone storage and operations sites, radars, and helicopters. Houthi forces reported a total of 18 raids. US Navy used fighter jets from aircraft carrier USS Dwight D. Eisenhower and Tomahawk missiles from destroyers USS Gravely and USS Carney.",0,False,False
YEM96622,2025-01-15,Strategic developments,Change to group/activity,Military Forces of Yemen (2017-) Houthi,nan,Coast of Ad Durayhimi,14.614,42.843,"Security measures: Around 15 January 2025 (month of), Houthi forces intensified the deployment of landmines along the seashore of the Coast of Ad Durayhimi (Ad Durayhimi, Al Hudaydah). Additionally, they deployed naval mines 25 miles offshore and converted fishery docks into sites for smuggling weapons and collecting fees.",0,False,False
YEM103932,2025-01-09,Strategic developments,Other,Military Forces of Yemen (2017-) Houthi,nan,Coast of Al Fazzah,14.054,42.954,"Other: Around 9 January 2025, (between 8 - 9 January), suspected Houthi forces received 7 shipments, each weighing between 40-60 tons, of suspected weapon shipments delivered to the port of Al Fazzah on the Coast of Al Fazzah (At Tuhayat, Al Hudaydah) and another makeshift port along the Coast of Al Haruniyah (coded separately). Roads around both ports were closed, and camouflaged boats accompanied the shipments, trailing about one nautical mile behind the larger boats as they approached the ports and unloaded cargo.",0,False,False
YEM103938,2025-01-09,Strategic developments,Other,Military Forces of Yemen (2017-) Houthi,nan,Coast of Al Haruniyah,15.328,42.749,"Other: Around 9 January 2025, (between 8 - 9 January), suspected Houthi forces received 7 shipments, each weighing between 40-60 tons, of suspected weapon shipments delivered to the port of Al Fazzah on the Coast of Al Fazzah (At Tuhayat, Al Hudaydah) and another makeshift port along the Coast of Al Haruniyah (Al Munirah, Al Hudaydah) (coded separately). Roads around both ports were closed, and camouflaged boats accompanied the shipments, trailing about one nautical mile behind the larger boats as they approached the ports and unloaded cargo.",0,False,False
YEM84069,2023-12-12,Strategic developments,Headquarters or base established,Military Forces of Yemen (2017-) Houthi,nan,Coast of Al Hudaydah,14.774,42.8,"Around 12 December 2023 (as reported), Houthi forces transformed the Bahamas-flagged GALAXY LEADER vehicles carrier (IMO: 9237307) into a military operations room off the Coast of Al Hudaydah (Al Hali) to direct Houthi operations in the Red Sea. The source noted that foreign military leaders were present on the ship.",0,False,False
YEM84822,2024-01-08,Strategic developments,Other,Military Forces of Yemen (2017-) Houthi,nan,Coast of Al Hudaydah,14.774,42.8,"Other: Around 6 January 2024 (as reported), Houthi forces booby-trapped the Bahamas-flagged GALAXY LEADER vehicles carrier (IMO: 9237307) off the Coast of Al Hudaydah (Al Hali, Al Hudaydah). The source claimed that Houthi forces feared the seizure of the ship by international forces. The ship was seized by Houthi forces on 19 November 2023.",0,False,False
YEM84531,2024-01-08,Strategic developments,Other,Military Forces of Yemen (2017-) Houthi,nan,Coast of Al Hudaydah,14.774,42.8,"Other: Around 8 January 2024 (as reported), Houthi forces planted sea mines off the Coast of Al Hudaydah (Al Hali), off the Coast of As Salif Port, and off the Coast of Ras Isa (As Salif) (Al Hudaydah) amid tensions in the Red Sea.",0,False,False
YEM84264,2023-12-27,Strategic developments,Disrupted weapons use,West Coast Joint Forces,Military Forces of Yemen (2017-) Houthi,Coast of Al Mukha,13.321,43.134,"Weapons seizure: On 23 December 2023, the WCJF Al Mukha coast guards intercepted a weapons and ammunitions shipment on two boats in the Red Sea (coded to Coast of Al Mukha). The WCJF claimed that the shipment was destined for the Houthis.",0,False,True
YEM99751,2025-05-12,Strategic developments,Disrupted weapons use,West Coast Joint Forces,Military Forces of Yemen (2017-) Houthi,Coast of Al Mukha,13.321,43.134,"Weapons seizure: On 10 May 2025, National Resistance forces (coded under WCJF) seized two vessels carrying military equipment belonging to Houthi forces off the Coast of Al Mukha (Al Mukha, Taizz), arresting 14 sailors who were aboard the vessels. The shipment included 3 million detonators, 3,600 km of wire, and 64 satellite communication devices, headed to Ras Isa port in Al Hudaydah. The equipment was intended for use in drones, explosive boats, and remote-controlled minefields.",0,False,True
YEM103944,2025-01-10,Strategic developments,Change to group/activity,Military Forces of Yemen (2017-) Houthi,nan,Coast of As Salif,15.272,42.643,"Movement of forces: On 10 January 2025, suspected Houthi forces received up to 100 tons of suspected weapon shipments delivered to the Jaber Sea coastline in the south of Al Salif district, north of Hudaydah city (coded to Coast of As Salif (As Salif, Al Hudaydah)). Roads were closed, military checkpoints erected, and strict security measures were enforced around the time of the shipment's arrival. 3 large trucks and another smaller one were seen transporting cargo from the coast to a nearby farm.",0,False,False
YEM84533,2024-01-08,Strategic developments,Other,Military Forces of Yemen (2017-) Houthi,nan,Coast of As Salif Port,15.324,42.648,"Other: Around 8 January 2024 (as reported), Houthi forces planted sea mines off the Coast of Al Hudaydah (Al Hali), off the Coast of As Salif Port, and off the Coast of Ras Isa (As Salif) (Al Hudaydah) amid tensions in the Red Sea.",0,False,False
YEM106961,2025-08-26,Explosions/Remote violence,Remote explosive/landmine/IED,Military Forces of Yemen (2017-) Houthi,nan,Coast of Bayt Al Faqiah,14.24,42.836,"Around 24 August 2025 (as reported), a Houthi sea mine detonated off the Coast of Bayt Al Faqiah district (Al Hudaydah) killing a whale.",0,False,False
YEM103874,2024-12-31,Strategic developments,Other,Military Forces of Yemen (2017-) Houthi,nan,Coast of Ghulayfiqah,14.456,43.012,"Other: On 31 December 2024, suspected Houthi forces received a large fishing vessel suspected to carry weapon shipments, which unloaded cargo to a pier along the Coast of Ghulayfiqah (Ad Durayhimi, Al Hudaydah).",0,False,False
YEM83380,2023-10-19,Strategic developments,Disrupted weapons use,Military Forces of Saudi Arabia (2015-),Military Forces of Yemen (2017-) Houthi,Coast of Midi,16.315,42.686,"Interception: On 19 October 2023, Saudi forces intercepted 1 Houthi land attack cruise missile around the Coast of Midi (Hajjah) as part of a Houthi drone and missile attack targeting Israel. The interception took place as Saudi Arabia was protecting its airspace and the exact location was not reported but debris from an interceptor missile were found on the coast of Midi. Other drones and missiles were intercepted by a US warship in the North Red Sea. Israeli sources provided information suggesting that the drones could be Sammad 3 or Waid 2 and the missiles of the Quds type.",0,False,False
YEM99585,2025-05-06,Strategic developments,Disrupted weapons use,Military Forces of Yemen (2022-) Presidential Leadership Council - Coast Guard,Military Forces of Yemen (2017-) Houthi,Coast of Ras Al Arah,12.576,43.851,"Weapons seizure: On 4 May 2025, a joint IRG maritime security patrol, including forces from the Giants Brigades, seized a boat belonging to Houthi forces off the Coast of Ras al Arah (Al Madaribah Wa Al Arah, Lahij), carrying large quantities of anti-tank 'LOU' missiles, BMB tank ammunition, and offensive grenades.",0,False,True
YEM84534,2024-01-08,Strategic developments,Other,Military Forces of Yemen (2017-) Houthi,nan,Coast of Ras Isa,15.168,42.501,"Other: Around 8 January 2024 (as reported), Houthi forces planted sea mines off the Coast of Al Hudaydah (Al Hali), off the Coast of As Salif Port, and off the Coast of Ras Isa (As Salif) (Al Hudaydah) amid tensions in the Red Sea.",0,False,False
YEM85041,2024-01-29,Strategic developments,Disrupted weapons use,Military Forces of the United States (2021-2025),Military Forces of Yemen (2017-) Houthi,Dabarah,15.212,42.626,"Interception: On 27 January 2024, at approximately 3:45 am Sanaa time, US forces conducted 1 strike to intercept 1 Houthi anti-ship missile in Ras Isa (in Dabarah) (As Salif, Al Hudaydah). The missile was struck as it was aimed into the Red Sea and was prepared to launch.",0,False,False
YEM85206,2024-02-05,Strategic developments,Disrupted weapons use,Military Forces of the United States (2021-2025),Military Forces of Yemen (2017-) Houthi,Dabarah,15.212,42.626,"Interception: On 4 February 2024, US forces conducted 8 raids/strikes to intercept Houthi missiles in Ras Isa (in Dabarah) (As Salif, Al Hudaydah). The missiles were struck as they were prepared to launch against ships in the Red Sea with CENTCOM claiming that they presented an imminent threat to shipping. CENTCOM claimed the destruction of 5 Houthi anti-ship cruise missiles and 1 land attack cruise missile between 4:00 am and the end of the day Sanaa time that day without providing locations while Houthi sources reported raids on 3 separate locations.",0,False,False
YEM85261,2024-02-07,Strategic developments,Disrupted weapons use,Military Forces of the United States (2021-2025),Military Forces of Yemen (2017-) Houthi,Dabarah,15.212,42.626,"Interception: On 7 February 2024, at around 9:00 pm Sanaa time, US forces conducted 2 raids/strikes to intercept 2 Houthi mobile anti-ship cruise missiles in Ras Isa (in Dabarah) (As Salif, Al Hudaydah) and near the At Taif coast (Ad Durayhimi, Al Hudaydah). The missiles were struck as they were prepared to launch against ships in the Red Sea. CENTCOM claimed that they presented an imminent threat to shipping.",0,False,False
YEM85282,2024-02-08,Strategic developments,Disrupted weapons use,Military Forces of the United States (2021-2025),Military Forces of Yemen (2017-) Houthi,Dabarah,15.212,42.626,"Interception: On 8 February 2024, US forces conducted 5 raids/strikes to intercept Houthi drone boats and/or mobile anti-ship cruise missiles in Ras Isa (in Dabarah) including 2 in Az Zabrah (As Salif, Al Hudaydah). The drone boats/missiles were struck as they were prepared to launch against ships in the Red Sea with CENTCOM claiming that they presented an imminent threat to shipping. CENTCOM claimed the destruction of 4 drone boats and 7 missiles between 5:00 am and 9:00 pm Sanaa time that day without providing locations while Houthi sources reported raids on 2 separate locations.",0,False,False
YEM85550,2024-02-12,Strategic developments,Disrupted weapons use,Military Forces of the United States (2021-2025),Military Forces of Yemen (2017-) Houthi,Dabarah,15.212,42.626,"Interception: On 10 February 2024, between 4:00 am and 5:00 pm Sanaa time, US forces conducted 3 raids/strikes to intercept 2 Houthi drone boats and 3 mobile anti-ship cruise missiles in Ras Isa (in Dabarah) (As Salif, Al Hudaydah) and in As Salif Port (As Salif, Al Hudaydah). The drone boats/missiles were struck as they were prepared to launch against ships in the Red Sea. CENTCOM claimed that they presented an imminent threat to shipping.",0,False,False
YEM85449,2024-02-14,Explosions/Remote violence,Air/drone strike,Military Forces of the United States (2021-2025),Military Forces of Yemen (2017-) Houthi,Dabarah,15.212,42.626,"On 14 February 2024, US forces conducted raids/strikes to destroy 7 Houthi mobile cruise missiles, 3 mobile UAVs and, 1 USV or drone boat across in Houthi-controlled territories in Yemen, including 1 airstrike in Al Jabanah (Bajil, Al Hudaydah), 2 airstrikes in Al Jah (Bayt Al Faqiah, Al Hudaydah), 3 airstrikes in Ras Isa (in Dabarah) (As Salif, Al Hudaydah), and 1 airstrike in Aqabat Thirah front (Lawdar, Al Bayda), killing 2 persons (unclear if Houthi fighters or civilians) and injuring 9 others. Total fatalities split across 4 events. 0 fatality coded to this location. The missiles/UAVs/USV were struck as they were prepared to launch against ships in the Red Sea with CENTCOM claiming that they presented an imminent threat to shipping. CENTCOM claimed the destruction of 7 Houthi mobile anti-ship cruise missiles, 3 mobile UAVs, and 1 explosive USV between 1:00 and 7:30 pm Sanaa time that day without providing locations while Houthi and other sources reported raids on 4 separate locations.",0,False,False
YEM85594,2024-02-19,Explosions/Remote violence,Air/drone strike,Military Forces of the United States (2021-2025),Military Forces of Yemen (2017-) Houthi,Dabarah,15.212,42.626,"On 17 February 2024, US forces conducted 1 raid/strike to intercept Houthi missiles and/or 1 UUV and/or 1 drone boat in Ras Isa (in Dabarah) (As Salif, Al Hudaydah). CENTCOM claimed that they presented an imminent threat to shipping. CENTCOM claimed the destruction of 3 Houthi mobile anti-ship cruise missiles, 1 UUV, and 1 drone boat between 3:00 pm and 8:00 pm Sanaa time that day without providing locations while Houthi sources reported raids on 4 separate locations in Al Hudaydah, injuring 1 person.",0,False,False
YEM85657,2024-02-21,Strategic developments,Disrupted weapons use,Military Forces of the United States (2021-2025),Military Forces of Yemen (2017-) Houthi,Dabarah,15.212,42.626,"Interception: On 21 February 2024, US forces conducted 5 raids/strikes to intercept Houthi mobile anti-ship cruise missiles and/or mobile anti-ship ballistic missile launcher in Ras Isa (in Dabarah)(As Salif, Al Hudaydah). The missiles were struck as they were prepared to launch against ships in the Red Sea with CENTCOM claiming that they presented an imminent threat to shipping. CENTCOM claimed the destruction of 7 Houthi mobile anti-ship cruise missiles and 1 mobile anti-ship ballistic missile launcher between 12:00 am and 6:45 pm Sanaa time that day without providing locations while Houthi sources reported raids on 3 separate locations.",0,False,False
YEM85687,2024-02-23,Strategic developments,Disrupted weapons use,Military Forces of the United States (2021-2025),Military Forces of Yemen (2017-) Houthi,Dabarah,15.212,42.626,"Interception: On 23 February 2024, US forces conducted 3 raids/strikes to intercept Houthi mobile anti-ship cruise missiles in Ras Isa (in Dabarah) (As Salif, Al Hudaydah). The missiles were struck as they were prepared to launch against ships in the Red Sea with CENTCOM claiming that they presented an imminent threat to shipping. CENTCOM claimed the destruction of 7 Houthi mobile anti-ship cruise missiles between 12:30 pm and 7:15 pm Sanaa time that day without providing locations while Houthi sources reported raids on 2 separate locations.",0,False,False
YEM85829,2024-02-26,Strategic developments,Disrupted weapons use,Military Forces of the United States (2021-2025),Military Forces of Yemen (2017-) Houthi,Dabarah,15.212,42.626,"Interception: On 26 February 2024, between 4:45 pm and 11:45 pm Sanaa time, US forces conducted 3 raids/strikes to intercept 3 Houthi drone boats and 2 mobile anti-ship cruise missiles in Dabarah location in Ras Isa (As Salif, Al Hudaydah). The drones and missiles were struck as they were prepared to launch against ships in the Red Sea with CENTCOM claiming that they presented an imminent threat to shipping.",0,False,False
YEM85858,2024-02-29,Strategic developments,Disrupted weapons use,Military Forces of the United States (2021-2025),Military Forces of Yemen (2017-) Houthi,Dabarah,15.212,42.626,"Interception: On 29 February 2024, US forces conducted 2 raids/strikes to intercept Houthi mobile anti-ship cruise missiles in Ras Isa (in Dabarah) (As Salif, Al Hudaydah). The missiles were struck as they were prepared to launch against ships in the Red Sea with CENTCOM claiming that they presented an imminent threat to shipping. CENTCOM claimed the destruction of 6 Houthi mobile anti-ship cruise missiles between 6:00 pm and 7:15 pm Sanaa time that day without providing locations while Houthi sources reported raids on 3 separate locations.",0,False,False
YEM85997,2024-03-05,Strategic developments,Disrupted weapons use,Military Forces of the United States (2021-2025),Military Forces of Yemen (2017-) Houthi,Dabarah,15.212,42.626,"Interception: On 5 March 2024, US forces conducted 1 raid/strike to intercept Houthi mobile anti-ship missiles and/or drone boats in Ras Isa (in Dabarah) (As Salif, Al Hudaydah). The missiles/drone boats were struck as CENTCOM claimed that they presented an imminent threat to shipping. CENTCOM claimed the destruction of 3 Houthi mobile anti-ship missiles and 3 drone boats between 8:45 pm and 9:40 pm Sanaa time that day while Houthi sources reported raids on 2 separate locations.",0,False,False
YEM86149,2024-03-11,Strategic developments,Disrupted weapons use,Military Forces of the United States (2021-2025),Military Forces of Yemen (2017-) Houthi,Dabarah,15.212,42.626,"Interception: On 11 March 2024, US forces conducted 4 strikes to intercept 1 unmanned underwater vessel and/or anti-ship missiles in Ras Isa (in Dabarah) (As Salif, Al Hudaydah). CENTCOM claimed that they presented an imminent threat to shipping. CENTCOM claimed the destruction of 1 Houthi unmanned underwater vessel and 18 anti-ship missiles between 2:50 pm and 11:30 pm Sanaa time that day without providing locations while Houthi sources reported raids on 5 separate locations in Al Hudaydah and Sadah governorates.",0,False,False
YEM86173,2024-03-14,Strategic developments,Disrupted weapons use,Military Forces of the United States (2021-2025),Military Forces of Yemen (2017-) Houthi,Dabarah,15.212,42.626,"Interception: On 14 March 2024, US forces conducted 3 raids/strikes to intercept Houthi anti-ship missiles and/or drones in Ras Isa (in Dabarah) (As Salif, Al Hudaydah). CENTCOM claimed that they presented an imminent threat to shipping. CENTCOM claimed the destruction of 9 Houthi mobile anti-ship missiles and 2 drones that day without providing locations while Houthi sources reported raids on 5 separate locations in Al Hudaydah and Hajjah governorates.",0,False,False
YEM87272,2024-04-30,Strategic developments,Disrupted weapons use,Military Forces of the United States (2021-2025),Military Forces of Yemen (2017-) Houthi,Dabarah,15.212,42.626,"Interception: On 30 April 2024, at around 1:50 pm Sanaa time, US forces conducted a raid/strike on 1 Houthi drone boat in Ras Isa (in Dabarah) (As Salif, Al Hudaydah). CENTCOM claimed that it presented an imminent threat to shipping. CENTCOM claimed the destruction of 1 drone boat without providing locations while Houthi sources reported 1 raid on Ras Isa (in Dabarah).",0,False,False
YEM84663,2024-01-12,Explosions/Remote violence,Air/drone strike,Military Forces of the United States (2021-2025),Military Forces of Yemen (2017-) Houthi,Dayr Umar,14.783,43.077,"On 12 January 2024, at around 2:30 am Sanaa time, US forces conducted strikes on a Houthi drone and missile depot around Dayr Umar in the east of Al Hudaydah city (Ad Durayhimi, Al Hudaydah). 0 fatalities coded to this event. This was part of a joint US-UK operation that day that struck over 60 Houthi targets in at least 18 locations (16 claimed by the US + 2 claimed by the UK) that included command and control nodes, munitions depots, launching systems, production facilities, and air defense radar systems. US Navy used fighter jets from aircraft carrier USS Dwight D. Eisenhower and Tomahawk missiles from surface warships and a submarine, and US Air Force used additional fighter jets. Houthi forces reported a total of 73 raids that resulted in 8 fatalities and at least 3 injuries. 8 fatalities split between 18 events.",0,False,False
YEM107720,2025-09-25,Explosions/Remote violence,Air/drone strike,Military Forces of Israel (2022-),Military Forces of Yemen (2017-) Houthi,Dhahaban,15.423,44.177,"On 25 September 2025, Israeli forces targeted, using jets and warships, the Dhahaban power station in Dhahaban (Bani al Harith, Amanat al Asimah). Israeli forces conducted over 15 airstrikes, dropping over 65 bombs over Amanat al Asimah governorate targeting Houthi military leaders, command headquarters, and weapons depots on 25 September resulting in 11 deaths (including 4 children and 2 women) and the injury of 205 (including 63 children and 37 women). Houthi forces claimed they used land-to-air missiles at Israeli jets forcing 'thwarting' part of the Israeli attack, but this was not confirmed by third-party sources. The Israeli government reported the strikes killed 'dozens' of Houthi elements, with local sources reported 20-30 Houthi fatalities. Fatalities coded as 20 on the Houthi side following the most conservative estimate. Fatalities split across 8 events, 5 fatalities coded to this event (1 civilian + 4 Houthi).",5,False,False
YEM107721,2025-09-25,Explosions/Remote violence,Air/drone strike,Military Forces of Israel (2022-),Military Forces of Yemen (2017-) Houthi,Dhahaban,15.423,44.177,"On 25 September 2025, Israeli forces targeted, using jets and warships, the General Corporation for Electrical Industries and Renewable Energy by the forensic evidence workshop near Dhahaban (Bani Al Harith, Amanat al Asimah). Israeli forces conducted over 15 airstrikes, dropping over 65 bombs over Amanat al Asimah governorate targeting Houthi military leaders, command headquarters, and weapons depots on 25 September resulting in 11 deaths (including 4 children and 2 women) and the injury of 205 (including 63 children and 37 women). Houthi forces claimed they used land-to-air missiles at Israeli jets forcing 'thwarting' part of the Israeli attack, but this was not confirmed by third-party sources. The Israeli government reported the strikes killed 'dozens' of Houthi elements, with local sources reported 20-30 Houthi fatalities. Fatalities coded as 20 on the Houthi side following the most conservative estimate. Fatalities split across 8 events, 4 fatalities coded to this event (1 civilian + 3 Houthi).",4,False,False
YEM106678,2025-08-18,Strategic developments,Change to group/activity,Military Forces of Yemen (2017-) Houthi,nan,Dhamar,14.543,44.405,"Movement of forces: Around 16 August 2025 (as reported), Houthi forces transferred missiles, launch platforms, drone systems, and guidance equipment to the mountainous regions and regions overlooking the Red Sea and Strait of Bab el Mandeb of the governorates of Raymah (coded to governorate capital Al Jabin) (Al Jabin), Dhamar (coded to governorate capital Dhamar) (Dhamar City), Al Mahwit (coded to governorate capital Al Mahwit) (Al Mahwait City), Ibb (coded to governorate capital Ibb) (Al Mashannah), and Taizz (coded to governorate capital Taizz).",0,False,False
YEM84752,2024-01-17,Strategic developments,Disrupted weapons use,Military Forces of the United States (2021-2025),Military Forces of Yemen (2017-) Houthi,Dhamar al Qarn,14.505,44.406,"Interception: On 17 January 2024, at around 11:59 pm Sanaa time, US Navy forces launched missile strikes from surface ships and submarine to intercept 14 Houthi missiles in six locations: the technical institute in As Sawmaah district (Al Bayda), Haruniyah Junction east of As Salif (coded to Jabal Qumah) (Al Munirah, Al Hudaydah), the military police camp in Dhamar al Qarn (Anss, Dhamar), Jabal Sama and Takhyah (Majz, Sadah), and Al Hawban (At Taiziyah, Taizz). The missiles were struck as they were loaded on launch rails and ready to be fired in the Red Sea or the Gulf of Aden.",0,False,False
YEM86027,2024-03-08,Explosions/Remote violence,Shelling/artillery/missile attack,Military Forces of Yemen (2017-) Houthi,nan,Dhi Jalal,13.624,44.708,"On 8 March 2024, Houthi forces fired 1 ballistic missile that fell short and crashed in an empty area in Amur in Al Azariq district (coded to Dhi Jalal) (Ad Dali). There were no fatalities or injuries. The source speculated that the missile was targeting the Gulf of Aden. On the same day Houthi forces carried out a missile attack against a commercial ship in the Gulf of Aden.",0,False,False
YEM88136,2024-05-30,Explosions/Remote violence,Air/drone strike,Military Forces of the United Kingdom (2010-2024),Military Forces of Yemen (2017-) Houthi,Ghulayfiqah,14.428,43.02,"On 30 May 2024, in the late evening, UK Royal Air Force forces conducted 2 raids/strikes with Typhoon jets on a set of Houthi facilities in Ghulayfiqah (Ad Durayhimi, Hudaydah). There were no fatalities or injuries. This was part of a joint US-UK operation that day (the fifth since January 2024) that struck Houthi targets at 7 locations that included drone control facilities, drone storage facilities, surface-to-air weapons facilities, command and control facilities, missile launchers, and a Houthi vessel. Houthi forces reported a total of 13 raids that resulted in 16 fatalities and 42 injuries including civilians noting that all fatalities and most of the injuries took place at Al Hudaydah radio tower building and in As Salif port in Al Hudaydah while 1 injury took place in Sanaa city.",0,False,False
YEM98913,2025-04-23,Explosions/Remote violence,Air/drone strike,Military Forces of the United States (2025-),Military Forces of Yemen (2017-) Houthi,Ghuwarraq,13.942,43.187,"On 23 April 2025, US forces conducted 6 airstrikes targeting Houthi positions at frontlines in Ghuwarraq, Al Fazzah, and Al Jabaliyah areas (At Tuhayat), 5 airstrikes targeting Houthi weapon storage depots and camps at Al Hudaydah - Al Hudaydah International Airport (Al Hawak), a number of airstrikes targeting Kamaran island (Kamaran), 2 airstrikes targeting As Salif Port (As Salif), an unspecified number of strikes targeting the naval base and coastal defense camp in the vicinity of Al Hudaydah - Naval College (Al Mina) (Al Hudaydah) (Al Mina), and a number of strikes targeting Al Hudaydah city and its environs (Al Hudaydah). Casualties unknown.",0,False,False
YEM83954,2023-11-27,Explosions/Remote violence,Shelling/artillery/missile attack,Military Forces of Yemen (2017-) Houthi,nan,Gulf of Aden,12.534,47.858,"On 27 November 2023, suspected Houthi forces launched at least 1 ballistic missile in the Gulf of Aden around 50 nm southwest of Aden. The missile fell 5 nautical miles off the Central Park chemical/oil products tanker (IMO: 9725823 -- renamed Caifu Chao in December 2023) and 10 nautical miles off the US Navy destroyer USS Mason. The incident took place hours after the USS Mason thwarted an attempted hijacking of the ship by Somali nationals in the area. Houthi forces did not claim the attack. The ship was operated and managed by UK-registered company Zodiac Maritime, owned by Israeli shipping magnate Eyal Ofer.",0,True,False
YEM84603,2024-01-11,Explosions/Remote violence,Shelling/artillery/missile attack,Military Forces of Yemen (2017-) Houthi,nan,Gulf of Aden,12.534,47.858,"On 11 January 2024, suspected Houthi forces fired 1 anti-ship ballistic missile in international shipping lanes in the Gulf of Aden. There were no fatalities or injuries as the missile impacted the water. Houthi forces did not claim the attack.",0,False,False
YEM84654,2024-01-12,Explosions/Remote violence,Shelling/artillery/missile attack,Military Forces of Yemen (2017-) Houthi,nan,Gulf of Aden,12.534,47.858,"On 12 January 2024, suspected Houthi forces fired 1 anti-ship ballistic missile targeting the Khalissa crude oil tanker (IMO: 9388780) in the Gulf of Aden around 90 nm southeast of Aden. There were no fatalities or injuries as the missile impacted water around 500 m from the ship. Houthi forces did not claim the attack, likely because the ship was carrying Russian oil and was targeted by mistake based on outdated data affiliating the ship to the UK rather than Russia.",0,True,False
YEM84731,2024-01-15,Explosions/Remote violence,Shelling/artillery/missile attack,Military Forces of Yemen (2017-) Houthi,Civilians (International),Gulf of Aden,12.534,47.858,"On 15 January 2024, Houthi forces fired 1 anti-ship ballistic missile targeting the Gibraltar Eagle bulk carrier (IMO: 9702508) in the Gulf of Aden around 95 nm southeast of Aden claiming US affiliation of the ship. There were no fatalities or injuries although the missile struck the ship inflicting minor damage. The missile was fired from the Mukayras district in Al Bayda governorate. The ship was owned and operated by US-registered companies.",0,False,False
YEM84764,2024-01-17,Explosions/Remote violence,Shelling/artillery/missile attack,Military Forces of Yemen (2017-) Houthi,Civilians (International),Gulf of Aden,12.534,47.858,"On 17 January 2024, Houthi forces fired 1 one-way attack drone targeting the Genco Picardy bulk carrier (IMO: 9301720) in the Gulf of Aden around 60 nm southeast of Aden claiming US affiliation of the ship. There were no fatalities or injuries although the missile struck the ship and inflicted damage that started a fire. The ship was owned and operated by US-registered companies.",0,False,False
YEM84777,2024-01-18,Explosions/Remote violence,Shelling/artillery/missile attack,Military Forces of Yemen (2017-) Houthi,nan,Gulf of Aden,12.534,47.858,"On 18 January 2024, Houthi forces fired 2 anti-ship ballistic missiles targeting the Chem Ranger chemical/oil products tanker (IMO: 9490296) in the Gulf of Aden around 115 nm southeast of Aden claiming US affiliation of the ship. There were no fatalities or injuries as the missiles impacted the water near the ship. US forces confirmed the incident at around 9:00 pm Sanaa time while UKMTO reported another incident at around 10:00 pm in what seems to be the same event according to MSCHOA. The US affiliation of the ship was contested by a number of reports.",0,True,False
YEM84778,2024-01-18,Explosions/Remote violence,Air/drone strike,Military Forces of Yemen (2017-) Houthi,nan,Gulf of Aden,12.534,47.858,"On 18 January 2024, at around 9:30 pm Sanaa time, unidentified forces (likely Houthi forces) fired at least 1 one-way attack drone targeting the Genco Picardy bulk carrier (IMO: 9301720) in the Gulf of Aden around 85 nm southeast of Ash Shihr. There were no fatalities or injuries as the drone impacted the water near the ship. The attack was not claimed by Houthi forces nor CENTCOM although it took place a day after Houthi forces claimed an attack against the ship claiming US affiliation of the ship. The ship was owned and operated by US-registered companies.",0,False,False
YEM85039,2024-01-22,Explosions/Remote violence,Shelling/artillery/missile attack,Military Forces of Yemen (2017-) Houthi,nan,Gulf of Aden,12.534,47.858,"On 22 January 2024, Houthi forces claimed to have fired anti-ship missiles at the Ocean Jazz heavy load carrier (IMO: 9509970) in the Gulf of Aden claiming US affiliation of the ship as it was carrying US military cargo. There were no fatalities or injuries as the missiles likely impacted the water before reaching the intended target. The attack was not confirmed by other sources with the US Navy denying that any successful attack took place as it maintained constant communications with the ship through its safe transit. The ship was US-flagged, and owned, operated, and managed by US-registered companies.",0,False,False
YEM84981,2024-01-26,Explosions/Remote violence,Shelling/artillery/missile attack,Military Forces of Yemen (2017-) Houthi,Civilians (International),Gulf of Aden,12.534,47.858,"On 26 January 2024, at around 7:45 pm Sanaa time, Houthi forces fired 1 anti-ship ballistic missile targeting the Marlin Luanda crude oil tanker (IMO: 9829899) in the Gulf of Aden around 60 nm southeast of Aden claiming UK affiliation of the ship. There were no fatalities or injuries although the missile struck the ship and led to a major fire as the ship was transporting a highly flammable cargo. Warships from three different nations assisted the ship (US Navy destroyer USS Carney, French Navy frigate FS Alsace, and Indian Navy frigate INS Visakhapatnam) and put down the fire. The ship was owned and operated by UK-registered companies.",0,True,False
YEM84986,2024-01-26,Strategic developments,Disrupted weapons use,Military Forces of the United States (2021-2025),Military Forces of Yemen (2017-) Houthi,Gulf of Aden,12.534,47.858,"Interception: On 26 January 2024, US Navy destroyer USS Carney shot down 3 Houthi anti-ship ballistic missiles in the Gulf of Aden around 60 nm southwest of Aden. The USS Carney shot down 2 missiles that targeted the Achilles crude oil tanker (IMO: 9368223) and 1 missile that was fired toward the warship. Houthi forces did not claim the attack.",0,True,False
YEM85043,2024-01-29,Explosions/Remote violence,Shelling/artillery/missile attack,Military Forces of Yemen (2017-) Houthi,Military Forces of the United States (2021-2025),Gulf of Aden,12.534,47.858,"On 29 January 2024, Houthi forces claimed to have fired 1 anti-ship missile targeting US Navy expeditionary mobile base USS Lewis B. Puller in the Gulf of Aden. There were no fatalities or injuries as the missiles likely impacted the water before reaching the intended target. Houthi forces claimed to have targeted the ship as it was providing support to US forces striking Houthi targets in Yemen. The attack was not confirmed by other sources with US officials denying that any successful attack had taken place.",0,False,False
YEM85164,2024-01-31,Strategic developments,Disrupted weapons use,Military Forces of the United States (2021-2025),Military Forces of Yemen (2017-) Houthi,Gulf of Aden,12.534,47.858,"Interception: On 31 January 2024, at around 8:30 pm Sanaa time, US Navy destroyer USS Carney shot down 1 Houthi anti-ship ballistic missile in the Gulf of Aden. Although the missile came the closest a Houthi missile had gotten to a US ship (one mile) this took place as Houthi forces claimed a missile attack targeting the Koi container ship (IMO: 9461489) claiming US affiliation of the ship and that the ship was heading toward Israel. Maritime security firm Ambrey reported an explosion around 70 nautical miles southwest of Aden. The ship was owned and operated by UK-registered companies.",0,False,False
YEM85165,2024-02-01,Strategic developments,Disrupted weapons use,Military Forces of the United States (2021-2025),Military Forces of Yemen (2017-) Houthi,Gulf of Aden,12.534,47.858,"Interception: On 1 February 2024, at around 5:00 am Sanaa time, US forces (whether warships or aircrafts unspecified) shot down 1 Houthi drone over the Gulf of Aden. Potential targets were unidentified/not reported. Houthi forces did not claim the attack.",0,False,False
YEM85174,2024-02-02,Strategic developments,Disrupted weapons use,Military Forces of the United States (2021-2025),Military Forces of Yemen (2017-) Houthi,Gulf of Aden,12.534,47.858,"Interception: On 2 February 2024, at around 10:30 am Sanaa time, US Navy destroyer USS Carney shot down 1 suspected Houthi drone (likely armed) over the Gulf of Aden. Potential targets were unidentified/not reported. Houthi forces did not claim the attack.",0,False,False
YEM85255,2024-02-07,Strategic developments,Disrupted weapons use,Military Forces of the United States (2021-2025),Military Forces of Yemen (2017-) Houthi,Gulf of Aden,12.534,47.858,"Interception: On 6 February 2024, at 4:30 pm Sanaa time, US Navy destroyer USS Laboon intercepted 1 Houthi anti-ship ballistic missile in the Gulf of Aden. The missile was intercepted as it was targeting the Star Nasia bulk carrier (IMO: 9361237) which had been the target of two missile launches earlier that day with Houthi forces claiming US affiliation of the ship. The ship was owned by a Greece-registered company listed in the US.",0,False,False
YEM85353,2024-02-07,Explosions/Remote violence,Shelling/artillery/missile attack,Military Forces of Yemen (2017-) Houthi,Civilians (International),Gulf of Aden,12.534,47.858,"On 6 February 2024, at around 3:20 am and 2:00 pm Sanaa time, Houthi forces fired 2 anti-ship ballistic missiles targeting the Star Nasia bulk carrier (IMO: 9361237) while transiting the Gulf of Aden claiming US affiliation of the ship. There were no fatalities or injuries although the first missile caused minor damage at it exploded near the ship at an unspecified location. The second missile impacted the water 50 meters from the ship around 53 nm south of Aden. The ship was owned by a Greece-registered company listed in the US.",0,False,False
YEM85513,2024-02-13,Explosions/Remote violence,Shelling/artillery/missile attack,Military Forces of Yemen (2017-) Houthi,nan,Gulf of Aden,12.534,47.858,"On 13 February 2024, around 9:20 pm Sanaa time, suspected Houthi forces fired 1 anti-ship ballistic missile toward the Gulf of Aden. There were no fatalities or injuries as the missile did not impact near any ships. CENTCOM claimed to have taken no action as the missile was tracked and not projected to impact near any ships. Potential targets were unidentified/not reported. Houthi forces did not claim the attack.",0,False,False
YEM85446,2024-02-15,Explosions/Remote violence,Shelling/artillery/missile attack,Military Forces of Yemen (2017-) Houthi,Civilians (International),Gulf of Aden,12.534,47.858,"On 15 February 2024, around 4:30 pm Sanaa time, Houthi forces fired 1 anti-ship ballistic missile targeting the Lycavitos bulk carrier (IMO: 9368857) in the Gulf of Aden around 85 nm east of Aden claiming UK affiliation of the ship. There were no fatalities or injuries although the missile exploded 100 meters from the ship causing minor damage. The ship was owned, operated, and managed by UK-registered companies.",0,False,False
YEM85635,2024-02-19,Strategic developments,Disrupted weapons use,Military Forces of the United States (2021-2025),Military Forces of Yemen (2017-) Houthi,Gulf of Aden,12.534,47.858,"Interception: On 19 February 2024, between 8:00 pm Sanaa time and the end of the day, US warships (names undisclosed) and aircrafts shot down 8 Houthi one-way attack UAVs in the Gulf of Aden and in the South Red Sea. Houthi forces claimed the attacks claiming to have targeted US warships with drones in the two waterways.",0,False,False
YEM85636,2024-02-19,Strategic developments,Disrupted weapons use,Military Forces of France (2017-),Military Forces of Yemen (2017-) Houthi,Gulf of Aden,12.534,47.858,"Interception: On 19 February 2024, between 8:00 pm Sanaa time and the end of the day, French Navy frigate Languedoc shot down 1 Houthi one-way attack UAV in the Gulf of Aden. The intended targets were presumably US warships as Houthi forces claimed to have targeted US warships with drones in the waterway.",0,False,False
YEM85637,2024-02-19,Explosions/Remote violence,Shelling/artillery/missile attack,Military Forces of Yemen (2017-) Houthi,Civilians (International),Gulf of Aden,12.534,47.858,"On 19 February 2024, between 12:30 pm and 1:50 pm Sanaa time, Houthi forces fired 2 anti-ship ballistic missiles targeting the Sea Champion bulk carrier (IMO: 9299915) in the Gulf of Aden around 100 nm east of Aden claiming US affiliation of the ship. There were no fatalities or injuries although one of the missiles exploded 50 meters from the ship causing minor paintwork damage. The ship was operated and managed by a Greece-registered company that is controlled by Greek interests based in Greece and in the US according to TradeWinds. The ship was carrying foodstuffs, including grain, to Yemen, including the Houthi-controlled port of Hudaydah.",0,False,False
YEM86282,2024-02-20,Explosions/Remote violence,Shelling/artillery/missile attack,Military Forces of Yemen (2017-) Houthi,nan,Gulf of Aden,12.534,47.858,"On 20 February 2024, Houthi forces fired anti-ship missiles targeting the MSC Silver II general cargo ship (IMO: 9225249) in the Gulf of Aden claiming Israeli affiliation of the ship. There were no fatalities or injuries as the ship was not impacted. CENTCOM and UKMTO did not report on the attack but the attack was confirmed by security analysts. Houthi forces have been labeling MSC ships as 'Israeli' possibly because of the dual Swiss-Israeli citizenship of one of MSC's co-founder and co-owner.",0,False,False
YEM85674,2024-02-22,Explosions/Remote violence,Shelling/artillery/missile attack,Military Forces of Yemen (2017-) Houthi,Civilians (International),Gulf of Aden,12.534,47.858,"On 22 February 2024, between 8:30 am and 9:45 am Sanaa time, Houthi forces fired 2 anti-ship ballistic missiles targeting the Islander general cargo ship (IMO: 9136565) in the Gulf of Aden around 70 nm southeast of Aden claiming UK affiliation of the ship. The attack resulted in 1 minor injury and led to a fire on the ship. The UK affiliation of the ship was contested by a number of reports.",0,False,False
YEM85815,2024-02-26,Strategic developments,Disrupted weapons use,Military Forces of the United States (2021-2025),Military Forces of Yemen (2017-) Houthi,Gulf of Aden,12.534,47.858,"Interception: On 24 February 2024, at around 5:00 pm Sanaa time, US Navy destroyer USS Mason intercepted 1 Houthi anti-ship ballistic missile in the Gulf of Aden. The missile was intercepted as it was likely targeting the Torm Thor chemical/oil products tanker (IMO: 9712292) with Houthi forces claiming US affiliation of the ship. The ship was targeted with another missile that impacted the water near the ship later in the day. The ship was US-flagged, and owned, operated, and managed by US-registered companies.",0,True,False
YEM85827,2024-02-26,Explosions/Remote violence,Shelling/artillery/missile attack,Military Forces of Yemen (2017-) Houthi,nan,Gulf of Aden,12.534,47.858,"On 24 February 2024, at around 11:45 pm Sanaa time, Houthi forces fired 1 anti-ship ballistic missile targeting the Torm Thor chemical/oil products tanker (IMO: 9712292) in the Gulf of Aden around 70 nm east of the port of Djibouti claiming US affiliation of the ship. There were no fatalities or injuries as the missile impacted the water near the ship. The ship was US-flagged, and owned, operated, and managed by US-registered companies.",0,True,False
YEM85991,2024-03-04,Explosions/Remote violence,Shelling/artillery/missile attack,Military Forces of Yemen (2017-) Houthi,Civilians (International),Gulf of Aden,12.534,47.858,"On 4 March 2024, between 3:50 pm and 4:15 pm Sanaa time, Houthi forces fired 2 anti-ship ballistic missiles targeting the MSC Sky II container ship (IMO: 9162277) in the Gulf of Aden around 91 nm southeast of Aden claiming Israeli affiliation of the ship. There were no injuries or fatalities although 1 of the missiles impacted the ship causing a fire. Houthi forces have been labeling MSC ships as 'Israeli' possibly because of the dual Swiss-Israeli citizenship of one of MSC's co-founder and co-owner.",0,False,False
YEM86018,2024-03-06,Explosions/Remote violence,Shelling/artillery/missile attack,Military Forces of Yemen (2017-) Houthi,Civilians (International),Gulf of Aden,12.534,47.858,"On 6 March 2024, at around 11:30 am Sanaa time, Houthi forces fired 1 anti-ship ballistic missile targeting the True Confidence bulk carrier (IMO: 9460784) in the Gulf of Aden around 54 nm southwest of Aden claiming US affiliation of the ship. The attack resulted in 3 fatalities (2 Filipinos and 1 Vietnamese) and at least 4 injuries as the missile struck the ship. The ship sustained significant damage forcing the crew to abandon it. The ship previously had links to US investment fund Oaktree Capital Management although the links did not exist anymore at the time of the attack according to TradeWinds.",3,False,False
YEM86025,2024-03-07,Strategic developments,Disrupted weapons use,Military Forces of the United States (2021-2025),Military Forces of Yemen (2017-) Houthi,Gulf of Aden,12.534,47.858,"Interception: On 7 March 2024, between 3:35 pm and 4:55 pm Sanaa time, US forces (whether warships or aircrafts unspecified) shot down 3 suspected Houthi one-way attack drones in the Gulf of Aden. Potential targets were unidentified/not reported. Houthi forces did not claim the attack.",0,False,False
YEM86110,2024-03-08,Explosions/Remote violence,Shelling/artillery/missile attack,Military Forces of Yemen (2017-) Houthi,nan,Gulf of Aden,12.534,47.858,"On 8 March 2024, at around 3:55 pm Sanaa time, Houthi forces fired 2 anti-ship ballistic missiles targeting the Propel Fortune bulk carrier (IMO: 9500699) in the Gulf of Aden around 50 nm southeast of Aden claiming US affiliation of the ship. There were no fatalities or injuries as the missiles impacted the water near the ship. The ship previously had links to US investment fund Oaktree Capital Management although the links did not exist anymore at the time of the attack according to Lloyd's List Intelligence.",0,False,False
YEM86138,2024-03-11,Strategic developments,Disrupted weapons use,Military Forces of the United States (2021-2025),Military Forces of Yemen (2017-) Houthi,Gulf of Aden,12.534,47.858,"Interception: On 9 March 2024, between 4:00 am and 8:20 am Sanaa time, US warships and aircraft shot down at least 18 Houthi one-way attack drones in the South Red Sea and the Gulf of Aden. This took place as Houthi forces claimed to have targeted US Navy destroyers in the two waterways with 37 drones.",0,False,False
YEM86139,2024-03-11,Strategic developments,Disrupted weapons use,Military Forces of France (2017-),Military Forces of Yemen (2017-) Houthi,Gulf of Aden,12.534,47.858,"Interception: On 9 March 2024, between 4:00 am and 7:00 am Sanaa time, French Navy frigate Alsace and French aircrafts shot down 4 Houthi one-way attack drones in the Gulf of Aden. The intended targets were likely US warships as Houthi forces claimed to have targeted US Navy destroyers with 37 drones in the South Red Sea and the Gulf of Aden.",0,False,False
YEM86169,2024-03-13,Strategic developments,Disrupted weapons use,Military Forces of Greece (2019-),Military Forces of Yemen (2017-) Houthi,Gulf of Aden,12.534,47.858,"Interception: On 13 March 2024, Hellenic Navy frigate Hydra intercepted 2 suspected Houthi drones (unclear whether weaponized or not) in the Gulf of Aden. The drones withdrew and alternated course away from the ship after being targeted by the warship's 127 mm gun. Potential targets were unidentified/not reported. Houthi forces did not claim the attack.",0,False,False
YEM86170,2024-03-13,Explosions/Remote violence,Shelling/artillery/missile attack,Military Forces of Yemen (2017-) Houthi,nan,Gulf of Aden,12.534,47.858,"On 13 March 2024, between 2:00 am and 4:50 pm Sanaa time, suspected Houthi forces fired 1 anti-ship ballistic missile in the Gulf of Aden. There were no fatalities or injuries as the missile impacted the water. Potential targets were unidentified/not reported. Houthi forces did not claim the attack.",0,False,False
YEM86178,2024-03-14,Explosions/Remote violence,Shelling/artillery/missile attack,Military Forces of Yemen (2017-) Houthi,nan,Gulf of Aden,12.534,47.858,"On 14 March 2024, between 6:50 am Sanaa time and the end of the day, suspected Houthi forces fired 2 anti-ship ballistic missiles in the Gulf of Aden including 1 missile around 50 nm southeast of Aden. There were no fatalities or injuries as the missiles impacted the water. Potential targets were unidentified/not reported. Houthi forces did not claim the attack.",0,False,False
YEM86314,2024-03-18,Explosions/Remote violence,Shelling/artillery/missile attack,Military Forces of Yemen (2017-) Houthi,nan,Gulf of Aden,12.534,47.858,"On 17 March 2024, at around 3:30 am Sanaa time, Houthi forces fired 1 anti-ship missile targeting the Mado LPG tanker (IMO: 9694622) in the Gulf of Aden around 85 nm east of Aden claiming US affiliation of the ship. There were no fatalities or injuries as the missile impacted the water and exploded 200 meters from the ship. Houthi forces claimed a missile attack targeting the Mado on 19 March, likely referring to events on 15 and 17 March (the ship was targeted in the South Red Sea on 15 March and in the Gulf of Aden on 17 March). The ship previously had links to US company ExxonMobil although the links did not exist anymore at the time of the attack according to MarineTraffic.",0,True,False
YEM86527,2024-03-25,Explosions/Remote violence,Shelling/artillery/missile attack,Military Forces of Yemen (2017-) Houthi,nan,Gulf of Aden,12.534,47.858,"On 23 March 2024, Houthi forces claimed to have fired ballistic missiles targeting the Maersk Saratoga container ship (IMO: 9289207) in the Gulf of Aden claiming US affiliation of the ship. There were no fatalities or injuries as the missiles likely impacted the water before reaching the intended target. The attack was not confirmed by other sources with Maersk shipping company noting that the ship hadn't reported any such incident. The ship was US-flagged, and owned, operated, and managed by US-registered companies. Houthi forces claimed that the attack took place over the previous 72 hours on 26 March, seemingly referring to the 21-23 March period. The Maersk Saratoga departed from Djibouti on 23 March after staying 7 days in port.",0,False,False
YEM86883,2024-04-08,Explosions/Remote violence,Shelling/artillery/missile attack,Military Forces of Yemen (2017-) Houthi,nan,Gulf of Aden,12.534,47.858,"On 7 April 2024, at around 8:00 am Sanaa time, Houthi forces fired 1 anti-ship ballistic missile targeting the Hope Island container ship (IMO: 9263320) in the Gulf of Aden around 60 nm southwest of Aden claiming UK affiliation of the ship. There were no fatalities or injuries as the missile impacted the water. Houthi forces claimed a missile attack targeting the Hope Island on 7 April, likely referring to events on 6 and 7 April (the ship was targeted in the South Red Sea on 6 April and in the Gulf of Aden on 7 April). A total of 5 missiles targeted the ship. The ship was owned by UK-based shipping company Borealis Maritime at the time of the attack according to TradeWinds and MarineTraffic.",0,False,False
YEM86910,2024-04-08,Explosions/Remote violence,Shelling/artillery/missile attack,Military Forces of Yemen (2017-) Houthi,nan,Gulf of Aden,12.534,47.858,"Around 7 April 2024 (between 6 - 7 April), Houthi forces claimed to have fired ballistic and cruise missiles targeting the MSC Gina container ship (IMO: 9200689) in the Arabian Sea claiming Israeli affiliation of the ship and that the ship was headed to Israel. There were no fatalities or injuries as the missiles likely impacted the water. Ambrey maritime intelligence firm reported an attack targeting a commercial ship around 100 nm southwest of Al Mukalla, likely referring to the same event (coded to Gulf of Aden). Houthi forces claimed on 7 April to have carried out the attack over the previous 72 hours, with data showing the ship sailing from Salalah, Oman, to Berbera, Somalia, between 6 April and 8 April. Houthi forces have been labeling MSC ships as 'Israeli' possibly because of the dual Swiss-Israeli citizenship of one of MSC's co-founder and co-owner.",0,False,False
YEM86899,2024-04-09,Strategic developments,Disrupted weapons use,Military Forces of the United States (2021-2025),Military Forces of Yemen (2017-) Houthi,Gulf of Aden,12.534,47.858,"Interception: On 9 April 2024, at around 3:00 am Sanaa time, US forces including US Navy destroyer USS Mason shot down 1 anti-ship ballistic missile in the Gulf of Aden around 36 nm southeast of Aden as they were responding to a Houthi attack targeting the Maersk Yorktown container ship (IMO: 9289192) with Houthi forces claiming US affiliation of the ship. The attack took place as the Maersk Yorktown was escorted by both the USS Laboon and the USS Mason between Oman and Djibouti. Houthi forces claimed an attack targeting the Maersk Yorktown on 10 April, likely referring to this event. The ship was US-flagged, and owned, operated, and managed by US-based companies.",0,False,False
YEM86906,2024-04-10,Explosions/Remote violence,Shelling/artillery/missile attack,Military Forces of Yemen (2017-) Houthi,nan,Gulf of Aden,12.534,47.858,"On 10 April 2024, Houthi forces fired anti-ship missiles targeting the MSC Darwin VI container ship (IMO: 9200689) in the Gulf of Aden claiming Israeli affiliation of the ship. There were no injuries or fatalities as the missile likely impacted the water before reaching the intended target. The attack was not confirmed by other sources but the presence of the ship in the waterway was confirmed by shipping data. Houthi forces have been labeling MSC ships as 'Israeli' possibly because of the dual Swiss-Israeli citizenship of one of MSC's co-founder and co-owner.",0,False,False
YEM86907,2024-04-10,Explosions/Remote violence,Shelling/artillery/missile attack,Military Forces of Yemen (2017-) Houthi,nan,Gulf of Aden,12.534,47.858,"On 10 April 2024, Houthi forces fired anti-ship missiles targeting the MSC Gina container ship (IMO: 9202663) in the Gulf of Aden claiming Israeli affiliation of the ship. There were no injuries or fatalities as the missile likely impacted the water before reaching the intended target. The attack was not confirmed by other sources but the presence of the ship in the waterway was confirmed by shipping data. Houthi forces had previously claimed an attack on the ship between 5-7 April. Houthi forces have been labeling MSC ships as 'Israeli' possibly because of the dual Swiss-Israeli citizenship of one of MSC's co-founder and co-owner.",0,False,False
YEM86909,2024-04-10,Strategic developments,Disrupted weapons use,Military Forces of the United States (2021-2025),Military Forces of Yemen (2017-) Houthi,Gulf of Aden,12.534,47.858,"Interception: On 10 April 2024, between 4:15 am and 6:00 am Sanaa time, US forces (whether warships or aircrafts unspecified) shot down 2 Houthi drones in the Gulf of Aden as Houthi forces claimed to have conducted a drone attack against a US warship (name undisclosed) in the waterway.",0,False,False
YEM87101,2024-04-24,Strategic developments,Disrupted weapons use,Military Forces of the United Kingdom (2010-2024),Military Forces of Yemen (2017-) Houthi,Gulf of Aden,12.534,47.858,"Interception: On 24 April 2024, at around 11:55 am Sanaa time, UK Navy destroyer HMS Diamond intercepted 1 Houthi anti-ship ballistic missile in the Gulf of Aden around 72 nm southeast of the port of Djibouti. The interception took place as Houthi forces claimed a missile attack targeting commercial ship Maersk Yorktown container ship (IMO: 9289192) in the Gulf of Aden claiming US affiliation of the ship. The ship was US-flagged, and owned, operated, and managed by US-based companies. Houthi forces had previously targeted the Maersk Yorktown on 9 April.",0,False,False
YEM87075,2024-04-25,Explosions/Remote violence,Shelling/artillery/missile attack,Military Forces of Yemen (2017-) Houthi,nan,Gulf of Aden,12.534,47.858,"On 25 April 2024, at around 10:15 am Sanaa time, Houthi forces fired 1 anti-ship ballistic missile targeting the MSC Darwin VI container ship (IMO: 9200689) in the Gulf of Aden around 15 nm southwest of Aden claiming Israeli affiliation of the ship. There were no fatalities or injuries as the missile impacted the water around 1 km from the ship. Houthi drones were also intercepted in the Gulf of Aden earlier in the day (coded as a separate event) as Houthi forces claimed drone and missile attack targeting the ship. Houthi forces have been labeling MSC ships as 'Israeli' possibly because of MSC's trade relations with Israeli shipping company ZIM or because of the dual Swiss-Israeli citizenship of one of MSC's co-founder and co-owner.",0,False,False
YEM87100,2024-04-25,Strategic developments,Disrupted weapons use,Military Forces of Greece (2019-),Military Forces of Yemen (2017-) Houthi,Gulf of Aden,12.534,47.858,"Interception: On 25 April 2024, at around 5:15 am Sanaa time, Hellenic Navy frigate Hydra intercepted 2 Houthi drones in the Gulf of Aden around 91 nm southeast of Aden while providing protection to the MSC Darwin VI container ship (IMO: 9200689). One drone was shot down and the other changed course. A Houthi missile also targeted the container ship in the Gulf of Aden later in the day (coded as a separate event) as Houthi forces claimed a drone and missile attack targeting the MSC Darwin VI claiming Israeli affiliation of the ship. Houthi forces have been labeling MSC ships as 'Israeli' possibly because of the dual Swiss-Israeli citizenship of one of MSC's co-founder and co-owner.",0,False,False
YEM87439,2024-05-07,Explosions/Remote violence,Air/drone strike,Military Forces of Yemen (2017-) Houthi,nan,Gulf of Aden,12.534,47.858,"On 6 May 2024, between 11:00 pm and 11:50 pm Sanaa time, suspected Houthi forces fired 1 drone that impacted the water in the Gulf of Aden. There were no fatalities or injuries. Potential targets were unidentified/not reported. A total of 3 drones were fired in the Gulf of Aden that day (coded as separate events). One impacted the water and two were intercepted including one around 78 nm southeast of Aden. Houthi forces did not claim the attack.",0,False,False
YEM87440,2024-05-07,Strategic developments,Disrupted weapons use,Military Forces of Italy (2022-),Military Forces of Yemen (2017-) Houthi,Gulf of Aden,12.534,47.858,"Interception: On 6 May 2024, at around 11:00 pm Sanaa time, Italian Navy frigate Virginio Fasan intercepted 1 suspected Houthi drone in the Gulf of Aden around 78 nm southeast of Aden. Potential targets were unidentified/not reported although the interception took place as the Virginio Fasan was providing protection to a commercial ship. A total of 3 drones were fired in the Gulf of Aden that day (coded as separate events). One impacted the water and two were intercepted. Houthi forces did not claim the attack.",0,False,False
YEM87441,2024-05-07,Strategic developments,Disrupted weapons use,Military Forces of the United States (2021-2025),Military Forces of Yemen (2017-) Houthi,Gulf of Aden,12.534,47.858,"Interception: On 6 May 2024, between 11:00 pm and 11:50 pm Sanaa time, US forces (whether warships or aircrafts unspecified) intercepted 1 suspected Houthi drone in the Gulf of Aden. Potential targets were unidentified/not reported. A total of 3 drones were fired in the Gulf of Aden that day (coded as separate events). One impacted the water and two were intercepted including one around 78 nm southeast of Aden. Houthi forces did not claim the attack.",0,False,False
YEM87453,2024-05-07,Explosions/Remote violence,Shelling/artillery/missile attack,Military Forces of Yemen (2017-) Houthi,nan,Gulf of Aden,12.534,47.858,"On 7 May 2024, at around 5:00 am Sanaa time, Houthi forces fired 2 anti-ship ballistic missiles targeting the MSC Diego container ship (IMO: 9202649) and the MSC Gina container ship (IMO: 9202663) in the Gulf of Aden around 82 nm south of Aden claiming Israeli affiliation of the ships. There were no fatalities or injuries as one missile impacted the water 200 m from the ships and the other was intercepted (coded as a separate event). Houthi forces have been labeling MSC ships as 'Israeli' possibly because of MSC's trade relations with Israeli shipping company ZIM or because of the dual Swiss-Israeli citizenship of one of MSC's co-founder and co-owner.",0,False,False
YEM87454,2024-05-07,Strategic developments,Disrupted weapons use,Military Forces of France (2017-),Military Forces of Yemen (2017-) Houthi,Gulf of Aden,12.534,47.858,"Interception: On 7 May 2024, at around 5:00 am Sanaa time, French Navy frigate Lorraine intercepted 1 Houthi anti-ship ballistic missile targeting the MSC Diego container ship (IMO: 9202649) and the MSC Gina container ship (IMO: 9202663) in the Gulf of Aden around 82 nm south of Aden with Houthi forces claiming Israeli affiliation of the ships. A total of 2 missiles were fired in the Gulf of Aden that day (coded as separate events). Houthi forces have been labeling MSC ships as 'Israeli' possibly because of MSC's trade relations with Israeli shipping company ZIM or because of the dual Swiss-Israeli citizenship of one of MSC's co-founder and co-owner.",0,False,False
YEM87576,2024-05-10,Strategic developments,Disrupted weapons use,Unidentified Military Forces,Military Forces of Yemen (2017-) Houthi,Gulf of Aden,12.534,47.858,"Interception: On 10 May 2024, at around 8:45 pm Sanaa time, an aircraft from unidentified 'coalition' forces intercepted 1 suspected Houthi drone in the Gulf of Aden. Potential targets were unidentified/not reported. Houthi forces did not claim the attack.",0,False,False
YEM87726,2024-05-13,Strategic developments,Disrupted weapons use,Military Forces of the United States (2021-2025),Military Forces of Yemen (2017-) Houthi,Gulf of Aden,12.534,47.858,"Interception: On 12 May 2024, at around 3:30 am Sanaa time, US forces (whether warships or aircrafts unspecified) intercepted 1 suspected Houthi drone over the Gulf of Aden. Potential targets were unidentified/not reported. Houthi forces did not claim the attack.",0,False,False
YEM87846,2024-05-20,Explosions/Remote violence,Shelling/artillery/missile attack,Military Forces of Yemen (2017-) Houthi,nan,Gulf of Aden,12.534,47.858,"On 18 May 2024, at around 9:35 pm Sanaa time, suspected Houthi forces fired at least 1 anti-ship ballistic missile in the Gulf of Aden around 35 nautical miles southeast of Aden. There were no fatalities or injuries as the missiles crashed and/or exploded midair. Potential targets were unidentified/not reported. Houthi forces did not claim the attack.",0,False,False
YEM88704,2024-05-31,Explosions/Remote violence,Shelling/artillery/missile attack,Military Forces of Yemen (2017-) Houthi,nan,Gulf of Aden,12.534,47.858,"On 31 May 2024, at around 9:30 am Sanaa time, suspected Houthi forces fired 2 anti-ship ballistic missiles in the Gulf of Aden. There were no fatalities or injuries as the missiles likely impacted the water. Potential targets were unidentified/not reported. Houthi forces did not claim the attack.",0,False,False
YEM88705,2024-05-31,Strategic developments,Disrupted weapons use,Military Forces of the United States (2021-2025),Military Forces of Yemen (2017-) Houthi,Gulf of Aden,12.534,47.858,"Interception: On 31 May 2024, between 2:50 am and 11:00 pm Sanaa time, US forces (whether warships or aircrafts unspecified) intercepted 1 suspected Houthi drone over the Gulf of Aden. Potential targets were unidentified/not reported. Houthi forces did not claim the attack.",0,False,False
YEM88706,2024-06-10,Explosions/Remote violence,Shelling/artillery/missile attack,Military Forces of Yemen (2017-) Houthi,Civilians (International),Gulf of Aden,12.534,47.858,"On 8 June 2024, at around 11:00 pm Sanaa time, Houthi forces fired at least 1 anti-ship ballistic/cruise missile targeting the Norderney general cargo ship (IMO: 9506124) in the Gulf of Aden around 80 nm southeast of Aden claiming affiliation with companies in violation of the Houthi ban to call at Israeli ports. There were no fatalities or injuries although the missile struck the ship and started a small fire onboard. The ship was targeted and struck twice on 8 and 9 June, once with an anti-ship ballistic missile and once with an anti-ship cruise missile, but it is unclear which missile was used on which day.",0,False,False
YEM88708,2024-06-10,Explosions/Remote violence,Shelling/artillery/missile attack,Military Forces of Yemen (2017-) Houthi,Civilians (International),Gulf of Aden,12.534,47.858,"On 9 June 2024, at around 5:30 pm Sanaa time, Houthi forces fired at least 1 anti-ship ballistic/cruise missile targeting the Norderney general cargo ship (IMO: 9506124) in the Gulf of Aden around 89 nm southeast of Aden claiming affiliation with companies in violation of the Houthi ban to call at Israeli ports. There were no fatalities or injuries although the missile struck and damaged the ship. The ship was targeted and struck twice on 8 and 9 June, once with an anti-ship ballistic missile and once with an anti-ship cruise missile, but it is unclear which missile was used on which day.",0,False,False
YEM88707,2024-06-10,Strategic developments,Disrupted weapons use,Military Forces of Italy (2022-),Military Forces of Yemen (2017-) Houthi,Gulf of Aden,12.534,47.858,"Interception: On 9 June 2024, at around 2:30 am Sanaa time, Italian Navy frigate Virginio Fasan intercepted 1 Houthi anti-ship ballistic missile targeting the MSC Tavvishi container ship (IMO: 9189366) in the Gulf of Aden around 70 nm southwest of Aden with Houthi forces claiming affiliation with companies in violation of the Houthi ban to call at Israeli ports. The interception took place as the Virginio Fasan was providing protection to the ship. A total of 5 missiles targeted the ship including 3 that missed and 1 that struck the ship (coded as separate events). Houthi forces have been labeling MSC ships as 'Israeli' possibly because of the dual Swiss-Israeli citizenship of one of MSC's co-founder and co-owner.",0,False,False
YEM88709,2024-06-10,Explosions/Remote violence,Shelling/artillery/missile attack,Military Forces of Yemen (2017-) Houthi,Civilians (International),Gulf of Aden,12.534,47.858,"On 9 June 2024, at around 2:30 am Sanaa time, Houthi forces fired 1 anti-ship ballistic missile targeting the MSC Tavvishi container ship (IMO: 9189366) in the Gulf of Aden around 70 nm southeast of Aden claiming affiliation with companies in violation of the Houthi ban to call at Israeli ports. There were no fatalities or injuries although the missile struck the ship and started a fire onboard. A total of 5 missiles targeted the ship including 3 that missed and 1 that was intercepted by an Italian warship (coded as separate events). Houthi forces have been labeling MSC ships as 'Israeli' possibly because of the dual Swiss-Israeli citizenship of one of MSC's co-founder and co-owner.",0,False,False
YEM88710,2024-06-10,Strategic developments,Disrupted weapons use,Military Forces of the United States (2021-2025),Military Forces of Yemen (2017-) Houthi,Gulf of Aden,12.534,47.858,"Interception: On 9 June 2024, at an unspecified time, US forces (whether warships or aircrafts unspecified) intercepted 1 suspected Houthi drone over the Gulf of Aden. Potential targets were unidentified/not reported. Houthi forces did not claim the attack.",0,False,False
YEM88711,2024-06-10,Strategic developments,Disrupted weapons use,Unidentified Military Forces,Military Forces of Yemen (2017-) Houthi,Gulf of Aden,12.534,47.858,"Interception: On 10 June 2024, at an unspecified time, unidentified military forces (referred to as 'partner forces' by CENTCOM) intercepted 1 suspected Houthi drone over the Gulf of Aden. Potential targets were unidentified/not reported. Houthi forces did not claim the attack.",0,False,False
YEM88712,2024-06-13,Explosions/Remote violence,Shelling/artillery/missile attack,Military Forces of Yemen (2017-) Houthi,Civilians (International),Gulf of Aden,12.534,47.858,"On 13 June 2024, around 1:00 pm Sanaa time, Houthi forces fired 2 anti-ship cruise missiles targeting the Verbena general cargo ship (IMO: 9522075) in the Gulf of Aden around 98 nm east of Aden claiming affiliation with companies in violation of the Houthi ban to call at Israeli ports. The strike severely injured 1 Nepalese crew member as the two missiles struck the ship causing damage and subsequent fires onboard. An aircraft from US Navy cruiser USS Philippine Sea evacuated the injured crew member for medical attention to Royal Netherlands Navy multi-function amphibious support ship HNLMS Karel Doorman. The Verbena was also struck by 1 anti-ship ballistic missile at around 7:20 pm Sanaa time resulting in further minor damage. The crew abandoned the ship around 30 nm northeast of Djibouti on 15 June due to continued fires onboard and the inability to control them. The ship was still on fire and reported to be sinking as it was abandoned.",0,False,False
YEM88081,2024-06-21,Explosions/Remote violence,Shelling/artillery/missile attack,Military Forces of Yemen (2017-) Houthi,nan,Gulf of Aden,12.534,47.858,"On 21 June 2024, at around 22:30 pm Sanaa time, Houthi forces fired 3 missiles in the Gulf of Aden around 126 nm east of Aden that were likely targeting the Transworld Navigator bulk carrier (IMO: 9469924). There were no fatalities or injuries as the missiles impacted the water. Houthi forces claimed a ballistic missile attack targeting the Transworld Navigator in the Arabian Sea claiming affiliation with companies in violation of the Houthi ban to call at Israeli ports while UKMTO and CENTCOM reported missile explosions in the Gulf of Aden in what was likely the same event. The Transworld Navigator turned off its AIS in the Arabian Sea on 18 June as it was sailing toward the Suez Canal where it arrived on 27 June.",0,False,False
YEM88803,2024-06-25,Explosions/Remote violence,Shelling/artillery/missile attack,Military Forces of Yemen (2017-) Houthi,nan,Gulf of Aden,12.534,47.858,"On 25 June 2024, at around 8:00 pm Sanaa time, Houthi forces fired at least 1 missile in the Gulf of Aden around 52 nm south of Aden. There were no fatalities or injuries as the missile impacted the water in close proximity of a ship around 500 m from the ship after flying over the ship. Although the missile fell near the Lila Lisbon bulk carrier (IMO: 9252498) it is unclear whether the ship was targeted. Potential targets were unidentified/not reported. Houthi forces did not claim the attack.",0,False,False
YEM89176,2024-07-08,Strategic developments,Disrupted weapons use,Military Forces of Greece (2019-),Military Forces of Yemen (2017-) Houthi,Gulf of Aden,12.534,47.858,"Interception: On 7 July 2024, at an unspecified time, the Hellenic Navy frigate Psara intercepted 4 suspected Houthi drones in the Gulf of Aden. The frigate downed 2 drones while the other 2 changed their course. At least 1 of the 2 downed drones was a Sammad-type drone. Potential targets were unidentified/not reported, although the interception took place as the frigate was providing close protection to a merchant ship. Houthi forces did not claim the attack.",0,False,False
YEM89298,2024-07-09,Explosions/Remote violence,Air/drone strike,Military Forces of Yemen (2017-) Houthi,nan,Gulf of Aden,12.534,47.858,"On 9 July 2024, Houthi forces claimed a drone attack targeting the MSC Patnaree III container ship (IMO: 9240328) in the Gulf of Aden claiming Israeli affiliation of the ship. There were no fatalities or injuries as the drone likely impacted the water before reaching the intended target. The attack was not confirmed by other sources. Houthi forces have been labeling MSC ships as 'Israeli' possibly because of the dual Swiss-Israeli citizenship of one of MSC's co-founder and co-owner. The MSC Patnaree III was recorded as leaving the port of Berbera in Somalia in the Gulf of Aden on 5 July, where it had arrived on 2 July.",0,False,False
YEM89637,2024-07-15,Strategic developments,Disrupted weapons use,Military Forces of Greece (2019-),Military Forces of Yemen (2017-) Houthi,Gulf of Aden,12.534,47.858,"Interception: On 14 July 2024, at an unspecified time, Hellenic Navy frigate Psara intercepted a fleet of suspected Houthi drones in the Gulf of Aden. The frigate downed at least 1 drone while the others changed their course. Houthi forces claimed a drone and missile attack targeting the MSC Unific VI container ship in the Gulf of Aden claiming Israeli affiliation of the ship while EUNAVFOR reported the interception of Houthi drones in what was likely the same event. Houthi forces have been labeling MSC ships as 'Israeli' possibly because of the dual Swiss-Israeli citizenship of one of MSC's co-founder and co-owner.",0,False,False
YEM89882,2024-07-19,Explosions/Remote violence,Shelling/artillery/missile attack,Military Forces of Yemen (2017-) Houthi,Civilians (International),Gulf of Aden,12.534,47.858,"On 19 July 2024, around 4:50 am Sanaa time, Houthi forces fired at least 2 ballistic missiles targeting the Lobivia container ship (IMO: 9228564) in the Gulf of Aden around 83 nm southeast of Aden claiming affiliation with companies in violation of the Houthi ban to call at Israeli ports. There were no fatalities or injuries although 2 missiles struck the ship. The Lobivia Lion was sailing from Djibouti to Berbera in Somalia when it was struck and turned around to sail north out of the threat area following the attack.",0,False,False
YEM90575,2024-08-05,Explosions/Remote violence,Shelling/artillery/missile attack,Military Forces of Yemen (2017-) Houthi,Civilians (International),Gulf of Aden,12.534,47.858,"On 3 August 2024, at around 8:00 pm Sanaa time, Houthi forces fired at least 1 ballistic missile targeting the Groton container ship (IMO: 9246310) in the Gulf of Aden around 125 nm east of Aden, claiming affiliation with companies in violation of the Houthi ban to call at Israeli ports. There were no fatalities or injuries although 1 missile hit the ship resulting in minor damage. The ship had been targeted by at least 1 other Houthi missile earlier that day (coded as a separate event).",0,False,False
YEM90574,2024-08-05,Explosions/Remote violence,Shelling/artillery/missile attack,Military Forces of Yemen (2017-) Houthi,nan,Gulf of Aden,12.534,47.858,"On 3 August 2024, at around 3:30 pm Sanaa time, Houthi forces fired at least 1 ballistic missile targeting the Groton container ship (IMO: 9246310) in the Gulf of Aden around 170 nm east of Aden, claiming affiliation with companies in violation of the Houthi ban to call at Israeli ports. There were no fatalities or injuries as 1 missile exploded in proximity of the ship with no damage. The ship was targeted by at least 1 other Houthi missile later that day (coded as a separate event).",0,False,False
YEM90611,2024-08-05,Strategic developments,Disrupted weapons use,Military Forces of the United States (2021-2025),Military Forces of Yemen (2017-) Houthi,Gulf of Aden,12.534,47.858,"Interception: On 5 August 2024, at an unspecified time, US forces (whether warships or aircrafts unspecified) intercepted 3 Houthi drones over the Gulf of Aden that were likely targeting US Navy destroyer USS Cole. Houthi forces claimed a drone attack targeting the USS Cole in the Gulf of Aden on 7 August, while CENTCOM reported the interception of 3 Houthi drones in what was likely the same event. Houthi forces claimed to have targeted US Navy destroyers USS Cole and USS Laboon as they were entering their operations zone while heading towards the North Red Sea in support of Israel.",0,False,False
YEM90648,2024-08-07,Explosions/Remote violence,Shelling/artillery/missile attack,Military Forces of Yemen (2017-) Houthi,Military Forces of the United States (2021-2025),Gulf of Aden,12.534,47.858,"Around 7 August 2024 (as reported), at an unspecified time, Houthi forces claimed a ballistic missile attack targeting US Navy destroyer USS Laboon in the Gulf of Aden. There were no fatalities or injuries as the missiles likely impacted the water before reaching the intended target. The attack was not confirmed by other sources. Houthi forces claimed to have targeted US Navy destroyers USS Cole and USS Laboon as they were entering their operations zone while heading towards the North Red Sea in support of Israel.",0,False,False
YEM91140,2024-08-21,Explosions/Remote violence,Air/drone strike,Military Forces of Yemen (2017-) Houthi,nan,Gulf of Aden,12.534,47.858,"On 21 August 2024, around 11:45 am Sanaa time, Houthi forces launched 2 drones and missiles targeting the SW North Wind I bulk carrier (IMO: 9514004) in the Gulf of Aden around 57 nm south of Aden. The Houthis claimed the company owning the ship was in violation of the Houthi ban to call at Israeli ports. The ship reported 2 explosions in close proximity to the ship. There were no fatalities or injuries, and the ship continued its route. The ship was targeted several times between 21 and 22 August (coded as separate events).",0,False,False
YEM91141,2024-08-21,Explosions/Remote violence,Shelling/artillery/missile attack,Military Forces of Yemen (2017-) Houthi,nan,Gulf of Aden,12.534,47.858,"On 21 August 2024, around 1:48 pm Sanaa time, Houthi forces launched 1 drone/missile (coded as missile based on other activity in the Red Sea) targeting the SW North Wind I bulk carrier (IMO: 9514004) in the Gulf of Aden. The Houthis claimed the company owning the ship was in violation of the Houthi ban to call at Israeli ports. The ship reported 1 explosion in close proximity to the ship. There were no fatalities or injuries, and the ship continued its route. The ship was targeted several times between 21 and 22 August (coded as separate events).",0,False,False
YEM91146,2024-08-21,Explosions/Remote violence,Shelling/artillery/missile attack,Military Forces of Yemen (2017-) Houthi,nan,Gulf of Aden,12.534,47.858,"On 21 August 2024, around 5:20 pm Sanaa time, Houthi forces launched 1 drone/missile (coded as missile based on other activity in the Red Sea) targeting the SW North Wind I bulk carrier (IMO: 9514004) in the Gulf of Aden. The Houthis claimed the company owning the ship was in violation of the Houthi ban to call at Israeli ports. The ship reported 1 explosion in close proximity to the ship. There were no fatalities or injuries, and the ship continued its route. The ship was targeted several times between 21 and 22 August (coded as separate events).",0,False,False
YEM91147,2024-08-22,Explosions/Remote violence,Shelling/artillery/missile attack,Military Forces of Yemen (2017-) Houthi,nan,Gulf of Aden,12.534,47.858,"On 22 August 2024, between 12:00 am and 1:00 am Sanaa time, Houthi forces launched 2 drones/missiles (coded as missiles based on other activity in the Red Sea) targeting the SW North Wind I bulk carrier (IMO: 9514004) in the Gulf of Aden. The Houthis claimed the company owning the ship was in violation of the Houthi ban to call at Israeli ports. The ship reported 2 explosions in close proximity to the ship. There were no fatalities or injuries, and the ship continued its route. The ship was targeted several times between 21 and 22 August (coded as separate events).",0,False,False
YEM91561,2024-08-30,Explosions/Remote violence,Shelling/artillery/missile attack,Military Forces of Yemen (2017-) Houthi,nan,Gulf of Aden,12.534,47.858,"On 30 August 2024, at around 8:00 pm Sanaa time, Houthi forces fired 2 to 3 missiles targeting the Groton container ship (IMO: 9246310) in the Gulf of Aden around 130 nm east of Aden claiming affiliation with companies in violation of the Houthi ban to call at Israeli ports. There were no fatalities or injuries as the missiles exploded in proximity of the ship without causing any damage. The missiles were launched from the Al Zahir area in Houthi-controlled territory in northern Lawdar district in Abyan governorate. Houthi forces had targeted the Groton and caused minor damage to the ship earlier in the month on 3 August.",0,False,False
YEM94056,2024-11-18,Explosions/Remote violence,Shelling/artillery/missile attack,Military Forces of Yemen (2017-) Houthi,nan,Gulf of Aden,12.534,47.858,"On 18 November 2024, at around 12:58 pm Sanaa time, Houthi forces fired at least 1 ballistic missile targeting the Anadolu S bulk carrier (IMO: 9667758) in the Gulf of Aden around 60 nm southeast of Aden, claiming affiliation with companies in violation of the Houthi ban to call at Israeli ports. There were no fatalities or injuries as the missile impacted the water around the ship. The ship continued to its next port of call. According to JMIC, the ship had an 'indirect association' to Israel. The vessel's owner was linked to at least one ship seen in Israel in early October, but it was unclear if it had more direct ties to Israel. The ship was targeted once before the previous day (coded as a separate event).",0,False,False
YEM94286,2024-12-02,Strategic developments,Disrupted weapons use,Military Forces of the United States (2021-2025),Military Forces of Yemen (2017-) Houthi,Gulf of Aden,12.534,47.858,"Interception: On 1 December 2024, around 12:32 pm Sanaa time, US Navy destroyers USS Gravely and USS O'Kane shot down 3 anti-ship ballistic missiles, 3 drones, and 1 anti-ship cruise missile fired by Houthi forces and targeting the Maersk Saratoga container ship (IMO: 9289207), the Stena Impeccable chemical/oil products tanker (IMO: 9693020) and the Liberty Grace bulk carrier (IMO: 9228148) in the Gulf of Aden, around 80 nm south of Aden. There were no damages to either US destroyers or the commercial ships. The Houthis claimed that they have targeted three 'US supply military ships' in the Gulf of Aden and the Arabian Sea and that they fired 16 ballistic and cruise missiles and drones, claiming they achieved 'direct and precise hits.' However, only the Stena Impeccable is confirmed to be contracted in initiatives to support the US defense sector. US forces intercepted another Houthi attack targeting the ships the previous day (coded separately). The Houthis claimed to have attacked the Maersk Saratoga on 23 March 2024, but the ship's owning company and non-Houthi sources denied the attack took place.",0,True,False
YEM94556,2024-12-09,Strategic developments,Disrupted weapons use,Military Forces of the United States (2021-2025),Military Forces of Yemen (2017-) Houthi,Gulf of Aden,12.534,47.858,"Interception: On 9 December 2024, US destroyers USS Stockdale and USS O'Kan, with support of a French warplane, intercepted 4 drones and 1 cruise missile launched by Houthi forces in Yemen targeting the warships and three US-owned, operated and flagged commercial ships they were accompanying while transiting through the Gulf of Aden. There were no casualties or material damage. Houthi forces claimed to have targeted three US 'support' ships and an unspecified number of US destroyers after leaving port in Djibouti. Although the ships were unnamed, they were likely the Maersk Saratoga container ship (IMO: 9289207), the Stena Impeccable chemical/oil products tanker (IMO: 9693020) and the Liberty Grace bulk carrier (IMO: 9228148), which were targeted by the Houthis on November 30 and December 1 while transiting the Gulf of Aden and anchored at Djibouti afterwards. The attack continued into the next day (coded separately).",0,True,False
YEM94576,2024-12-10,Strategic developments,Disrupted weapons use,Military Forces of the United States (2021-2025),Military Forces of Yemen (2017-) Houthi,Gulf of Aden,12.534,47.858,"Interception: On 10 December 2024, US destroyers USS Stockdale and USS O'Kan, with support of a French warplane, intercepted 4 drones and 1 cruise missile launched by Houthi forces in Yemen targeting the warships and three US-owned, operated and flagged commercial ships they were accompanying while transiting through the Gulf of Aden. There were no casualties or material damage. Houthi forces claimed to have targeted three US 'support' ships and an unspecified number of US destroyers after leaving port in Djibouti. Although the ships were unnamed, they were likely the Maersk Saratoga container ship (IMO: 9289207), the Stena Impeccable chemical/oil products tanker (IMO: 9693020) and the Liberty Grace bulk carrier (IMO: 9228148), which were targeted by the Houthis on November 30 and December 1 while transiting the Gulf of Aden and anchored at Djibouti afterwards. The attack started the day prior (coded separately).",0,True,False
YEM97374,2025-03-11,Strategic developments,Other,Military Forces of Yemen (2017-) Houthi,nan,Gulf of Aden,12.534,47.858,"Other: On 11 March 2025, Houthi forces announced the resumption of a maritime blockade on Israeli-linked vessels in the Red Sea, Gulf of Aden, Strait of Bab el Mandeb, and the Arabian Sea (coded to North Arabian Sea). The blockade follows the expiration of a four-day ultimatum issued by Houthi leadership demanding Israel reopen crossings and allow humanitarian aid into Gaza. The statement declared an immediate enforcement of the ban, warning that any Israeli-affiliated ship attempting passage would be targeted. The blockade is set to continue until Israel complies with the demands.",0,False,False
YEM107678,2025-09-23,Explosions/Remote violence,Shelling/artillery/missile attack,Military Forces of Yemen (2017-) Houthi,nan,Gulf of Aden,12.534,47.858,"On 23 September 2025, at around 6:20am Sanaa time, suspected Houthi forces fired 1 missile targeting the Minervagracht general cargo ship (IMO: 9571521) in the Gulf of Aden, around 120 nm east of Aden. The projectile fell less than 4 km from the ship without causing any damages or casualties, and the ship continued to its next port of call. The ship had no Israeli known affiliation. The Houthis did not claim the attack.",0,False,False
YEM108275,2025-09-29,Explosions/Remote violence,Shelling/artillery/missile attack,Military Forces of Yemen (2017-) Houthi,Civilians (International),Gulf of Aden,12.534,47.858,"On 29 September 2025, around 1:20 pm Sanaa time, Houthi forces fired 1 cruise missile targeting the Minervagracht general cargo ship (IMO: 9571521) in the Gulf of Aden, around 128 nm southeast of Aden, claiming it violated the Houthi ban to call at Israeli ports. The missile hit the ship, igniting a fire on board, and causing it to be abandoned and left adrift. Two sailors were injured in the attack. A French warship evacuated all 19 crew members and the security team of the ship, who included sailors of Russian, Ukrainian, Sri Lankan, and Filipino nationalities. The ship had no known Israeli affiliation and independent sources did not corroborate the Houthi claim that it had called at Israeli ports recently. The Filipino crew member died of his injuries on 7 October. This was the second attack targeting the ship, with the first attempt taking place a week earlier on 23 September, and failing to hit the ship (coded separately).",1,False,False
YEM105956,2025-08-04,Strategic developments,Change to group/activity,Military Forces of Yemen (2017-) Houthi,nan,Hajjah,15.694,43.606,"Movement of forces: Around 3 August 2025 (as reported), Houthi forces sent new naval rockets to Hajjah governorate (coded to governorate capital Hajjah) (Hajjah City), Al Mahwit governorate (coded to governorate capital Al Mahwit) (Al Mahwait City) and Al Hudaydah governorate (coded to governorate capital Al Hudaydah). According to anti-Houthi sources, the transfer is in preparation for new attacks against ships passing in the Red Sea. They also sent hundreds of fighters to Al Hudaydah governorate in anticipation of a 'possible attack'.",0,False,False
YEM106719,2025-08-28,Explosions/Remote violence,Air/drone strike,Military Forces of Israel (2022-),Military Forces of Yemen (2017-) Houthi,Hajjah,15.694,43.606,"On 28 August 2025, Israeli warplanes conducted strikes targeting Houthi leaders and military positions in Hajjah governorate (coded to governorate capital Hajjah) (Hajjah City). Casualties unknown. Israeli warplanes conducted over 30 strikes across Yemen that day under operation 'Lucky Drop'. Israeli warships also joined the attack, although the locations targeted by warships were not specified.",0,False,False
YEM99133,2025-04-28,Strategic developments,Disrupted weapons use,Military Forces of the United States (2025-),Military Forces of Yemen (2017-) Houthi,Haswayn,15.592,52.102,"Interception: On 27 April 2025, at an unspecified time, US naval forces intercepted 2 one-way Houthi drones over the Huswain district (coded to district center Haswayn) (Al Mahrah). The drones' target was unknown, but they were launched toward the Arabian Sea. There were no casualties, as debris from the projectiles fell without causing injuries. The Houthis did not claim the attack.",0,False,False
YEM85201,2024-02-05,Explosions/Remote violence,Air/drone strike,Military Forces of the United States (2021-2025),Military Forces of Yemen (2017-) Houthi,Hayfan,13.318,44.28,"On 3 February 2024, at around 11:30 pm Sanaa time, US Navy forces conducted 11 raids/strikes on Houthi targets in Al Ghura Shamir Mountain in Barh (Maqbanah) and targeted communications towers on Qard Mountain in Hayfan district (Taizz). Casualties unknown. This was part of a joint US-UK operation that day that struck 36 Houthi targets at 13 locations that included underground storage facilities, command and control centers, missile systems, drone storage and operations sites, radars, and helicopters. Houthi forces reported a total of 18 raids. US Navy used fighter jets from aircraft carrier USS Dwight D. Eisenhower and Tomahawk missiles from destroyers USS Gravely and USS Carney.",0,False,True
YEM85791,2024-02-26,Explosions/Remote violence,Air/drone strike,Military Forces of the United States (2021-2025),Military Forces of Yemen (2017-) Houthi,Hayfan,13.318,44.28,"On 24 February 2024, at around 11:50 pm Sanaa time, US Navy forces conducted 2 raids/strikes against Houthi targets and telecom infrastructure in Qaradah in Hayfan district (Taizz). Casualties unknown. This was part of a joint US-UK operation that day that struck 18 Houthi targets at 8 locations that included underground weapons storage facilities, missile storage facilities, one-way attack drones, air defense systems, radars, and a helicopter. Houthi forces reported a total of 22 raids. US Navy used fighter jets from aircraft carrier USS Dwight D. Eisenhower.",0,False,True
YEM106627,2025-08-18,Explosions/Remote violence,Shelling/artillery/missile attack,Military Forces of Israel (2022-),Military Forces of Yemen (2017-) Houthi,Hizyaz,15.262,44.255,"On 17 August 2025, Israeli navy forces bombed the power station in Hizyaz (Sanhan, Sanaa). Casualties unknown. Israeli forces claimed that the targeted energy infrastructure had been used by the Houthis. According to some sources, Israeli forces likely used Saar-6 corvettes stationed in the North Red Sea to launch missiles at the target.",0,False,False
YEM106680,2025-08-18,Strategic developments,Change to group/activity,Military Forces of Yemen (2017-) Houthi,nan,Ibb,13.941,44.177,"Movement of forces: Around 16 August 2025 (as reported), Houthi forces transferred missiles, launch platforms, drone systems, and guidance equipment to the mountainous regions and regions overlooking the Red Sea and Strait of Bab el Mandeb of the governorates of Raymah (coded to governorate capital Al Jabin) (Al Jabin), Dhamar (coded to governorate capital Dhamar) (Dhamar City), Al Mahwit (coded to governorate capital Al Mahwit) (Al Mahwait City), Ibb (coded to governorate capital Ibb) (Al Mashannah), and Taizz (coded to governorate capital Taizz).",0,False,False
YEM99272,2025-04-28,Explosions/Remote violence,Air/drone strike,Military Forces of Yemen (2017-) Houthi,Military Forces of Yemen (2022-) Presidential Leadership Council,Jabal al Balaq ash Sharqi,15.307,45.386,"On 26 April 2025, Houthi forces shelled and conducted a drone strike targeting IRG positions on the Jabal al Balaq ash Sharqi front (Marib). The drone strike killed 3 soldiers who were all relatives of Sultan Al Aradah, Vice President of the Presidential Leadership Council and Governor of Marib. The strike also killed a Yemeni-Dutch reporter and filmmaker who was on the front to film a documentary and injured his brother. 4 fatalities.",4,False,False
YEM94496,2024-12-02,Explosions/Remote violence,Shelling/artillery/missile attack,Military Forces of Yemen (2017-) Houthi,nan,Jabal al Hamra,13.893,46.046,"On 1 December 2024, a suspected Houthi ballistic missile fell and exploded in an area between the Lawdar and Mudiyah districts (coded to the Jabal al Hamra region) (Mudiyah, Abyan). There were no casualties. Houthi forces fired missiles targeting US military ships and commercial ships in the Gulf of Aden and the Arabian Sea on the same day, but it's unclear if this missile was one of them.",0,False,False
YEM102127,2024-03-22,Strategic developments,Disrupted weapons use,Military Forces of the United States (2021-2025),Military Forces of Yemen (2017-) Houthi,Jabal al Malh,15.678,42.815,"Interception: On 22 March 2024, US forces conducted 5 raids/strikes to intercept Houthi drones in Jabal al Malh (Alluheyah, Al Hudaydah). CENTCOM claimed that they presented an imminent threat to shipping. CENTCOM claimed the destruction of 4 drones and 3 underground weapons storage facilities between 4:20 am and 11:10 pm Sanaa time that day without providing locations while Houthi sources reported raids on 8 separate locations in Al Hudaydah, Amanat al Asimah, and Sanaa governorates. Strikes on weapons storage facilities are coded to known weapons storage locations Sanaa - Jabal an Nahdayn, Jabal Nuqum, and Sanaa - Attan.",0,False,False
YEM84645,2024-01-12,Explosions/Remote violence,Air/drone strike,Military Forces of the United States (2021-2025),Military Forces of Yemen (2017-) Houthi,Jabal as Sama,16.894,43.766,"On 12 January 2024, at around 2:30 am Sanaa time, US forces conducted 5 strikes/raids on Houthi sites in Jabal as Sama (Saadah, Sadah). 0 fatalities coded to this event. This was part of a joint US-UK operation that day that struck over 60 Houthi targets in at least 18 locations (16 claimed by the US + 2 claimed by the UK) that included command and control nodes, munitions depots, launching systems, production facilities, and air defense radar systems. US Navy used fighter jets from aircraft carrier USS Dwight D. Eisenhower and Tomahawk missiles from surface warships and a submarine, and US Air Force used additional fighter jets. Houthi forces reported a total of 73 raids that resulted in 8 fatalities and at least 3 injuries. 8 fatalities split between 18 events.",0,False,False
YEM92800,2024-10-16,Explosions/Remote violence,Air/drone strike,Military Forces of the United States (2021-2025),Military Forces of Yemen (2017-) Houthi,Jabal Nuqum,15.351,44.248,"On 16 October 2024, overnight, US forces conducted 1 airstrike targeting underground Houthi weapons storage facilities in Jabal Nuqum (Azzal, Amanat al Asimah) to degrade their ability to target commercial and military ships in the Red Sea. Casualties unknown. CENTCOM did not specify the exact date of the airstrikes. CENTCOM also claimed to have used B-2 Spirit long-range stealth bombers to launch at least some of the airstrikes, for the first time in Yemen. National corresponding reports claimed strikes in 3 governorates Sanna, Amanat al Asimah, and Sadah.",0,False,False
YEM84613,2024-01-12,Explosions/Remote violence,Air/drone strike,Military Forces of the United States (2021-2025),Military Forces of Yemen (2017-) Houthi,Jabal Qumah,15.264,42.851,"On 12 January 2024, at around 2:30 am Sanaa time, US forces conducted strikes on Houthi sites in Jabal Qumah (Al Munirah, Al Hudaydah). 0 fatalities coded to this event. This was part of a joint US-UK operation that day that struck over 60 Houthi targets in at least 18 locations (16 claimed by the US + 2 claimed by the UK) that included command and control nodes, munitions depots, launching systems, production facilities, and air defense radar systems. US Navy used fighter jets from aircraft carrier USS Dwight D. Eisenhower and Tomahawk missiles from surface warships and a submarine, and US Air Force used additional fighter jets. Houthi forces reported a total of 73 raids that resulted in 8 fatalities and at least 3 injuries. 8 fatalities split between 18 events.",0,False,False
YEM84746,2024-01-17,Strategic developments,Disrupted weapons use,Military Forces of the United States (2021-2025),Military Forces of Yemen (2017-) Houthi,Jabal Qumah,15.264,42.851,"Interception: On 17 January 2024, at around 11:59 pm Sanaa time, US Navy forces launched missile strikes from surface ships and submarine to intercept 14 Houthi missiles in six locations: the technical institute in As Sawmaah district (Al Bayda), Haruniyah Junction east of As Salif (coded to Jabal Qumah) (Al Munirah, Al Hudaydah), the military police camp in Dhamar al Qarn (Anss, Dhamar), Jabal Sama and Takhyah (Majz, Sadah), and Al Hawban (At Taiziyah, Taizz). The missiles were struck as they were loaded on launch rails and ready to be fired in the Red Sea or the Gulf of Aden.",0,False,False
YEM84758,2024-01-17,Strategic developments,Disrupted weapons use,Military Forces of the United States (2021-2025),Military Forces of Yemen (2017-) Houthi,Jabal Sama,17.038,43.578,"Interception: On 17 January 2024, at around 11:59 pm Sanaa time, US Navy forces launched missile strikes from surface ships and submarine to intercept 14 Houthi missiles in six locations: the technical institute in As Sawmaah district (Al Bayda), Haruniyah Junction east of As Salif (coded to Jabal Qumah) (Al Munirah, Al Hudaydah), the military police camp in Dhamar al Qarn (Anss, Dhamar), Jabal Sama and Takhyah (Majz, Sadah), and Al Hawban (At Taiziyah, Taizz). The missiles were struck as they were loaded on launch rails and ready to be fired in the Red Sea or the Gulf of Aden.",0,False,False
YEM85790,2024-02-26,Explosions/Remote violence,Air/drone strike,Military Forces of the United States (2021-2025),Military Forces of Yemen (2017-) Houthi,Jabal Uram,15.48,44.103,"On 24 February 2024, at around 11:50 pm Sanaa time, US Navy forces conducted 2 raids/strikes against Houthi targets in Jabal Uram and Bayt an Naam (Hamdan, Sanaa). Casualties unknown. This was part of a joint US-UK operation that day that struck 18 Houthi targets at 8 locations that included underground weapons storage facilities, missile storage facilities, one-way attack drones, air defense systems, radars, and a helicopter. Houthi forces reported a total of 22 raids. US Navy used fighter jets from aircraft carrier USS Dwight D. Eisenhower.",0,False,False
YEM103915,2025-01-06,Strategic developments,Other,Military Forces of Yemen (2017-) Houthi,nan,Jazirat at Tarfah,14.612,42.915,"Other: Around 5 January 2025, (between 4 - 5 January 2025), suspected Houthi forces received 80-120 tons of cargo of suspected weapon shipments via two boats at the nearby Jazirat at Tarfah (Ad Durayhimi, Al Hudaydah).",0,False,False
YEM103955,2025-01-28,Battles,Armed clash,Military Forces of Yemen (2017-) Houthi,West Coast Joint Forces,Jazirat az Zubayr,15.096,42.136,"On 28 January 2025, clashes erupted between Houthi forces and 2nd Marine Brigade forces (coded WCJF) in Jazirat az Zubayr (Kamaran, Al Hudaydah). The clashes erupted as the Houthi forces targeted the Marine Brigade unit camp with a drone strike, killing 1 IRG soldier. The clashes resulted in the killing of 4 and injury of 6 Houthi fighters, and the injury of 3 IRG soldiers. 5 total fatalities.",5,False,False
YEM92799,2024-10-16,Explosions/Remote violence,Air/drone strike,Military Forces of the United States (2021-2025),Military Forces of Yemen (2017-) Houthi,Jirban,15.583,44.066,"On 16 October 2024, overnight, US forces conducted 1 airstrike targeting underground Houthi weapons storage facilities in Jirban (Hamdan, Sanaa) to degrade their ability to target commercial and military ships in the Red Sea. Casualties unknown. CENTCOM did not specify the exact date of the airstrikes. CENTCOM also claimed to have used B-2 Spirit long-range stealth bombers to launch at least some of the airstrikes, for the first time in Yemen. National corresponding reports claimed strikes in 3 governorates Sanna, Amanat al Asimah, and Sadah.",0,False,False
YEM84643,2024-01-12,Explosions/Remote violence,Air/drone strike,Military Forces of the United States (2021-2025),Military Forces of Yemen (2017-) Houthi,Kahlan Camp,16.96,43.794,"On 12 January 2024, at around 2:30 am Sanaa time, US forces conducted strikes on the Houthi military camp in Kahlan Camp (As Safra, Sadah). 1 fatality coded to this event. This was part of a joint US-UK operation that day that struck over 60 Houthi targets in at least 18 locations (16 claimed by the US + 2 claimed by the UK) that included command and control nodes, munitions depots, launching systems, production facilities, and air defense radar systems. US Navy used fighter jets from aircraft carrier USS Dwight D. Eisenhower and Tomahawk missiles from surface warships and a submarine, and US Air Force used additional fighter jets. Houthi forces reported a total of 73 raids that resulted in 8 fatalities and at least 3 injuries. 8 fatalities split between 18 events.",1,False,False
YEM88057,2024-06-17,Strategic developments,Disrupted weapons use,Military Forces of the United States (2021-2025),Military Forces of Yemen (2017-) Houthi,Kamaran,15.335,42.61,"Interception: On 17 June 2024, at an unspecified timing, US forces conducted 4 strikes/raids to intercept 1 Houthi drone boat in Kamaran island (Al Hudaydah). CENTCOM claimed that it presented an imminent threat to shipping. CENTCOM claimed the destruction of 1 drone boat without providing locations while Houthi sources reported 4 raids on Kamaran island.",0,False,False
YEM89937,2024-07-26,Strategic developments,Disrupted weapons use,Military Forces of the United States (2021-2025),Military Forces of Yemen (2017-) Houthi,Kamaran,15.335,42.61,"Interception: On 26 July 2024, at an unspecified time, US forces conducted 4 raids/strikes to intercept 3 Houthi drone boats in Kamaran Island (Al Hudaydah). CENTCOM claimed that they presented an imminent threat to shipping. CENTCOM claimed the destruction of 6 Houthi drones and 3 Houthi drone boats that day without providing locations while Houthi sources reported raids on 2 separate locations in Al Hudaydah governorate.",0,False,False
YEM96415,2025-01-20,Explosions/Remote violence,Shelling/artillery/missile attack,Military Forces of the United States (2021-2025),Military Forces of Yemen (2017-) Houthi,Kamaran,15.335,42.61,"On 19 January 2025, suspected US gunboats conducted shelling targeting unspecified Houthi military sites on Kamaran island (Kamaran, Al Hudaydah). Casualties unknown. US forces did not claim the attack.",0,False,False
YEM98053,2025-03-31,Explosions/Remote violence,Air/drone strike,Military Forces of the United States (2025-),Military Forces of Yemen (2017-) Houthi,Kamaran,15.335,42.61,"On 31 March 2025, US forces conducted 2 strikes on Houthi barracks and positions in the Coastal Defense Houthi camp in the island district of Karaman (coded to district center Kamaran) (Al Hudaydah). Pro-IRG sources claimed that the targets of the strikes were Houthi radar systems and unmanned boats. Casualties unknown.",0,False,False
YEM98856,2025-04-22,Explosions/Remote violence,Air/drone strike,Military Forces of the United States (2025-),Military Forces of Yemen (2017-) Houthi,Kamaran,15.335,42.61,"On 20 April 2025, US forces conducted 8 airstrikes targeting Houthi positions, fortifications, missile launch platforms, and naval infrastructure, such as radars, guidance systems, and drone boat workshops, in the Kamaran Island (Kamaran, Al Hudaydah). Casualties unknown.",0,False,False
YEM102417,2024-03-04,Explosions/Remote violence,Shelling/artillery/missile attack,Military Forces of Yemen (2017-) Houthi,nan,Lawdar,13.883,45.869,"On 4 March 2024, Houthi forces fired 1 ballistic missile that fell short in Lawdar district (Abyan). There were no fatalities or injuries. The missile was launched from Al Taffa in Mukayras district (Al Bayda) toward the Gulf of Aden and were likely targeting the MSC Sky II container ship (IMO: 9162277), which was hit on by Houthi missiles on the same day (coded separately).",0,False,False
YEM86893,2024-04-09,Explosions/Remote violence,Shelling/artillery/missile attack,Military Forces of Yemen (2017-) Houthi,nan,Lawdar,13.883,45.869,"On 9 April 2024, Houthi forces fired 1 ballistic missile that fell short and crashed in empty agricultural land in Lawdar district (Abyan). There were no fatalities or injuries. The missile was likely launched toward the Red Sea or the Gulf of Aden. On the same day Houthi forces carried out a missile attack against a commercial ship in the Gulf of Aden.",0,False,False
YEM88090,2024-05-31,Explosions/Remote violence,Shelling/artillery/missile attack,Military Forces of Yemen (2017-) Houthi,nan,Lawdar,13.883,45.869,"On 31 May 2024, Houthi forces fired 1 ballistic missile that fell short and crashed in Lawdar district (Abyan). There were no fatalities or injuries. The missile was 1 of 3 missiles launched from Mukayras district (Al Bayda) toward the Gulf of Aden.",0,False,False
YEM84615,2024-01-12,Explosions/Remote violence,Air/drone strike,Military Forces of the United States (2021-2025),Military Forces of Yemen (2017-) Houthi,Mahall al Malanah,15.195,42.961,"On 12 January 2024, at around 2:30 am Sanaa time, US forces conducted strikes on the Houthi military camp of the 9th Mechanized Brigade around Mahall al Malanah in Az Zaydiyah district (Al Hudaydah). 0 fatalities coded to this event. This was part of a joint US-UK operation that day that struck over 60 Houthi targets in at least 18 locations (16 claimed by the US + 2 claimed by the UK) that included command and control nodes, munitions depots, launching systems, production facilities, and air defense radar systems. US Navy used fighter jets from aircraft carrier USS Dwight D. Eisenhower and Tomahawk missiles from surface warships and a submarine, and US Air Force used additional fighter jets. Houthi forces reported a total of 73 raids that resulted in 8 fatalities and at least 3 injuries. 8 fatalities split between 18 events.",0,False,False
YEM99243,2025-04-29,Explosions/Remote violence,Air/drone strike,Military Forces of the United States (2025-),Military Forces of Yemen (2017-) Houthi,Matnah,15.253,44.025,"On 29 April 2025, US forces conducted joint strikes on a Houthi military facility in Bani Matar district (coded to district center Matnah) (Sanaa). On the same day, UK forces announced they conducted strikes targeting a Houthi site 24km south of Sanaa city (coded to this event). The UK Ministry of Defense stated that Royal Air Force Typhoon FGR4s jets participated in the attack and launched Paveway IV precision guided bombs against a cluster of buildings used by the Houthis to manufacture drones of the type used to attack ships in the Red Sea and Gulf of Aden. Casualties unknown.",0,False,False
YEM91762,2024-09-09,Explosions/Remote violence,Air/drone strike,Military Forces of the United States (2021-2025),Military Forces of Yemen (2017-) Houthi,Maytam,13.911,44.266,"On 8 September 2024, at an unspecified time, US forces (whether warships or aircrafts unspecified) conducted strikes and destroyed 3 Houthi drones and 2 Houthi missile systems in Maytam (Ibb). CENTCOM claimed that they presented an imminent threat to shipping. CENTCOM claimed the destruction of 3 Houthi drones and 2 Houthi missile systems that day without providing locations, while Houthi sources reported 3 raids on Maytam. Casualties unknown.",0,False,False
YEM84734,2024-01-16,Strategic developments,Disrupted weapons use,Military Forces of the United States (2021-2025),Military Forces of Yemen (2017-) Houthi,Mukayras,13.944,45.671,"Interception: On 16 January 2024, at around 1:45 pm Sanaa time, US forces launched 3 air raids to intercept 4 Houthi anti-ship ballistic missiles in Mukayras district (Al Bayda). The missiles were struck as they were prepared to launch.",0,False,False
YEM84963,2024-01-26,Explosions/Remote violence,Shelling/artillery/missile attack,Military Forces of Yemen (2017-) Houthi,nan,Najd al Jumai,13.916,44.324,"On 26 January 2024, Houthi forces fired 1 ballistic missile that fell short and crashed in an empty area in As Sabrah district (coded to Najd al Jumai) (Ibb). There were no fatalities or injuries. The missile was fired from Al Hamzah camp in Qaa Al Haql area of the same district and was likely launched toward the Red Sea or the Gulf of Aden. On the same day Houthi forces carried out a missile attack against a commercial ship in the Gulf of Aden.",0,False,False
YEM84715,2024-01-15,Explosions/Remote violence,Shelling/artillery/missile attack,Military Forces of Yemen (2017-) Houthi,nan,Nawbah,13.718,44.631,"On 15 January 2024, Houthi forces fired 1 anti-ship ballistic missile that fell short and crashed in an uninhabited mountainous area near Nawbah (Jahaf, Ad Dali). There were no fatalities or injuries. The missile was likely launched toward the Red Sea or the Gulf of Aden.",0,False,False
YEM97375,2025-03-11,Strategic developments,Other,Military Forces of Yemen (2017-) Houthi,nan,North Arabian Sea,19.408,64.781,"Other: On 11 March 2025, Houthi forces announced the resumption of a maritime blockade on Israeli-linked vessels in the Red Sea, Gulf of Aden, Strait of Bab el Mandeb, and the Arabian Sea (coded to North Arabian Sea). The blockade follows the expiration of a four-day ultimatum issued by Houthi leadership demanding Israel reopen crossings and allow humanitarian aid into Gaza. The statement declared an immediate enforcement of the ban, warning that any Israeli-affiliated ship attempting passage would be targeted. The blockade is set to continue until Israel complies with the demands.",0,False,False
YEM99809,2025-05-12,Strategic developments,Disrupted weapons use,Military Forces of Yemen (2022-) Presidential Leadership Council - Coast Guard,Military Forces of Yemen (2017-) Houthi,North Arabian Sea,19.408,64.781,"Weapons seizure: On 12 May 2025, IRG Coast Guard forces, liaising with US Navy forces, seized a shipment of highly explosive material and other weapon components, originating from Iran and destined for Houthi forces, onboard a smuggling boat in the North Arabian Sea. Several smugglers working for the Houthi forces were arrested during the operation.",0,False,False
YEM94735,2025-01-06,Explosions/Remote violence,Air/drone strike,Military Forces of Yemen (2017-) Houthi,Military Forces of the United States (2021-2025),North Red Sea,25.54,35.711,"On 6 January 2025, at an unspecified time, Houthi forces claimed to have launched 4 drones and 2 cruise missiles targeting aircraft carrier USS Harry S. Truman, in the North Red Sea. There were no fatalities or injuries as the drones and missiles likely impacted the water before reaching the intended target. CENTCOM did not confirm the attack.",0,False,False
YEM94738,2025-01-09,Explosions/Remote violence,Air/drone strike,Military Forces of Yemen (2017-) Houthi,Military Forces of the United States (2021-2025),North Red Sea,25.54,35.711,"Around 9 January 2025 (between 8 - 10 January), Houthi forces claimed to have launched an unspecified number of drones and cruise missiles targeting US aircraft carrier USS Harry S. Truman and nearby destroyers in the North Red Sea. There were no fatalities or injuries as the drones and missiles likely impacted the water before reaching the intended target. The attack was not confirmed by other sources and the US Department of Defense denied that the attack took place. The Houthis announced their attack on 10 January and claimed it took place in the 'last 48 hours.'",0,False,False
YEM96401,2025-01-10,Explosions/Remote violence,Air/drone strike,Military Forces of Yemen (2017-) Houthi,Military Forces of the United States (2021-2025),North Red Sea,25.54,35.711,"On 10 January 2025, Houthi forces claimed to have launched an unspecified number of drones and cruise missiles targeting US aircraft carrier USS Harry S. Truman and nearby destroyers in the North Red Sea. There were no fatalities or injuries as the drones and missiles likely impacted the water before reaching the intended target. The attack was not confirmed by other sources. The Houthis announced their attack on 11 January and claimed it took place in the 'last 24 hours,' claiming that the attacks lasted for 9 hours.",0,False,False
YEM96402,2025-01-15,Explosions/Remote violence,Air/drone strike,Military Forces of Yemen (2017-) Houthi,Military Forces of the United States (2021-2025),North Red Sea,25.54,35.711,"On 15 January 2025, Houthi forces claimed to have launched an unspecified number of drones and cruise missiles targeting US aircraft carrier USS Harry S. Truman and nearby destroyers in the North Red Sea. There were no fatalities or injuries as the drones and missiles likely impacted the water before reaching the intended target. The attack was not confirmed by other sources. The Houthis claimed that they attacked US forces as they were preparing to launch strikes targeting Yemen.",0,False,False
YEM96403,2025-01-17,Explosions/Remote violence,Air/drone strike,Military Forces of Yemen (2017-) Houthi,Military Forces of the United States (2021-2025),North Red Sea,25.54,35.711,"On 17 January 2025, at an unspecified time, Houthi forces claimed to have launched an unspecified number of drones targeting US aircraft carrier USS Harry S.Truman in the North Red Sea. There were no fatalities or injuries as the drones likely impacted the water before reaching the intended target. The attack was not confirmed by other sources.",0,False,False
YEM96413,2025-01-20,Explosions/Remote violence,Air/drone strike,Military Forces of Yemen (2017-) Houthi,Military Forces of the United States (2021-2025),North Red Sea,25.54,35.711,"On 19 January 2025, at an unspecified time, Houthi forces claimed to have launched an unspecified number of drones and cruise missiles targeting US aircraft carrier USS Harry S. Truman and nearby destroyers in the North Red Sea. There were no fatalities or injuries as the drones and missiles likely impacted the water before reaching the intended target. The attack was not confirmed by other sources and a USCENTCOM spokesperson denied that the attack took place.",0,False,False
YEM107086,2025-09-01,Explosions/Remote violence,Shelling/artillery/missile attack,Military Forces of Yemen (2017-) Houthi,Civilians (International),North Red Sea,25.54,35.711,"On 31 August 2025, at around 8:30 pm Sanaa time, Houthi forces launched 1 ballistic missile targeting the Scarlet Ray chemical tanker (IMO: 9799654) in the North Red Sea around 41 nm southwest of Yanbu, Saudi Arabia, claiming it violates the Houthi ban on Israeli shipping in the region. The ship reported one explosion near the ship, but no direct hit. There were no casualties or damages, and the ship continued its route to its next port of call. The ship is owned by the Singapore-based Eastern Pacific Shipping company, which is owned by Israeli billionaire businessman Idan Ofer.",0,True,False
YEM86885,2024-04-05,Explosions/Remote violence,Shelling/artillery/missile attack,Military Forces of Yemen (2017-) Houthi,nan,Northwestern Indian Ocean,11.609,62.227,"Around 5 April 2024 (between 3 - 7 April), Houthi forces claimed to have fired ballistic and cruise missiles targeting the MSC Grace F general cargo ship (IMO: 8918057) in the Indian Ocean claiming Israeli affiliation of the ship and that the ship was headed to Israel. There were no fatalities or injuries as the missiles likely impacted the water before reaching the intended target. The attack was not confirmed by other sources. Houthi forces claimed on 7 April to have carried out the attack over the previous 72 hours, with the closest point the MSC Grace F was to Yemen over that period being the port of Mogadishu, Somalia, and data showing the ship sailing from Mogadishu to Mombasa, Kenya, between 3 April and 8 April. Houthi forces have been labeling MSC ships as 'Israeli' possibly because of the dual Swiss-Israeli citizenship of one of MSC's co-founder and co-owner.",0,False,False
YEM87243,2024-04-29,Explosions/Remote violence,Air/drone strike,Military Forces of Yemen (2017-) Houthi,Civilians (International),Northwestern Indian Ocean,11.609,62.227,"On 27 April 2024, around 1:00 am Sanaa time, Houthi forces fired at least 1 drone targeting the MSC Orion container ship (IMO: 9857157) in the Northwestern Indian Ocean around 300 nm southeast of the Horn of Africa claiming Israeli affiliation. There were no fatalities or injuries although the ship sustained minor damage. This was the first confirmed Houthi attack in the Indian Ocean. Houthi forces have been labeling MSC ships as 'Israeli' possibly because of MSC's trade relations with Israeli shipping company ZIM or because of the dual Swiss-Israeli citizenship of one of MSC's co-founder and co-owner. The ship was also owned by UK-registered company Zodiac Maritime, owned by Israeli shipping magnate Eyal Ofer, according to some data providers although the company officially denied ever owning the ship.",0,False,False
YEM87465,2024-05-08,Explosions/Remote violence,Shelling/artillery/missile attack,Military Forces of Yemen (2017-) Houthi,nan,Northwestern Indian Ocean,11.609,62.227,"Around 8 May 2024 (between 7 - 9 May), Houthi forces claimed a missile attack targeting the MSC Vittoria container ship (IMO: 9299551) in the Indian Ocean and then in the Arabian Sea (coded to Northwestern Indian Ocean) claiming Israeli affiliation of the ship. There were no fatalities or injuries as the missiles likely impacted the water. The attack was not confirmed by other sources. Houthi forces have been labeling MSC ships as 'Israeli' possibly because of MSC's trade relations with Israeli shipping company ZIM or because of the dual Swiss-Israeli citizenship of one of MSC's co-founder and co-owner. Houthi forces claimed the attack on 9 May without specifying the date of the attack in a publication that also included claims of attacks that took place on 7 May.",0,False,False
YEM88713,2024-05-28,Explosions/Remote violence,Shelling/artillery/missile attack,Military Forces of Yemen (2017-) Houthi,nan,Northwestern Indian Ocean,11.609,62.227,"On 27 May 2024, Houthi forces claimed a missile attack targeting the Largo Desert chemical/oil products tanker (IMO: 9828912) in the Northwestern Indian Ocean claiming US affiliation of the ship. There were no fatalities or injuries as the missiles likely impacted the water before reaching the intended target. The attack was not confirmed by other sources. The ship left Oman on 24 May for Mozambique sailing through the Indian Ocean. One shipping database showed the beneficial owner to be US finance company JPMorgan.",0,True,False
YEM88714,2024-05-28,Explosions/Remote violence,Shelling/artillery/missile attack,Military Forces of Yemen (2017-) Houthi,nan,Northwestern Indian Ocean,11.609,62.227,"On 27 May 2024, Houthi forces claimed a missile attack targeting the MSC Michaela container ship (IMO: 9230488) in the Northwestern Indian Ocean claiming Israeli affiliation of the ship. There were no fatalities or injuries as the missiles likely impacted the water before reaching the intended target. The attack was not confirmed by other sources. The ship departed South Africa on 20 May for the UAE sailing through the Indian Ocean. Houthi forces have been labeling MSC ships as 'Israeli' possibly because of the dual Swiss-Israeli citizenship of one of MSC's co-founder and co-owner.",0,False,False
YEM88715,2024-06-03,Explosions/Remote violence,Shelling/artillery/missile attack,Military Forces of Yemen (2017-) Houthi,nan,Northwestern Indian Ocean,11.609,62.227,"Around 1 June 2024 (as reported), Houthi forces claimed a drone and/or missile attack (coded as missile based on other activity in the Indian Ocean) targeting the Al Oraiq LNG tanker (IMO: 9360790) in the Northwestern Indian Ocean claiming affiliation with companies in violation of the Houthi ban to call at Israeli ports. There were no fatalities or injuries as the drones/missiles likely impacted the water before reaching the intended target. The attack was not confirmed by other sources. This was the first time that Houthi forces claimed targeting an LNG tanker.",0,True,False
YEM88786,2024-06-24,Explosions/Remote violence,Shelling/artillery/missile attack,Military Forces of Yemen (2017-) Houthi,nan,Northwestern Indian Ocean,11.609,62.227,"On 22 June 2024, Houthi forces claimed a cruise missile attack targeting the Stolt Sequoia chemical/oil products tanker (IMO: 9235062) in the Northwestern Indian Ocean claiming affiliation with companies in violation of the Houthi ban to call at Israeli ports. There were no fatalities or injuries as the missiles likely impacted the water before reaching the intended target. The attack was not confirmed by other sources with the tanker's operator, Stolt-Nielsen, denying that it was attacked. The Stolt Sequoia had passed through the Strait of Hormuz on 15 June and sailed through the Arabian Sea and the Indian Ocean to reach the Comoros on 26 June.",0,True,False
YEM88968,2024-07-01,Explosions/Remote violence,Shelling/artillery/missile attack,Military Forces of Yemen (2017-) Houthi,nan,Northwestern Indian Ocean,11.609,62.227,"Around 1 July 2024 (as reported), Houthi forces claimed a cruise missile attack targeting the Anvil Point ro-ro cargo ship (IMO: 9248540) in the Indian Ocean (coded to Northwestern Indian Ocean) claiming UK affiliation of the ship. There were no fatalities or injuries as the missiles likely impacted the water before reaching the intended target. The attack was not confirmed by other sources with the operators of the ship refuting the claim. The Anvil Point was UK-flagged, owned, operated, and managed by UK-based companies, and worked as an auxiliary military sealift ship for the UK Royal Navy. The Anvil Point left Duqm in Oman on 28 for Mombasa in Kenya where it arrived on 4 July after sailing through the Indian Ocean.",0,False,False
YEM92449,2024-10-01,Explosions/Remote violence,Shelling/artillery/missile attack,Military Forces of Yemen (2017-) Houthi,nan,Northwestern Indian Ocean,11.609,62.227,"On 1 October 2024, at an unspecified time, Houthi forces claimed a cruise missile attack targeting the Marathopolis container ship (IMO: 9477804) in the Indian Ocean (coded to Northwestern Indian Ocean), claiming affiliation with companies in violation of the Houthi ban to call at Israeli ports. There were no fatalities or injuries as the missile likely impacted the water before reaching the intended target. The attack was not confirmed by other sources, and the ship was laden off Oman the following day before heading east to the next port of call in India. The Houthis claimed to target the ship again on the same day (coded separately). The Houthis have claimed a previous attack in the Marathopolis around 9 July that was also not confirmed by other sources (coded separately).",0,False,False
YEM92729,2024-10-10,Explosions/Remote violence,Shelling/artillery/missile attack,Military Forces of Yemen (2017-) Houthi,nan,Northwestern Indian Ocean,11.609,62.227,"On 10 October 2024, at an unspecified time, Houthi forces claimed a cruise missile attack targeting the St. John container ship (IMO: 9634646) in the Northwestern Indian Ocean, claiming affiliation with companies in violation of the Houthi ban to call at Israeli ports. There were no fatalities or injuries as the missile likely impacted the water before reaching the intended target. The attack was not confirmed by other sources. Houthi forces targeted the ship possibly because of its affiliation with Greece-based company Eastern Mediterranean Maritime, which had other ships affiliated to it dock at Israeli ports in early May. The St. John was located off the coast of Somalia, en route to the UAE.",0,False,False
YEM85180,2024-02-05,Explosions/Remote violence,Air/drone strike,Military Forces of the United States (2021-2025),Military Forces of Yemen (2017-) Houthi,Radaa,14.415,44.837,"On 3 February 2024, at around 11:30 pm Sanaa time, US Navy forces conducted 7 raids/strikes against Houthi targets in the districts of Rada (coded to Radaa) and As Sawadiyah (Al Bayda). Casualties unknown. This was part of a joint US-UK operation that day that struck 36 Houthi targets at 13 locations that included underground storage facilities, command and control centers, missile systems, drone storage and operations sites, radars, and helicopters. Houthi forces reported a total of 18 raids. US Navy used fighter jets from aircraft carrier USS Dwight D. Eisenhower and Tomahawk missiles from destroyers USS Gravely and USS Carney.",0,False,False
YEM96254,2025-01-10,Strategic developments,Disrupted weapons use,Military Forces of Yemen (2022-) Presidential Leadership Council - Coast Guard,Military Forces of Yemen (2017-) Houthi,Ras al Arah,12.632,43.916,"Weapons seizure: On 10 January 2025, a joint IRG maritime security patrol, including forces from the Giants Brigades, seized a boat near the coast of Ras al Arah (Al Madaribah Wa Al Arah, Lahij), carrying three containers loaded with wires packed with TNT and detonators, which were destined for Houthi forces in Al Hudaydah.",0,False,True
YEM96630,2025-02-04,Strategic developments,Disrupted weapons use,Military Forces of Yemen (2022-) Presidential Leadership Council - Nation Shield Forces,Military Forces of Yemen (2017-) Houthi,Ras al Arah,12.632,43.916,"Weapons seizure: On 4 February 2025, the 4th IRG Nation Shield Forces Brigade seized a boat near the Strait of Bab el Mandeb in Al Hajima area in Ras al Arah (Al Madaribah Wa Al Arah, Lahij) carrying three containers of explosives, detonators, and fuses intended for use in drones, missiles, and IEDs, which were destined for Houthi forces in Al Hudaydah.",0,False,True
YEM84660,2024-01-12,Explosions/Remote violence,Air/drone strike,Military Forces of the United States (2021-2025),Military Forces of Yemen (2017-) Houthi,Ras al Katib,14.917,42.89,"On 12 January 2024, at around 2:30 am Sanaa time, US forces conducted strikes on the Houthi naval forces camp in Ras al Katib (Al Mina, Al Hudaydah). 0 fatalities coded to this event. This was part of a joint US-UK operation that day that struck over 60 Houthi targets in at least 18 locations (16 claimed by the US + 2 claimed by the UK) that included command and control nodes, munitions depots, launching systems, production facilities, and air defense radar systems. US Navy used fighter jets from aircraft carrier USS Dwight D. Eisenhower and Tomahawk missiles from surface warships and a submarine, and US Air Force used additional fighter jets. Houthi forces reported a total of 73 raids that resulted in 8 fatalities and at least 3 injuries. 8 fatalities split between 18 events.",0,False,False
YEM85593,2024-02-19,Explosions/Remote violence,Air/drone strike,Military Forces of the United States (2021-2025),Military Forces of Yemen (2017-) Houthi,Ras al Katib,14.917,42.89,"On 17 February 2024, US forces conducted 2 strikes to intercept Houthi missiles and/or 1 UUV and/or 1 USV in the Houthi military camp in Ras al Katib (Al Mina, Al Hudaydah). CENTCOM claimed that they presented an imminent threat to shipping. CENTCOM claimed the destruction of 3 Houthi mobile anti-ship cruise missiles, 1 UUV, and 1 USV between 3:00 pm and 8:00 pm Sanaa time that day without providing locations while Houthi sources reported raids on 4 separate locations in Al Hudaydah, injuring 1 person.",0,False,False
YEM92223,2024-10-04,Explosions/Remote violence,Air/drone strike,Military Forces of the United States (2021-2025),Military Forces of Yemen (2017-) Houthi,Ras al Katib,14.917,42.89,"On 4 October 2024, at around 5 pm Sanaa time, US forces conducted 4 strikes on the maritime college in Ras al Katib (Al Mina, Al Hudaydah). Casualties unknown. CENTCOM claimed targeting Houthi offensive military capabilities with 15 strikes that day without providing locations while Houthi sources reported 20 raids on 4 different governorates.",0,False,False
YEM97026,2025-02-19,Explosions/Remote violence,Air/drone strike,Military Forces of the United States (2025-),Military Forces of Yemen (2017-) Houthi,Ras al Katib,14.917,42.89,"On 19 February 2025, in the early morning, suspected US forces conducted 4 strikes targeting the Al Kathib Houthi naval camp in Ras al Katib (Al Mina, Al Hudaydah). According to medical sources at the military hospital, the strikes killed 2 Houthi fighters and injured 9 others. Houthi forces did not publish a corresponding strike report. The US did not claim the strikes.",2,False,False
YEM97376,2025-03-11,Strategic developments,Disrupted weapons use,Military Forces of Yemen (2017-) Houthi,nan,Ras al Katib,14.917,42.89,"Detonation: On 11 March 2025, IEDs exploded in a factory for preparing naval mines and explosive boats in Ras al Katib (Al Mina, Al Hudaydah), killing a number of Houthi explosive experts, including an Iraqi expert, and injuring others. The source claimed that the explosion took place near a secret military site used by the Houthis to manufacture sea mines and explosive boats. The experts were preparing to launch an explosive-laden boat, but a technical error led to the explosion. Anti-Houthi sources claimed the explosion was the result of an airstrike by suspected US forces, but neither the Houthis nor USCENTCOM corroborated this claim. Unclear fatalities coded as 3.",3,False,False
YEM101754,2025-07-07,Explosions/Remote violence,Air/drone strike,Military Forces of Israel (2022-),Military Forces of Yemen (2017-) Houthi,Ras al Katib,14.917,42.89,"On 6 July 2025, Israeli forces conducted around 60 strikes, using approximately 20 fighter jets and over 50 munitions, on Houthi targets in As Salif Port, Ras Isa port (As Salif, Al Hudaydah), Al Hudaydah - Port (Al Hali, Al Hudaydah), and Ras al Katib power station (Al Mina, Al Hudaydah). A number of strikes targeted the Houthi Naval College and base in the Al Kathib area. The Al Kathib central power station was also targeted, resulting in damage to two generating turbines and two fuel tanks and the destruction of the 10 MW power station that supplied electricity to Fahem Group's Saleef Flour Mills and Grain Silos and other critical systems. The resumption of the strikes comes in response to continued Houthi attacks against Israel, according to Israeli sources. Casualties unknown.",0,False,False
YEM87417,2024-05-07,Strategic developments,Disrupted weapons use,Military Forces of Yemen (2022-) Presidential Leadership Council,Military Forces of Yemen (2017-) Houthi,Ras Bab el Mandeb,12.677,43.462,"Defusal: Around 4 May 2024 (as reported), IRG forces along with the Saudi Project for Landmine Clearance MASAM defused a large Houthi explosive device including 25 kg of C4 and at least 50 kilograms of TNT that weas on board a fishing boat that had swept away on land on the coast of Strait of Bab el Mandeb (coded to Ras Bab el Mandeb) (Dhubab, Taizz). MASAM announced the operation in a statement on 4 May 2024 saying that it took place at the beginning of the month.",0,False,True
YEM89349,2024-07-11,Strategic developments,Disrupted weapons use,Military Forces of the United States (2021-2025),Military Forces of Yemen (2017-) Houthi,Ras Isa,15.186,42.662,"Interception: On 11 July 2024, at an unspecified time, US forces conducted 5 strikes/raids to intercept 1 Houthi drone in Ras Isa (As Salif, Al Hudaydah). CENTCOM claimed that it presented an imminent threat to shipping. CENTCOM claimed the destruction of 1 Houthi drone that day without providing locations while Houthi sources reported 5 raids on Ras Isa.",0,False,False
YEM90664,2024-08-09,Strategic developments,Disrupted weapons use,Military Forces of the United States (2021-2025),Military Forces of Yemen (2017-) Houthi,Ras Isa,15.186,42.662,"Interception: On 9 August 2024, at an unspecified time, US forces conducted strikes to intercept 1 Houthi drone boat in Ras Isa (As Salif, Al Hudaydah). CENTCOM claimed that it presented an imminent threat to shipping. CENTCOM claimed the destruction of 1 Houthi drone boat and 1 Houthi missile launcher that day without providing locations while Houthi sources reported 3 raids on Ras Isa.",0,False,False
YEM90828,2024-08-09,Explosions/Remote violence,Air/drone strike,Military Forces of the United States (2021-2025),Military Forces of Yemen (2017-) Houthi,Ras Isa,15.186,42.662,"On 9 August 2024, at an unspecified time, US forces conducted strikes to destroy 1 Houthi missile launcher in Ras Isa (As Salif, Al Hudaydah). Casualties unknown. CENTCOM claimed the destruction of 1 Houthi missile launcher and 1 Houthi drone boat that day without providing locations, while Houthi sources reported 3 raids on Ras Isa.",0,False,False
YEM96416,2025-01-20,Explosions/Remote violence,Shelling/artillery/missile attack,Military Forces of the United States (2021-2025),Military Forces of Yemen (2017-) Houthi,Ras Isa,15.186,42.662,"On 19 January 2025, suspected US gunboats conducted shelling targeting unspecified Houthi military sites near the Ras Isa Port (As Salif, Al Hudaydah). Casualties unknown. US forces did not claim the attack.",0,False,False
YEM99283,2025-05-01,Strategic developments,Other,Military Forces of Yemen (2017-) Houthi,nan,Ras Isa,15.186,42.662,"Other: On 1 May 2025, Houthi forces denied 11 ships under threat of violence to leave Ras Isa Port (As Salif, Al Hudaydah) with at least one incident of warning shots being fired.",0,False,False
YEM101756,2025-07-07,Explosions/Remote violence,Air/drone strike,Military Forces of Israel (2022-),Military Forces of Yemen (2017-) Houthi,Ras Isa,15.186,42.662,"On 6 July 2025, Israeli forces conducted around 60 strikes, using approximately 20 fighter jets and over 50 munitions, on Houthi targets in As Salif Port, Ras Isa port (As Salif, Al Hudaydah), Al Hudaydah - Port (Al Hali, Al Hudaydah), and Ras al Katib power station (Al Mina, Al Hudaydah). At the port of Ras Issa, 7 raids targeted locally-made tanker trucks and a station where Houthi operatives unloaded, pumped, and distributed fuel onto the vehicles. 2 strikes also targeted the commercial ship Galaxy Leader- which the Houthi forces seized it in November 2023, as it was stationed at Ras Isa port, causing the complete sinking of the ship, claiming it was used to track other ships with radar. The resumption of the strikes comes in response to continued Houthi attacks against Israel, according to Israeli sources. Casualties unknown.",0,False,False
YEM89144,2024-06-24,Explosions/Remote violence,Shelling/artillery/missile attack,Military Forces of Yemen (2017-) Houthi,Military Forces of the United States (2021-2025),Red Sea,21.271,38.252,"On 22 June 2024, Houthi forces claimed a ballistic and cruise missile attack targeting US Navy aircraft carrier USS Dwight D. Eisenhower in the Red Sea. There were no fatalities or injuries as the missiles likely impacted the water before reaching the intended target. The attack was not confirmed by other sources with CENTCOM denying that a successful attack had taken place.",0,False,False
YEM97377,2025-03-11,Strategic developments,Other,Military Forces of Yemen (2017-) Houthi,nan,Red Sea,21.271,38.252,"Other: On 11 March 2025, Houthi forces announced the resumption of a maritime blockade on Israeli-linked vessels in the Red Sea, Gulf of Aden, Strait of Bab el Mandeb, and the Arabian Sea (coded to North Arabian Sea). The blockade follows the expiration of a four-day ultimatum issued by Houthi leadership demanding Israel reopen crossings and allow humanitarian aid into Gaza. The statement declared an immediate enforcement of the ban, warning that any Israeli-affiliated ship attempting passage would be targeted. The blockade is set to continue until Israel complies with the demands.",0,False,False
YEM97703,2025-03-17,Explosions/Remote violence,Air/drone strike,Military Forces of Yemen (2017-) Houthi,Military Forces of the United States (2025-),Red Sea,21.271,38.252,"On 16 March 2025, Houthi forces claimed to have launched within the 'last 24 hours' an unspecified number of drones, ballistic, and cruise missiles targeting US aircraft carrier USS Harry S. Truman and nearby destroyers in the Red Sea. There were no fatalities or injuries as the drones and missiles likely impacted the water before reaching the intended target. The Houthi attack was in retaliation for a series of US strikes targeting Houthi sites in Yemen that started on 15 March. The Houthis had previously claimed another attack on the USS Harry S. Truman that was intercepted by US forces (coded separately). The attack was not confirmed by other sources.",0,False,False
YEM97702,2025-03-17,Strategic developments,Disrupted weapons use,Military Forces of the United States (2025-),Military Forces of Yemen (2017-) Houthi,Red Sea,21.271,38.252,"Interception: On 16 March 2025, US warplanes intercepted 11 drones launched by Houthi forces and targeting the US aircraft carrier USS Harry S. Truman and nearby destroyers in the Red Sea, while Houthi forces claimed to have launched 18 drones, ballistic missiles and 'winged' cruise missiles in total. The Houthi attack was in retaliation for a series of US strikes targeting Houthi sites in Yemen that started on 15 March.",0,False,False
YEM97704,2025-03-17,Explosions/Remote violence,Air/drone strike,Military Forces of Yemen (2017-) Houthi,Military Forces of the United States (2025-),Red Sea,21.271,38.252,"On 17 March 2025, Houthi forces claimed to have launched an unspecified number of drones and missiles targeting US aircraft carrier USS Harry S. Truman in the Red Sea. There were no fatalities or injuries as the drones/missiles likely impacted the water before reaching the intended target. The attack was not confirmed by other sources.",0,False,False
YEM97705,2025-03-18,Explosions/Remote violence,Air/drone strike,Military Forces of Yemen (2017-) Houthi,Military Forces of the United States (2025-),Red Sea,21.271,38.252,"On 18 March 2025, Houthi forces claimed to have launched 2 drones and 2 ballistic missiles targeting US aircraft carrier USS Harry S. Truman as well as 4 drones and 1 missile targeting an unnamed US destroyer in the Red Sea. There were no fatalities or injuries as the drones and missiles likely impacted the water before reaching the intended target. One of the missiles was fired from As-Sayl area east of the city of Al Hazm in the governorate of Al Jawf, while the second missile was launched from a location close to the district of Majzar in the governorate of Marib. The attack was not confirmed by other sources.",0,False,False
YEM97706,2025-03-19,Strategic developments,Disrupted weapons use,Military Forces of the United States (2025-),Military Forces of Yemen (2017-) Houthi,Red Sea,21.271,38.252,"Interception: On 19 March 2025, at an unspecified time, an US fighter aircraft intercepted 1 one-way Houthi drone over the Red Sea. Meanwhile, Houthi forces claimed to have launched an unspecified number of drones and 'winged' cruise missiles targeting US aircraft carrier USS Harry S. Truman and nearby destroyers in the North Red Sea. There were no fatalities or injuries as the drones and missiles likely impacted the water before reaching the intended target.",0,False,False
YEM97707,2025-03-20,Explosions/Remote violence,Air/drone strike,Military Forces of Yemen (2017-) Houthi,Military Forces of the United States (2025-),Red Sea,21.271,38.252,"On 20 March 2025, at an unspecified time, Houthi forces claimed to have launched an unspecified number of drones targeting unnamed US destroyers that are part of the fleet led by aircraft carrier USS Harry S. Truman in the Red Sea. There were no fatalities or injuries as the drones likely impacted the water before reaching the intended target. The attack was not confirmed by other sources.",0,False,False
YEM97713,2025-03-24,Explosions/Remote violence,Air/drone strike,Military Forces of Yemen (2017-) Houthi,Military Forces of the United States (2025-),Red Sea,21.271,38.252,"On 22 March 2025, at an unspecified time, Houthi forces claimed to have launched an unspecified number of drones targeting unnamed US destroyers that are part of the fleet led by the aircraft carrier USS Harry S. Truman in the Red Sea. There were no fatalities or injuries, as the drones likely impacted the water before reaching the intended target. The attack was not confirmed by other sources.",0,False,False
YEM97738,2025-03-24,Explosions/Remote violence,Air/drone strike,Military Forces of Yemen (2017-) Houthi,Military Forces of the United States (2025-),Red Sea,21.271,38.252,"On 23 March 2025, at an unspecified time, Houthi forces claimed to have launched an unspecified number of drones and missiles targeting unnamed US destroyers that are part of the fleet led by the aircraft carrier USS Harry S. Truman in the Red Sea. There were no fatalities or injuries, as the drones likely impacted the water before reaching the intended target. The attack was not confirmed by other sources.",0,False,False
YEM97739,2025-03-25,Explosions/Remote violence,Air/drone strike,Military Forces of Yemen (2017-) Houthi,Military Forces of the United States (2025-),Red Sea,21.271,38.252,"On 25 March 2025, likely overnight, Houthi forces claimed to have launched an unspecified number of drones as well as cruise and ballistic missiles targeting US aircraft carrier USS Harry S. Truman in the Red Sea. There were no fatalities or injuries as the drones/missiles likely impacted the water before reaching the intended target. The attack was not confirmed by other sources.",0,False,False
YEM97789,2025-03-26,Explosions/Remote violence,Air/drone strike,Military Forces of Yemen (2017-) Houthi,Military Forces of the United States (2025-),Red Sea,21.271,38.252,"On 26 March 2025, at an unspecified time, Houthi forces claimed to have fired a number of drones, ballistic missiles and 'winged' cruise missiles targeting the USS Harry S. Truman and surrounding destroyers in the Red Sea. There were no fatalities or injuries as the drones and missiles likely impacted the water before reaching the intended targets. The Houthis claimed to have 'engaged for hours' with US forces. The attack was not confirmed by other sources.",0,False,False
YEM97792,2025-03-27,Explosions/Remote violence,Air/drone strike,Military Forces of Yemen (2017-) Houthi,Military Forces of the United States (2025-),Red Sea,21.271,38.252,"On 27 March 2025, at an unspecified time, Houthi forces claimed to have fired a number of drones, ballistic missiles and 'winged' cruise missiles targeting the USS Harry S. Truman and surrounding destroyers in the Red Sea. There were no fatalities or injuries as the drones and missiles likely impacted the water before reaching the intended targets. The Houthis claimed to have 'engaged for hours' with US forces. The attack was not confirmed by other sources.",0,False,False
YEM98089,2025-03-31,Explosions/Remote violence,Air/drone strike,Military Forces of Yemen (2017-) Houthi,Military Forces of the United States (2025-),Red Sea,21.271,38.252,"On 30 March 2025, Houthi forces claimed to have launched within the 'last 24 hours' an unspecified number of drones and cruise missiles targeting US aircraft carrier USS Harry S. Truman and nearby destroyers in the Red Sea. There were no fatalities or injuries as the drones and missiles likely impacted the water before reaching the intended target. The Houthi attack was in retaliation for a series of US strikes targeting Houthi sites in Yemen that started on 15 March. The attack was not confirmed by other sources.",0,False,False
YEM98091,2025-04-02,Explosions/Remote violence,Air/drone strike,Military Forces of Yemen (2017-) Houthi,Military Forces of the United States (2025-),Red Sea,21.271,38.252,"On 2 April 2025, within the last 24 hours, Houthi forces claimed to have conducted three separate attacks using an unspecified number of drones and 'winged' cruise missiles targeting the USS Harry S. Truman and surrounding destroyers in the Red Sea. There were no fatalities or injuries as the drones and missiles likely impacted the water before reaching the intended targets. The attack was not confirmed by other sources.",0,False,False
YEM98093,2025-04-03,Explosions/Remote violence,Air/drone strike,Military Forces of Yemen (2017-) Houthi,Military Forces of the United States (2025-),Red Sea,21.271,38.252,"On 3 April 2025, at an unspecified time, Houthi forces claimed to have launched an unspecified number of drones and 'winged' cruise missiles targeting the USS Harry S. Truman and surrounding destroyers in the Red Sea. There were no fatalities or injuries as the drones and missiles likely impacted the water before reaching the intended targets. The attack was not confirmed by other sources.",0,False,False
YEM98094,2025-04-04,Explosions/Remote violence,Air/drone strike,Military Forces of Yemen (2017-) Houthi,Military Forces of the United States (2025-),Red Sea,21.271,38.252,"On 4 April 2025, at an unspecified time, Houthi forces claimed to have launched an unspecified number of drones and 'winged' cruise missiles targeting the USS Harry S. Truman and surrounding destroyers in the Red Sea. There were no fatalities or injuries as the drones and missiles likely impacted the water before reaching the intended targets. The Houthis claimed this was the second attack against these ships in 'last 24 hours' and that they 'failed' two imminent US attacks on Yemen. The Houthi attack was not confirmed by other sources.",0,False,False
YEM98328,2025-04-07,Explosions/Remote violence,Air/drone strike,Military Forces of Yemen (2017-) Houthi,Military Forces of the United States (2025-),Red Sea,21.271,38.252,"On 5 April 2025, at an unspecified time, Houthi forces claimed to have launched an unspecified number of drones and 'winged' cruise missiles targeting the USS Harry S. Truman and surrounding destroyers and ballistic missiles targeting the American supply ship associated with the USS Truman in the Red Sea. There were no fatalities or injuries as the drones and missiles likely impacted the water before reaching the intended targets. The Houthi attack was not confirmed by other sources.",0,False,False
YEM98329,2025-04-07,Explosions/Remote violence,Air/drone strike,Military Forces of Yemen (2017-) Houthi,Military Forces of the United States (2025-),Red Sea,21.271,38.252,"On 7 April 2025, Houthi forces claimed to have launched an unspecified number of drones and 'winged' cruise missiles targeting 2 unnamed US destroyers in the Red Sea. There were no fatalities or injuries as the drones and missiles likely impacted the water before reaching the intended targets. The attack was not confirmed by other sources.",0,False,False
YEM98330,2025-04-09,Explosions/Remote violence,Air/drone strike,Military Forces of Yemen (2017-) Houthi,Military Forces of the United States (2025-),Red Sea,21.271,38.252,"On 9 April 2025, at an unspecified time, Houthi forces claimed to have launched an unspecified number of drones targeting the USS Harry S. Truman and surrounding destroyers in the Red Sea. There were no fatalities or injuries as the drones likely impacted the water before reaching the intended targets. The Houthi attack was not confirmed by other sources.",0,False,False
YEM98332,2025-04-11,Explosions/Remote violence,Air/drone strike,Military Forces of Yemen (2017-) Houthi,Military Forces of the United States (2025-),Red Sea,21.271,38.252,"On 11 April 2025, at an unspecified time, Houthi forces claimed to have launched an unspecified number of drones and 'winged' cruise missiles targeting the USS Harry S. Truman and surrounding destroyers in the Red Sea. There were no fatalities or injuries as the drones and missiles likely impacted the water before reaching the intended targets. The Houthi attack was not confirmed by other sources.",0,False,False
YEM98596,2025-04-17,Strategic developments,Disrupted weapons use,Military Forces of France (2017-),Military Forces of Yemen (2017-) Houthi,Red Sea,21.271,38.252,"Interception: On 17 April 2025, at an unspecified time, a French frigate, likely the Languedoc, intercepted 1 one-way Houthi drone over the Red Sea. On 18 April, Houthi forces claimed to have launched an unspecified number of drones and 'winged' cruise missiles the USS Harry S. Truman, USS Carl Vinson, and surrounding destroyers in the Red Sea and North Arabian Sea (coded separately). The drone likely belonged to the barrage of drones and missiles launched by the Houthis.",0,False,False
YEM98594,2025-04-22,Explosions/Remote violence,Air/drone strike,Military Forces of Yemen (2017-) Houthi,Military Forces of the United States (2025-),Red Sea,21.271,38.252,"On 18 April 2025, at an unspecified time, Houthi forces claimed to have launched an unspecified number of drones and 'winged' cruise missiles targeting the USS Harry S. Truman, USS Carl Vinson, and surrounding destroyers in the Red Sea and Arabian Sea (coded to West Arabian Sea). There were no fatalities or injuries as the drones and missiles likely impacted the water before reaching the intended targets. The Houthi claim was not corroborated by other sources.",0,False,False
YEM98781,2025-04-22,Explosions/Remote violence,Air/drone strike,Military Forces of Yemen (2017-) Houthi,Military Forces of the United States (2025-),Red Sea,21.271,38.252,"On 21 April 2025, Houthi forces claimed to have launched 2 drones and 2 'winged' cruise missiles targeting the USS Harry S. Truman and surrounding destroyers in the Red Sea. There were no fatalities or injuries as the drones and missiles likely impacted the water before reaching the intended targets. The attack was not confirmed by other sources.",0,False,False
YEM98787,2025-04-22,Explosions/Remote violence,Air/drone strike,Military Forces of Yemen (2017-) Houthi,Military Forces of the United States (2025-),Red Sea,21.271,38.252,"On 22 April 2025, Houthi forces claimed to have launched an unspecified number of drones and 'winged' cruise missiles targeting the USS Harry S. Truman and surrounding destroyers in the Red Sea. There were no fatalities or injuries as the drones and missiles likely impacted the water before reaching the intended targets. The attack was not confirmed by other sources.",0,False,False
YEM99278,2025-04-28,Explosions/Remote violence,Air/drone strike,Military Forces of Yemen (2017-) Houthi,Military Forces of the United States (2025-),Red Sea,21.271,38.252,"On 26 April 2025, at an unspecified time, Houthi forces claimed to have launched an unspecified number of drones targeting the USS Harry S. Truman and surrounding destroyers in the Red Sea. There were no fatalities or injuries, as the drones likely impacted the water before reaching the intended targets. The Houthi claim was not corroborated by other sources.",0,False,False
YEM99269,2025-04-28,Explosions/Remote violence,Air/drone strike,Military Forces of Yemen (2017-) Houthi,Military Forces of the United States (2025-),Red Sea,21.271,38.252,"On 28 April 2025, Houthi forces claimed to have launched an unspecified number of drones, and ballistic and 'winged' cruise missiles targeting the USS Harry S. Truman and surrounding destroyers in the Red Sea. There were no fatalities as most of the drones and missiles likely impacted the water before reaching the intended targets, but the USS Truman lost a fighter jet and a tow tractor at sea as it was evading one of the projectiles, also causing a minor injury to one of its crew members in the process. The Houthis launched the attack in retaliation for US airstrikes inside Yemen that targeted a detention facility housing African migrants in Sadah and another strike in Sanaa that caused dozens of casualties",0,False,False
YEM99727,2025-05-06,Explosions/Remote violence,Air/drone strike,Military Forces of Yemen (2017-) Houthi,Military Forces of the United States (2025-),Red Sea,21.271,38.252,"On 6 May 2025, at an unspecified time, Houthi forces launched an unspecified number of drones and 1 ballistic missile targeting the USS Harry S. Truman and surrounding destroyers in the Red Sea. There were no fatalities or injuries as the drones and missile likely impacted the water before reaching the intended targets and the Houthis stated that they launched the attack before the announcement of the ceasefire between them and the US. The Houthi claim was not corroborated by other sources",0,False,False
YEM104718,2025-06-27,Strategic developments,Disrupted weapons use,West Coast Joint Forces,Military Forces of Yemen (2017-) Houthi,Red Sea,21.271,38.252,"Weapons seizure: On 27 June 2025, National Resistance forces (coded under WCJF) seized a vessel carrying a large shipment of Iranian-made military equipment on its way to Houthi forces in an unspecified location in the Red Sea. The seizure was the largest seizure of Iranian advanced conventional weapons in the NRF's history. The shipment, estimated at 750 tons, included hundreds of advanced cruise, anti-ship, and anti-aircraft missiles, warheads and seekers, drone components, drone engines, air defense equipment, radar systems, and communications equipment, in addition to manuals in Persian. Many of the systems were manufactured by a company affiliated with the Iranian Ministry of Defense.",0,False,False
YEM105603,2025-08-06,Strategic developments,Disrupted weapons use,Military Forces of Greece (2019-),Military Forces of Yemen (2017-) Houthi,Red Sea,21.271,38.252,"Interception: On 6 August 2025, at an unspecified time, a Greek frigate, part of a European patrol, intercepted 2 Houthi drones over the Red Sea, while two other drones retreated after being subjected to electronic jamming. Potential targets were unidentified/not reported. Houthi forces did not claim the attack.",0,False,False
YEM85572,2024-02-05,Explosions/Remote violence,Air/drone strike,Military Forces of the United States (2021-2025),Military Forces of Yemen (2017-) Houthi,Sadah,16.94,43.764,"On 3 February 2024, at around 11:30 pm Sanaa time, US Navy forces conducted 1 raid/strike on Houthi targets in Sadah governorate (coded to capital Sadah). Casualties unknown. This was part of a joint US-UK operation that day that struck 36 Houthi targets at 13 locations that included underground storage facilities, command and control centers, missile systems, drone storage and operations sites, radars, and helicopters. Houthi forces reported a total of 18 raids. US Navy used fighter jets from aircraft carrier USS Dwight D. Eisenhower and Tomahawk missiles from destroyers USS Gravely and USS Carney.",0,False,False
YEM85213,2024-02-05,Strategic developments,Disrupted weapons use,Military Forces of the United States (2021-2025),Military Forces of Yemen (2017-) Houthi,Sadah,16.94,43.764,"Interception: On 4 February 2024, US forces conducted 4 raids/strikes to intercept Houthi missiles in eastern Sadah city (Saadah). The missiles were struck as they were prepared to launch against ships in the Red Sea with CENTCOM claiming that they presented an imminent threat to shipping. CENTCOM claimed the destruction of 5 Houthi anti-ship cruise missiles and 1 land attack cruise missile between 4:00 am and the end of the day Sanaa time that day without providing locations while Houthi sources reported raids on 3 separate locations.",0,False,False
YEM92802,2024-10-16,Explosions/Remote violence,Air/drone strike,Military Forces of the United States (2021-2025),Military Forces of Yemen (2017-) Houthi,Sadah,16.94,43.764,"On 16 October 2024, overnight, US forces conducted 9 airstrikes targeting underground Houthi weapons storage facilities in Al Kahlan (As Safra) and Al Ablah area (coded to governorate capital Sadah) (Saadah) (Sadah) to degrade their ability to target commercial and military ships in the Red Sea. Casualties unknown. CENTCOM did not specify the exact date of the airstrikes. CENTCOM also claimed to have used B-2 Spirit long-range stealth bombers to launch at least some of the airstrikes for the first time in Yemen. National corresponding reports claimed strikes in 3 governorates Sanna, Amanat al Asimah, and Sadah. One source reported that US airstrikes in Sadah (presumably referring to this event) injured the commander of the 6th Military Region, who reportedly succumbed to his wounds and died on 2 November 2024, along with four Iranian experts who were injured. At least 1 fatality coded.",1,False,False
YEM103812,2024-12-16,Explosions/Remote violence,Air/drone strike,Military Forces of the United States (2021-2025),Military Forces of Yemen (2017-) Houthi,Sanaa,15.355,44.207,"On 16 December 2024, at an unspecified time, US forces conducted an air raid targeting a Houthi command and control facility in Sanaa (Amanat al Asimah), described by US forces as a hub for coordinating Houthi maritime attacks on US Navy ships and commercial vessels. CENTCOM claimed the raid. Casualties unknown.",0,False,False
YEM96493,2025-01-22,Strategic developments,Other,Government of the United States (2025-),Houthi Movement - Ansar Allah,Sanaa,15.355,44.207,"Other: On 22 January 2025, the new US president Donald Trump issued an executive order to start relisting the Houthi Movement - Ansar Allah group as a Foreign Terrorist Organization (FTO) for their continued attacks targeting commercial shipping in the Red Sea, Israel and other regional allies, and US forces. The relisting will take weeks before being completed, and it will cause all US and UN-funded projects and operations in Yemen to be cut if they found to be in contact with the Houthis as well criminalize any sort of 'support' provided by a US citizen to the group or its members. Coded to Sanaa (Amanat al Asimah).",0,False,False
YEM97038,2025-02-19,Explosions/Remote violence,Shelling/artillery/missile attack,Military Forces of Yemen (2017-) Houthi,Military Forces of the United States (2025-),Sanaa,15.355,44.207,"On 19 February 2025, Houthi forces fired surface-to-air missiles at 1 US MQ-9 drone in Yemen (coded to Sanaa) (Amanat al Asimah). The missiles were launched from Al Kathib naval camp in Al Hudaydah. The missiles did not hit the target. Houthi forces did not publish a corresponding report. There were no casualties.",0,False,False
YEM107719,2025-09-25,Explosions/Remote violence,Air/drone strike,Military Forces of Israel (2022-),Police Forces of Yemen (2017-) Houthi - Security and Intelligence Service,Sanaa - Al Bakiriyah,15.357,44.219,"On 25 September 2025, Israeli forces targeted, using jets and warships, 2 headquarters belonging to the Houthi Security and Intelligence Service in Sanaa - Shamlan (Maain) and Sanaa - Al Bakiriyah (Old City, Amanat al Asimah). One of the raids targeted an archive building next to a building used as a prison housing hundreds of abductees. Israeli forces conducted over 15 airstrikes, dropping over 65 bombs over Amanat al Asimah governorate targeting Houthi military leaders, command headquarters, and weapons depots on 25 September resulting in 11 deaths (including 4 children and 2 women) and the injury of 205 (including 63 children and 37 women). Houthi forces claimed they used land-to-air missiles at Israeli jets forcing 'thwarting' part of the Israeli attack, but this was not confirmed by third-party sources. The Israeli government reported the strikes killed 'dozens' of Houthi elements, with local sources reported 20-30 Houthi fatalities. Fatalities coded as 20 on the Houthi side following the most conservative estimate. Fatalities split across 8 events, 4 fatalities coded to this event (1 civilian + 1 Houthi).",2,False,False
YEM84861,2024-01-22,Explosions/Remote violence,Air/drone strike,Military Forces of the United States (2021-2025),Military Forces of Yemen (2017-) Houthi,Sanaa - Al Hafaa,15.319,44.236,"On 22 January 2024, at around 11:59 pm Sanaa time, US Navy forces conducted 4 strikes on a Houthi site in Sanaa - Al Hafaa (As Sabain, Amanat al Asimah). Casualties unknown. This was part of a joint US-UK operation that day that struck 8 Houthi targets that included missile systems and launchers, air defense systems, radars, and weapons storage facilities. Houthi forces reported a total of 18 raids. US Navy used fighter jets from aircraft carrier USS Dwight D. Eisenhower and Tomahawk missiles from destroyers USS Gravely and USS Mason and from cruiser USS Philippine Sea.",0,False,False
YEM92789,2024-10-16,Explosions/Remote violence,Air/drone strike,Military Forces of the United States (2021-2025),Military Forces of Yemen (2017-) Houthi,Sanaa - Al Hafaa,15.319,44.236,"On 16 October 2024, overnight, US forces conducted 4 airstrikes targeting underground Houthi weapons storage facilities in Sanaa - Al Hafaa (As Sabain, Amanat al Asimah) to degrade their ability to target commercial and military ships in the Red Sea. Casualties unknown. CENTCOM did not specify the exact date of the airstrikes. CENTCOM also claimed to have used B-2 Spirit long-range stealth bombers to launch at least some of the airstrikes, for the first time in Yemen. National corresponding reports claimed strikes in 3 governorates Sanna, Amanat al Asimah, and Sadah.",0,False,False
YEM92798,2024-10-16,Explosions/Remote violence,Air/drone strike,Military Forces of the United States (2021-2025),Military Forces of Yemen (2017-) Houthi,Sanaa - Al Jiraf,15.402,44.207,"On 16 October 2024, overnight, US forces conducted 1 airstrike targeting underground Houthi weapons storage facilities in Sanaa - Al Jiraf (Aththaorah, Amanat al Asimah) to degrade their ability to target commercial and military ships in the Red Sea. Casualties unknown. CENTCOM did not specify the exact date of the airstrikes. CENTCOM also claimed to have used B-2 Spirit long-range stealth bombers to launch at least some of the airstrikes, for the first time in Yemen. National corresponding reports claimed strikes in 3 governorates Sanna, Amanat al Asimah, and Sadah.",0,False,False
YEM107717,2025-09-25,Explosions/Remote violence,Air/drone strike,Military Forces of Israel (2022-),Military Forces of Yemen (2017-) Houthi,Sanaa - Al Raqas,15.359,44.184,"On 25 September 2025, Israeli forces targeted, using jets and warships, 2 neighborhoods in Sanaa - Al Raqas (Maain, Amanat al Asimah) resulting in the destruction of a four-story residential building, damaging nearby homes, and causing civilian casualties. Israeli forces conducted over 15 airstrikes, dropping over 65 bombs over Amanat al Asimah governorate targeting Houthi military leaders, command headquarters, and weapons depots on 25 September resulting in 11 deaths (including 4 children and 2 women) and the injury of 205 (including 63 children and 37 women). Houthi forces claimed they used land-to-air missiles at Israeli jets forcing 'thwarting' part of the Israeli attack, but this was not confirmed by third-party sources. The Israeli government reported the strikes killed 'dozens' of Houthi elements, with local sources reported 20-30 Houthi fatalities. Fatalities coded as 20 on the Houthi side following the most conservative estimate. Fatalities split across 8 events, 5 fatalities coded to this event (2 civilian + 3 Houthi).",5,False,False
YEM95861,2024-12-31,Explosions/Remote violence,Air/drone strike,Military Forces of the United States (2021-2025),Military Forces of Yemen (2017-) Houthi,Sanaa - Al Urdi,15.35,44.213,"On 31 December 2024, at an unspecified time, US navy ships and aircrafts carried out strikes targeting a Houthi command and control facility and weapons' production and storage facilities, including drones and cruise missiles, in Houthi-controlled areas in Yemen, while Houthi sources reported 10 raids on the May 22 Military Complex in Aththaorah district (coded to district center Sanaa - Aththaorah) (Amanat al Asimah) and 2 raids on Sanaa - Al Urdi (Assafiyah, Amanat al Asimah). Casualties unknown. CENTCOM stated that the strikes took place on 30 and 31 December.",0,False,False
YEM85788,2024-02-26,Explosions/Remote violence,Air/drone strike,Military Forces of the United States (2021-2025),Military Forces of Yemen (2017-) Houthi,Sanaa - An Nahdhah,15.391,44.185,"On 24 February 2024, at around 11:50 pm Sanaa time, US Navy forces conducted 3 raids/strikes against Houthi targets in Al Aqel factory in Sanaa - An Nahdhah (Aththaorah, Amanat al Asimah) injuring 2 civilians and causing the factory to burn. Military casualties unknown. This was part of a joint US-UK operation that day that struck 18 Houthi targets at 8 locations that included underground weapons storage facilities, missile storage facilities, one-way attack drones, air defense systems, radars, and a helicopter. Houthi forces reported a total of 22 raids. US Navy used fighter jets from aircraft carrier USS Dwight D. Eisenhower.",0,False,False
YEM88266,2024-06-07,Strategic developments,Disrupted weapons use,Military Forces of the United States (2021-2025),Military Forces of Yemen (2017-) Houthi,Sanaa - As Siyana,15.39,44.196,"Interception: On 7 June 2024, in the afternoon, US forces conducted 2 raids/strikes to intercept Houthi drones and/or anti-ship ballistic missiles in Sanaa - As Siyana (Aththaorah, Amanat al Asimah). CENTCOM claimed that they presented an imminent threat to shipping. CENTCOM claimed the destruction of 4 Houthi drones and 2 anti-ship ballistic missiles that day without providing locations while Houthi sources reported raids on 2 different locations in Al Hudaydah and Amanat al Asimah governorates.",0,False,False
YEM95862,2024-12-31,Explosions/Remote violence,Air/drone strike,Military Forces of the United States (2021-2025),Military Forces of Yemen (2017-) Houthi,Sanaa - Aththaorah,15.391,44.193,"On 31 December 2024, at an unspecified time, US navy ships and aircrafts carried out strikes targeting a Houthi command and control facility and weapons' production and storage facilities, including drones and cruise missiles, in Houthi-controlled areas in Yemen, while Houthi sources reported 10 raids on the May 22 Military Complex in Aththaorah district (coded to district center Sanaa - Aththaorah) (Amanat al Asimah) and 2 raids on Sanaa - Al Urdi (Assafiyah, Amanat al Asimah). Casualties unknown. CENTCOM stated that the strikes took place on 30 and 31 December.",0,False,False
YEM84661,2024-01-12,Explosions/Remote violence,Air/drone strike,Military Forces of the United States (2021-2025),Military Forces of Yemen (2017-) Houthi,Sanaa - Attan,15.314,44.178,"On 12 January 2024, at around 2:30 am Sanaa time, US forces conducted strikes on Houthi missile and drone manufacturing workshops in the military camp in Sanaa - Attan (Bani Matar). 1 fatality coded to this event. This was part of a joint US-UK operation that day that struck over 60 Houthi targets in at least 18 locations (16 claimed by the US + 2 claimed by the UK) that included command and control nodes, munitions depots, launching systems, production facilities, and air defense radar systems. US Navy used fighter jets from aircraft carrier USS Dwight D. Eisenhower and Tomahawk missiles from surface warships and a submarine, and US Air Force used additional fighter jets. Houthi forces reported a total of 73 raids that resulted in 8 fatalities and at least 3 injuries. 8 fatalities split between 18 events.",1,False,False
YEM85199,2024-02-05,Explosions/Remote violence,Air/drone strike,Military Forces of the United States (2021-2025),Military Forces of Yemen (2017-) Houthi,Sanaa - Attan,15.314,44.178,"On 3 February 2024, at around 11:30 pm Sanaa time, US Navy forces conducted raids/strikes on Houthi targets in Sanaa - Attan (Bani Matar, Sanaa). Casualties unknown. This was part of a joint US-UK operation that day that struck 36 Houthi targets at 13 locations that included underground storage facilities, command and control centers, missile systems, drone storage and operations sites, radars, and helicopters. Houthi forces reported a total of 18 raids. US Navy used fighter jets from aircraft carrier USS Dwight D. Eisenhower and Tomahawk missiles from destroyers USS Gravely and USS Carney.",0,False,False
YEM85789,2024-02-26,Explosions/Remote violence,Air/drone strike,Military Forces of the United States (2021-2025),Military Forces of Yemen (2017-) Houthi,Sanaa - Attan,15.314,44.178,"On 24 February 2024, at around 11:50 pm Sanaa time, US Navy forces conducted 6 raids/strikes against Houthi targets in Al Aqel factory in Sanaa - Attan (Bani Matar). Casualties unknown. This was part of a joint US-UK operation that day that struck 18 Houthi targets at 8 locations that included underground weapons storage facilities, missile storage facilities, one-way attack drones, air defense systems, radars, and a helicopter. Houthi forces reported a total of 22 raids. US Navy used fighter jets from aircraft carrier USS Dwight D. Eisenhower.",0,False,False
YEM106720,2025-08-28,Explosions/Remote violence,Air/drone strike,Military Forces of Israel (2022-),Military Forces of Yemen (2017-) Houthi,Sanaa - Attan,15.314,44.178,"On 28 August 2025, Israeli warplanes conducted 1 airstrike targeting a Houthi weapon depot and air defense equipment in Sanaa - Attan (Bani Matar, Sanaa). Casualties unknown. Israeli warplanes conducted over 30 strikes across Yemen that day under operation 'Lucky Drop'. Israeli warships also joined the attack, although the locations targeted by warships were not specified.",0,False,False
YEM107716,2025-09-25,Explosions/Remote violence,Air/drone strike,Military Forces of Israel (2022-),Police Forces of Yemen (2017-) Houthi - Security and Intelligence Service,Sanaa - Hadda,15.306,44.187,"On 25 September 2025, Israeli forces targeted, using jets and warships, a villa and a headquarter belonging to the Houthi Security and Intelligence Service in Sanaa - Hadda (As Sabain, Amanat al Asimah). The villa was used as a command and control room for the Houthi General Staff. Israeli forces conducted over 15 airstrikes, dropping over 65 bombs over Amanat al Asimah governorate targeting Houthi military leaders, command headquarters, and weapons depots on 25 September resulting in 11 deaths (including 4 children and 2 women) and the injury of 205 (including 63 children and 37 women). Houthi forces claimed they used land-to-air missiles at Israeli jets forcing 'thwarting' part of the Israeli attack, but this was not confirmed by third-party sources. The Israeli government reported the strikes killed 'dozens' of Houthi elements, with local sources reported 20-30 Houthi fatalities. Fatalities coded as 20 on the Houthi side following the most conservative estimate. Fatalities split across 8 events, 5 fatalities coded to this event (2 civilian + 3 Houthi).",5,False,False
YEM107722,2025-09-25,Explosions/Remote violence,Air/drone strike,Military Forces of Israel (2022-),Military Forces of Yemen (2017-) Houthi,Sanaa - Iman University,15.392,44.175,"On 25 September 2025, Israeli forces targeted, using jets and warships, Houthi positions in Sanaa - Iman University campus (Aththaorah, Amanat al Asimah). Israeli forces conducted over 15 airstrikes, dropping over 65 bombs over Amanat al Asimah governorate targeting Houthi military leaders, command headquarters, and weapons depots on 25 September resulting in 11 deaths (including 4 children and 2 women) and the injury of 205 (including 63 children and 37 women). Houthi forces claimed they used land-to-air missiles at Israeli jets forcing 'thwarting' part of the Israeli attack, but this was not confirmed by third-party sources. Houthi forces claimed they used land-to-air missiles at Israeli jets forcing 'thwarting' part of the Israeli attack, but this was not confirmed by third-party sources. The Israeli government reported the strikes killed 'dozens' of Houthi elements, with local sources reported 20-30 Houthi fatalities. Fatalities coded as 20 on the Houthi side following the most conservative estimate. Fatalities split across 8 events, 4 fatalities coded to this event (1 civilian + 1 Houthi).",2,False,False
YEM85188,2024-02-05,Explosions/Remote violence,Air/drone strike,Military Forces of the United States (2021-2025),Military Forces of Yemen (2017-) Houthi,Sanaa - Jabal an Nahdayn,15.297,44.211,"On 3 February 2024, at around 11:30 pm Sanaa time, US Navy forces conducted strikes on Houthi targets in Sanaa - Jabal an Nahdayn (As Sabain, Amanat al Asimah). Casualties unknown. This was part of a joint US-UK operation that day that struck 36 Houthi targets at 13 locations that included underground storage facilities, command and control centers, missile systems, drone storage and operations sites, radars, and helicopters. Houthi forces reported a total of 18 raids. US Navy used fighter jets from aircraft carrier USS Dwight D. Eisenhower and Tomahawk missiles from destroyers USS Gravely and USS Carney.",0,False,False
YEM85784,2024-02-26,Explosions/Remote violence,Air/drone strike,Military Forces of the United States (2021-2025),Military Forces of Yemen (2017-) Houthi,Sanaa - Jabal an Nahdayn,15.297,44.211,"On 24 February 2024, at around 11:50 pm Sanaa time, US Navy forces conducted 3 raids/strikes against Houthi targets in Sanaa - Jabal an Nahdayn (As Sabain, Amanat al Asimah). Casualties unknown. This was part of a joint US-UK operation that day that struck 18 Houthi targets at 8 locations that included underground weapons storage facilities, missile storage facilities, one-way attack drones, air defense systems, radars, and a helicopter. Houthi forces reported a total of 22 raids. US Navy used fighter jets from aircraft carrier USS Dwight D. Eisenhower.",0,False,False
YEM88261,2024-05-30,Explosions/Remote violence,Air/drone strike,Military Forces of the United States (2021-2025),Military Forces of Yemen (2017-) Houthi,Sanaa - Jabal an Nahdayn,15.297,44.211,"On 30 May 2024, US Navy forces conducted 3 raids/strikes on Houthi targets in Sanaa - Jabal an Nahdayn (As Sabain, Amanat al Asimah). There were no fatalities and perhaps 1 injury. This was part of a joint US-UK operation that day (the fifth since January 2024) that struck Houthi targets at 7 locations that included drone control facilities, drone storage facilities, surface-to-air weapons facilities, command and control facilities, missile launchers, and a Houthi vessel. Houthi forces reported a total of 13 raids that resulted in 16 fatalities and 42 injuries including civilians noting that all fatalities and most of the injuries took place at Al Hudaydah radio tower building and in As Salif port in Al Hudaydah while 1 injury took place in Sanaa city. US Navy used fighter jets from aircraft carrier USS Dwight D. Eisenhower with the participation of other US warships.",0,False,False
YEM106747,2025-08-28,Explosions/Remote violence,Air/drone strike,Military Forces of Israel (2022-),Military Forces of Yemen (2017-) Houthi,Sanaa - Jabal an Nahdayn,15.297,44.211,"On 28 August 2025, Israeli warplanes struck a Houthi military target in the presidential palace complex in Sanaa - Jabal an Nahdayn area (As Sabain, Amanat al Asimah). Casualties unknown. Israeli warplanes conducted over 30 strikes across Yemen that day under operation 'Lucky Drop'. Israeli warships also joined the attack, although the locations targeted by warships were not specified.",0,False,False
YEM107715,2025-09-25,Explosions/Remote violence,Air/drone strike,Military Forces of Israel (2022-),Military Forces of Yemen (2017-) Houthi,Sanaa - Jabal an Nahdayn,15.297,44.211,"On 25 September 2025, Israeli forces targeted, using jets and warships, the 1st Armored Presidential Guard Brigade in the presidential compound in Sanaa - Jabal an Nahdayn (As Sabain, Amanat al Asimah). Israeli forces conducted over 15 airstrikes, dropping over 65 bombs over Amanat al Asimah governorate targeting Houthi military leaders, command headquarters, and weapons depots on 25 September resulting in 11 deaths (including 4 children and 2 women) and the injury of 205 (including 63 children and 37 women). Houthi forces claimed they used land-to-air missiles at Israeli jets forcing 'thwarting' part of the Israeli attack, but this was not confirmed by third-party sources. The Israeli government reported the strikes killed dozens of Houthi elements. Unclear fatalities coded as 12 on the Houthi side. Fatalities split across 8 events, 4 fatalities coded to this event (2 civilian + 2 Houthi).",4,False,False
YEM84629,2024-01-12,Explosions/Remote violence,Air/drone strike,Military Forces of the United States (2021-2025),Military Forces of Yemen (2017-) Houthi,Sanaa - Sanaa International Airport,15.476,44.22,"On 12 January 2024, at around 2:30 am Sanaa time, US forces conducted 4 strikes/raids on Houthi missile and drone manufacturing workshops in Ad Daylami air base in Sanaa - Sanaa International Airport (Bani Al Harith, Amanat al Asimah). 1 fatality coded to this event. This was part of a joint US-UK operation that day that struck over 60 Houthi targets in at least 18 locations (16 claimed by the US + 2 claimed by the UK) that included command and control nodes, munitions depots, launching systems, production facilities, and air defense radar systems. US Navy used fighter jets from aircraft carrier USS Dwight D. Eisenhower and Tomahawk missiles from surface warships and a submarine, and US Air Force used additional fighter jets. Houthi forces reported a total of 73 raids that resulted in 8 fatalities and at least 3 injuries. 8 fatalities split between 18 events.",1,False,False
YEM84682,2024-01-15,Explosions/Remote violence,Shelling/artillery/missile attack,Military Forces of the United States (2021-2025),Military Forces of Yemen (2017-) Houthi,Sanaa - Sanaa International Airport,15.476,44.22,"On 13 January 2024, US Navy destroyer USS Carney fired Tomahawk land attack missiles at a Houthi radar site in Daylami air base in Sanaa - Sanaa International Airport (Bani Al Harith, Amanat al Asimah). Casualties unknown. This was a follow-on action on a military target associated with a joint US-UK operation the day prior that struck over 60 Houthi targets in at least 18 locations (16 claimed by the US + 2 claimed by the UK).",0,False,False
YEM86450,2024-03-22,Strategic developments,Disrupted weapons use,Military Forces of the United States (2021-2025),Military Forces of Yemen (2017-) Houthi,Sanaa - Sanaa International Airport,15.476,44.22,"Interception: On 22 March 2024, US forces conducted a number of raids/strikes to intercept Houthi drones in Ad Daylami air base in Sanaa - Sanaa International Airport (Bani Al Harith, Amanat al Asimah). CENTCOM claimed that they presented an imminent threat to shipping. CENTCOM claimed the destruction of 4 drones and 3 underground weapons storage facilities between 4:20 am and 11:10 pm Sanaa time that day without providing locations while Houthi sources reported raids on 8 separate locations in Al Hudaydah, Amanat al Asimah, and Sanaa governorates. Strikes on weapons storage facilities are coded to known weapons storage locations Sanaa - Jabal an Nahdayn, Jabal Nuqum, and Sanaa - Attan.",0,False,False
YEM88272,2024-05-30,Explosions/Remote violence,Air/drone strike,Military Forces of the United States (2021-2025),Military Forces of Yemen (2017-) Houthi,Sanaa - Sanaa International Airport,15.476,44.22,"On 30 May 2024, US Navy forces conducted 1 raid/strike on Houthi targets in Sanaa - Sanaa International Airport (Bani Al Harith, Amanat al Asimah). There were no fatalities and perhaps 1 injury. This was part of a joint US-UK operation that day (the fifth since January 2024) that struck Houthi targets at 7 locations that included drone control facilities, drone storage facilities, surface-to-air weapons facilities, command and control facilities, missile launchers, and a Houthi vessel. Houthi forces reported a total of 13 raids that resulted in 16 fatalities and 42 injuries including civilians noting that all fatalities and most of the injuries took place at Al Hudaydah radio tower building and in As Salif port in Al Hudaydah while 1 injury took place in Sanaa city. US Navy used fighter jets from aircraft carrier USS Dwight D. Eisenhower with the participation of other US warships.",0,False,False
YEM107718,2025-09-25,Explosions/Remote violence,Air/drone strike,Military Forces of Israel (2022-),Police Forces of Yemen (2017-) Houthi - Security and Intelligence Service,Sanaa - Shamlan,15.386,44.161,"On 25 September 2025, Israeli forces targeted, using jets and warships, 2 headquarters belonging to the Houthi Security and Intelligence Service in Sanaa - Shamlan (Maain) and Sanaa - Al Bakiriyah (Old City, Amanat al Asimah). One of the raids targeted an archive building next to a building used as a prison housing hundreds of abductees. Israeli forces conducted over 15 airstrikes, dropping over 65 bombs over Amanat al Asimah governorate targeting Houthi military leaders, command headquarters, and weapons depots on 25 September resulting in 11 deaths (including 4 children and 2 women) and the injury of 205 (including 63 children and 37 women). Houthi forces claimed they used land-to-air missiles at Israeli jets forcing 'thwarting' part of the Israeli attack, but this was not confirmed by third-party sources. The Israeli government reported the strikes killed 'dozens' of Houthi elements, with local sources reported 20-30 Houthi fatalities. Fatalities coded as 20 on the Houthi side following the most conservative estimate. Fatalities split across 8 events, 4 fatalities coded to this event (1 civilian + 3 Houthi).",4,False,False
YEM86455,2024-03-22,Strategic developments,Disrupted weapons use,Military Forces of the United States (2021-2025),Military Forces of Yemen (2017-) Houthi,Sayyan,15.172,44.33,"Interception: On 22 March 2024, US forces conducted 3 raids/strikes to intercept Houthi drones in Jirban in Sanhan district (coded to Sayyan) (Sanaa). CENTCOM claimed that they presented an imminent threat to shipping. CENTCOM claimed the destruction of 4 drones and 3 underground weapons storage facilities between 4:20 am and 11:10 pm Sanaa time that day without providing locations while Houthi sources reported raids on 8 separate locations in Al Hudaydah, Amanat al Asimah, and Sanaa governorates. Strikes on weapons storage facilities are coded to known weapons storage locations Sanaa - Jabal an Nahdayn, Jabal Nuqum, and Sanaa - Attan.",0,False,False
YEM88648,2024-05-30,Explosions/Remote violence,Air/drone strike,Military Forces of the United States (2021-2025),Military Forces of Yemen (2017-) Houthi,Sayyan,15.172,44.33,"On 30 May 2024, US Navy forces conducted 2 raids/strikes on Houthi targets in Jirban in Sanhan district (coded to district level at Sayyan) (Sanaa). There were no fatalities or injuries. This was part of a joint US-UK operation that day (the fifth since January 2024) that struck Houthi targets at 7 locations that included drone control facilities, drone storage facilities, surface-to-air weapons facilities, command and control facilities, missile launchers, and a Houthi vessel. Houthi forces reported a total of 13 raids that resulted in 16 fatalities and 42 injuries including civilians noting that all fatalities and most of the injuries took place at Al Hudaydah radio tower building and in As Salif port in Al Hudaydah while 1 injury took place in Sanaa city. US Navy used fighter jets from aircraft carrier USS Dwight D. Eisenhower with the participation of other US warships.",0,False,False
YEM85792,2024-02-26,Explosions/Remote violence,Air/drone strike,Military Forces of the United States (2021-2025),Military Forces of Yemen (2017-) Houthi,Shamir,13.635,43.649,"On 24 February 2024, at around 11:50 pm Sanaa time, US Navy forces conducted 1 raid/strike against Houthi targets and telecom infrastructure in Shamir (Maqbanah, Taizz) killing 1 civilian and injuring 6 more. Military casualties unknown. This was part of a joint US-UK operation that day that struck 18 Houthi targets at 8 locations that included underground weapons storage facilities, missile storage facilities, one-way attack drones, air defense systems, radars, and a helicopter. Houthi forces reported a total of 22 raids. US Navy used fighter jets from aircraft carrier USS Dwight D. Eisenhower.",1,False,False
YEM83734,2023-11-15,Strategic developments,Disrupted weapons use,Military Forces of the United States (2021-2025),Military Forces of Yemen (2017-) Houthi,South Red Sea,16.138,41.407,"Interception: On 15 November 2023, US Navy destroyer USS Thomas Hudner shot down 1 suspected Houthi drone (likely armed) in international waters in the South Red Sea. The drone originated from Yemen and was heading in the direction of the ship with an initial intelligence assessment noting that the drone was likely targeting the ship.",0,False,False
YEM83831,2023-11-20,Violence against civilians,Abduction/forced disappearance,Military Forces of Yemen (2017-) Houthi,Civilians (International),South Red Sea,16.138,41.407,"On 19 November 2023, Houthi forces hijacked the Bahamas-flagged Galaxy Leader vehicles carrier (IMO: 9237307) in the international waters of the South Red Sea around 60 nm west of Al Hudaydah claiming Israeli affiliation of the ship. Houthi forces landed a helicopter on the ship and brought the ship to Al Hudaydah taking the 25 crew members hostage. The ship was officially owned by an Isle of Man-registered company but its beneficial owner was an Israeli-registered company linked to Israeli shipping magnate Abraham 'Rami' Ungar. Houthi forces announced the release of the crew members on 22 January 2025 in support of the ceasefire agreement in Gaza.",0,False,False
YEM83861,2023-11-23,Strategic developments,Disrupted weapons use,Military Forces of the United States (2021-2025),Military Forces of Yemen (2017-) Houthi,South Red Sea,16.138,41.407,"Interception: On 23 November 2023, US Navy destroyer USS Thomas Hudner shot down several suspected Houthi one-way attack drones during a patrol in the South Red Sea. The incident took place as Houthi forces had been claiming several rounds of drone and missile attacks targeting Israel in the context of the latest round of violence in Israel-Palestine.",0,False,False
YEM84665,2023-11-27,Explosions/Remote violence,Air/drone strike,Military Forces of Yemen (2017-) Houthi,nan,South Red Sea,16.138,41.407,"On 27 November 2023, unidentified forces (likely Houthi forces) fired at least 1 drone targeting the MSC Ambra container ship (IMO: 9839480) in the South Red Sea around 65 nm west of Al Hudaydah. There were no fatalities or injuries. The attack was not reported by Houthi/UKMTO/CENTCOM but a 'drone incident' involving the ship was reported by a maritime security agency. Houthi forces did not claim the attack although it took place amid Houthi attacks against ships in the Red Sea and the Gulf of Aden.",0,False,False
YEM85037,2023-12-04,Explosions/Remote violence,Shelling/artillery/missile attack,Military Forces of Yemen (2017-) Houthi,Civilians (International),South Red Sea,16.138,41.407,"On 3 December 2023, at around 3:30 pm Sanaa time, Houthi forces fired 1 ballistic missile at the Number 9 container ship (IMO: 9340752) in the South Red Sea around 76 nm northwest of Al Hudaydah claiming Israeli affiliation of the ship. There were no fatalities or injuries although the missile struck the ship causing damage. The ship previously had links to Israeli shipping company ZIM although the links did not exist anymore at the time of the attack.",0,False,False
YEM84051,2023-12-11,Strategic developments,Disrupted weapons use,Military Forces of France (2017-),Military Forces of Yemen (2017-) Houthi,South Red Sea,16.138,41.407,"Interception: On 9 December 2023, French Navy frigate Languedoc shot down 2 suspected Houthi one-way attack drones in the South Red Sea as they were flying toward the ship around 60 nm from the Yemeni coast. Houthi forces did not claim the attack. The French Navy later assessed that the warship was directly targeted.",0,False,False
YEM84666,2023-12-11,Explosions/Remote violence,Air/drone strike,Military Forces of Yemen (2017-) Houthi,nan,South Red Sea,16.138,41.407,"On 10 December 2023, unidentified forces (likely Houthi forces) fired at least 1 drone targeting the Centaurus Leader vehicles carrier (IMO: 9284740) in the South Red Sea around 70 nm west of Al Hudaydah. There were no fatalities or injuries. The attack was not reported by Houthi/UKMTO/CENTCOM but a 'drone attack - missed' involving the ship was reported by a maritime security agency. Houthi forces did not claim the attack although it took place amid Houthi attacks against ships in the Red Sea and the Gulf of Aden.",0,False,False
YEM84145,2023-12-18,Strategic developments,Disrupted weapons use,Military Forces of the United Kingdom (2010-2024),Military Forces of Yemen (2017-) Houthi,South Red Sea,16.138,41.407,"Interception: On 16 December 2023, UK Navy destroyer HMS Diamond shot down 1 Houthi suspected one-way attack drone while operating in the South Red Sea. The interception took place as Houthi forces claimed a drone attack targeting Eilat in Israel. This represented the first aerial interception by a UK warship since 1991.",0,False,False
YEM84146,2023-12-18,Strategic developments,Disrupted weapons use,Military Forces of the United States (2021-2025),Military Forces of Yemen (2017-) Houthi,South Red Sea,16.138,41.407,"Interception: On 16 December 2023, US Navy destroyer USS Carney shot down 14 Houthi one-way attack drones in the South Red Sea, while operating near the Strait of Bab el Mandeb. The interception took place as Houthi forces claimed a drone attack targeting Eilat in Israel.",0,False,False
YEM84266,2023-12-27,Strategic developments,Disrupted weapons use,Military Forces of the United States (2021-2025),Military Forces of Yemen (2017-) Houthi,South Red Sea,16.138,41.407,"Interception: On 23 December 2023, US Navy destroyer USS Laboon shot down 4 suspected Houthi one-way attack UAVs in the South Red Sea. The interception took place as the UAVs were inbound towards the USS Laboon. Houthi forces did not claim the attack.",0,False,False
YEM84267,2023-12-27,Explosions/Remote violence,Shelling/artillery/missile attack,Military Forces of Yemen (2017-) Houthi,nan,South Red Sea,16.138,41.407,"On 23 December 2023, suspected Houthi forces fired 2 anti-ship ballistic missiles into international shipping lanes in the South Red Sea. There were no fatalities or injuries as the missiles did not impact any ships or their vicinity. Houthi forces did not claim the attack.",0,False,False
YEM84668,2023-12-27,Explosions/Remote violence,Air/drone strike,Military Forces of Yemen (2017-) Houthi,nan,South Red Sea,16.138,41.407,"On 25 December 2023, unidentified forces (likely Houthi forces) fired at least 1 drone targeting the Navig8 Montiel oil products tanker (IMO: 9482861) in the South Red Sea around 50 nm west of Al Hudaydah. There were no fatalities or injuries. The attack was not reported by Houthi/CENTCOM but a 'drone attack - missed' involving the ship was reported by MSCHOA. Houthi forces did not claim the attack although it took place amid Houthi attacks against ships in the Red Sea and the Gulf of Aden.",0,True,False
YEM84302,2023-12-27,Strategic developments,Disrupted weapons use,Military Forces of the United States (2021-2025),Military Forces of Yemen (2017-) Houthi,South Red Sea,16.138,41.407,"Interception: On 26 December 2023, US Navy destroyer USS Laboon and F/A-18 Super Hornet fighter jets from the Eisenhower Carrier Strike Group shot down 12 Houthi one-way attack drones in the South Red Sea around 50 nm west of Al Hudaydah. Houthi forces claimed to have launched a drone attack targeting Eilat in Israel. This incident represented the second air to air victory of F/A-18 Super Hornets with the first one taking place in 2017 over Syria.",0,False,False
YEM84314,2023-12-28,Strategic developments,Disrupted weapons use,Military Forces of the United States (2021-2025),Military Forces of Yemen (2017-) Houthi,South Red Sea,16.138,41.407,"Interception: On 28 December 2023, US Navy destroyer USS Mason shot down 1 suspected Houthi drone (likely armed) and 1 suspected Houthi anti-ship ballistic missile in the South Red Sea. Houthi forces did not claim the attack.",0,False,False
YEM84420,2024-01-02,Battles,Armed clash,Military Forces of Yemen (2017-) Houthi,Military Forces of the United States (2021-2025),South Red Sea,16.138,41.407,"On 31 December 2023, helicopters from US Navy aircraft carrier USS Dwight D. Eisenhower and destroyer USS Gravely responded to Houthi crew served and small arms fire from 4 Houthi small boats in the South Red Sea around 60 nm northwest of Al Hudaydah. The clash resulted in the sinking of 3 of the 4 Houthi boats with Houthi forces admitting the killing of 10 Houthi fighters. The incident took place as the US helicopters were responding to a distress call of the Maersk Hangzhou container ship (IMO: 9784300) after the Houthi boats attempted to board the ship and exchanged fire with the armed security team onboard. The Maersk Hangzhou was also struck by a Houthi missile the day prior with Houthi forces claiming that it was headed to Israel (coded as a separate event). The Israeli destination of the ship was not verified.",10,False,False
YEM84432,2024-01-04,Explosions/Remote violence,Remote explosive/landmine/IED,Military Forces of Yemen (2017-) Houthi,nan,South Red Sea,16.138,41.407,"On 4 January 2024, a Houthi bomb-laden boat detonated in the international shipping lanes of the South Red Sea around 50 nm west of the Yemeni coast without causing any damage. There were no fatalities or injuries as no ships were struck. The attack was disclosed by the commander of US naval forces in the Middle East but it was not officially acknowledged by CENTCOM nor claimed by Houthi forces.",0,False,False
YEM84523,2024-01-08,Strategic developments,Disrupted weapons use,Military Forces of the United States (2021-2025),Military Forces of Yemen (2017-) Houthi,South Red Sea,16.138,41.407,"Interception: On 6 January 2024, US Navy destroyer USS Laboon shot down 1 suspected Houthi drone in self-defense in the international waters of the South Red Sea. Houthi forces did not claim the attack.",0,False,False
YEM84671,2024-01-09,Explosions/Remote violence,Air/drone strike,Military Forces of Yemen (2017-) Houthi,nan,South Red Sea,16.138,41.407,"On 9 January 2024, unidentified forces (likely Houthi forces) used 2 drones that launched rockets targeting the Caravos Harmony bulk carrier (IMO: 9595589) in the South Red Sea around 50 nm west of Al Hudaydah. There were no fatalities or injuries as the rockets impacted water and exploded 300 m from the ship. The attack was not reported by Houthi/UKMTO/CENTCOM but by a maritime security agency. Houthi forces did not claim the attack although it took place amid Houthi attacks against ships in the Red Sea and the Gulf of Aden.",0,False,False
YEM84566,2024-01-09,Strategic developments,Disrupted weapons use,Military Forces of the United States (2021-2025),Military Forces of Yemen (2017-) Houthi,South Red Sea,16.138,41.407,"Interception: On 9 January 2024, US Navy destroyers USS Gravely, USS Laboon, and USS Mason, in addition to F/A-18 Super Hornet fighters jets from aircraft carrier USS Dwight D. Eisenhower shot down 11 one-way attack drones, 2 anti-ship cruise missiles, and 1 anti-ship ballistic missile fired by Houthi forces in the South Red Sea around 50 nm west of Al Hudaydah. Houthi forces claimed that this attack was a response to the US killing of Houthi fighters on 31 December and that it targeted a US warship that was 'providing support to the Zionist entity'.",0,False,False
YEM84659,2024-01-09,Strategic developments,Disrupted weapons use,Military Forces of the United Kingdom (2010-2024),Military Forces of Yemen (2017-) Houthi,South Red Sea,16.138,41.407,"Interception: On 9 January 2024, HMS Diamond destroyer shot down 7 incoming one-way attack drones fired by Houthi forces in the South Red Sea amid a larger Houthi attack on US forces in the Red Sea around 50 nm west of Al Hudaydah. Houthi forces claimed that this attack was a response to the US killing of Houthi fighters on 31 December and that it targeted a ship that was 'providing support to the Zionist entity'.",0,False,False
YEM84697,2024-01-15,Strategic developments,Disrupted weapons use,Military Forces of the United States (2021-2025),Military Forces of Yemen (2017-) Houthi,South Red Sea,16.138,41.407,"Interception: On 14 January 2024, US forces through a US-land based fighter jet shot down 1 suspected Houthi anti-ship cruise missile in the South Red Sea in the vicinity of the Coast of Al Hudaydah (Al Hali). The missile was intercepted as it was fired toward the USS Laboon warship. Houthi forces did not claim the attack.",0,False,False
YEM84740,2024-01-16,Explosions/Remote violence,Shelling/artillery/missile attack,Military Forces of Yemen (2017-) Houthi,Civilians (International),South Red Sea,16.138,41.407,"On 16 January 2024, Houthi forces launched 1 anti-ship ballistic missile targeting the Zografia bulk carrier (IMO: 9486013) in the South Red Sea around 100 nm northwest of As Salif claiming that it was headed to Israel. There were no fatalities or injuries although the missile struck the ship and inflicted damage. One source noted that the missile used was possibly an Asef missile (Iranian Fateh-313). The Israeli destination of the ship was not verified.",0,False,False
YEM84883,2024-01-24,Explosions/Remote violence,Air/drone strike,Military Forces of Yemen (2017-) Houthi,nan,South Red Sea,16.138,41.407,"On 24 January 2024, unidentified forces (likely Houthi forces) fired 2 drones targeting the Tomahawk bulk carrier (IMO: 9737591) in the South Red Sea around 144 nm northwest of Al Hudaydah. There were no fatalities or injuries as the drones impacted the water near the ship. The attack was not reported by Houthi/UKMTO/CENTCOM but by a maritime security agency. Houthi forces did not claim the attack although it took place amid Houthi attacks against ships in the Red Sea and the Gulf of Aden.",0,False,False
YEM85040,2024-01-29,Strategic developments,Disrupted weapons use,Military Forces of the United Kingdom (2010-2024),Military Forces of Yemen (2017-) Houthi,South Red Sea,16.138,41.407,"Interception: On 27 January 2024, UK Navy destroyer HMS Diamond shot down 1 Houthi drone in the South Red Sea around 145 nm northwest of Al Hudaydah. The drone was shot down as it was targeting the ship.",0,False,False
YEM85046,2024-01-30,Strategic developments,Disrupted weapons use,Military Forces of the United States (2021-2025),Military Forces of Yemen (2017-) Houthi,South Red Sea,16.138,41.407,"Interception: On 30 January 2024, at around 11:30 pm Sanaa time, US Navy destroyer USS Gravely shot down 1 Houthi anti-ship cruise missile in the South Red Sea. Houthi forces claimed to have targeted the USS Gravely.",0,False,False
YEM85166,2024-02-01,Strategic developments,Disrupted weapons use,Military Forces of the United States (2021-2025),Military Forces of Yemen (2017-) Houthi,South Red Sea,16.138,41.407,"Interception: On 1 February 2024, at around 10:30 am Sanaa time, US forces (whether warships or aircrafts unspecified) intercepted 1 Houthi drone boat in the South Red Sea that was heading toward international shipping lanes resulting in 'significant' secondary explosions that did not impact ships. Potential targets were unidentified/not reported. Houthi forces did not claim the attack.",0,False,False
YEM85168,2024-02-01,Explosions/Remote violence,Shelling/artillery/missile attack,Military Forces of Yemen (2017-) Houthi,nan,South Red Sea,16.138,41.407,"On 1 February 2024, at around 12:45 pm Sanaa time, Houthi forces launched 2 anti-ship ballistic missiles targeting the Koi container ship (IMO: 9461489) in the South Red Sea 64 nm west of Al Hudaydah claiming UK affiliation of the ship although they did not name the ship. There were no fatalities or injuries as the missiles impacted the water without hitting the ship. They claimed to have targeted the Koi in the Gulf of Aden the day prior but claimed US affiliation of the ship. The ship was owned and operated by UK-registered companies.",0,False,False
YEM85175,2024-02-02,Strategic developments,Disrupted weapons use,Military Forces of the United States (2021-2025),Military Forces of Yemen (2017-) Houthi,South Red Sea,16.138,41.407,"Interception: On 2 February 2024, at around 9:20 am Sanaa time, US Navy destroyer USS Laboon and F/A-18 fighter jets from the Dwight D. Eisenhower Carrier Strike Group shot down 7 suspected Houthi drones (likely armed) in the South Red Sea. Potential targets were unidentified/not reported by CENTCOM but MSCHOA reported a missed drone attack against the Daffodil crude oil tanker (IMO: 9239927) around 68 nm northwest of Al Hudaydah. Houthi forces did not claim the attack.",0,True,False
YEM85254,2024-02-07,Explosions/Remote violence,Air/drone strike,Military Forces of Yemen (2017-) Houthi,Civilians (International),South Red Sea,16.138,41.407,"On 6 February 2024, at around 3:50 am, suspected Houthi forces fired 1 projectile (identified as a UAV by maritime security firm Ambrey) targeting the Morning Tide general cargo ship (IMO: 9320506) in the South Red Sea 57 nm west of Al Hudaydah. There were no fatalities or injuries although the projectile caused minor damage to the ship as it exploded over the deck. Houthi forces claimed a missile attack targeting the ship (coded as a separate event) claiming UK affiliation of the ship but not a drone attack. The ship was owned, operated, and managed by a UK-registered company.",0,False,False
YEM85352,2024-02-07,Explosions/Remote violence,Shelling/artillery/missile attack,Military Forces of Yemen (2017-) Houthi,nan,South Red Sea,16.138,41.407,"On 6 February 2024, starting around 1:45 am Sanaa time, Houthi forces fired 3 anti-ship ballistic missiles targeting the Morning Tide general cargo ship (IMO: 9320506) in the South Red Sea claiming UK affiliation of the ship. There were no fatalities or injuries as the missiles all impacted the water near the ship with no effect. The ship was also the target of a drone attack that caused minor damage (coded as a separate event). The ship was owned, operated, and managed by a UK-registered company.",0,False,False
YEM85432,2024-02-16,Explosions/Remote violence,Shelling/artillery/missile attack,Military Forces of Yemen (2017-) Houthi,Civilians (International),South Red Sea,16.138,41.407,"On 16 February 2024, between 1:15 pm Sanaa time and the end of the day, Houthi forces fired at least 3 anti-ship ballistic missiles targeting the Pollux crude oil tanker (IMO: 9243320) in the South Red Sea around 70 nm northwest of Al Mukha claiming UK affiliation of the ship. There were no fatalities or injuries although the ship sustained minimal damage. Two skiffs also approached the ship. The ship was owned by a Greek-registered company that was UK-controlled according to TradeWinds.",0,True,False
YEM85638,2024-02-19,Strategic developments,Disrupted weapons use,Military Forces of the United States (2021-2025),Military Forces of Yemen (2017-) Houthi,South Red Sea,16.138,41.407,"Interception: On 19 February 2024, between 8:00 pm Sanaa time and the end of the day, US warships (names undisclosed) and aircrafts shot down 8 Houthi one-way attack UAVs in the Gulf of Aden and in the South Red Sea. Houthi forces claimed the attacks claiming to have targeted US warships with drones in the two waterways.",0,False,False
YEM85639,2024-02-19,Strategic developments,Disrupted weapons use,Military Forces of France (2017-),Military Forces of Yemen (2017-) Houthi,South Red Sea,16.138,41.407,"Interception: On 19 February 2024, between 8:00 pm Sanaa time and the end of the day, French Navy frigate Alsace shot down 1 Houthi one-way attack UAV in the South Red Sea. The intended targets were presumably US warships as Houthi forces claimed to have targeted US warships with drones in the waterway.",0,False,False
YEM85652,2024-02-20,Strategic developments,Disrupted weapons use,Military Forces of the United States (2021-2025),Military Forces of Yemen (2017-) Houthi,South Red Sea,16.138,41.407,"Interception: On 20 February 2024, at around 12:30 am Sanaa time, US Navy destroyer USS Laboon intercepted 1 suspected Houthi anti-ship cruise missile in the South Red Sea around 90 nm northwest of As Salif as it was headed in its direction. Houthi forces did not claim the attack.",0,False,False
YEM85669,2024-02-21,Strategic developments,Disrupted weapons use,Military Forces of the United States (2021-2025),Military Forces of Yemen (2017-) Houthi,South Red Sea,16.138,41.407,"Interception: On 21 February 2024, at around 3:30 am Sanaa time, US forces (whether warships or aircrafts unspecified) shot down 1 Houthi one-way attack UAV in the South Red Sea around 40 nm west of Al Hudaydah. CENTCOM claimed that the UAV was shot down in self-defense. Houthi forces did not claim the attack.",0,False,False
YEM85675,2024-02-22,Strategic developments,Disrupted weapons use,Military Forces of the United States (2021-2025),Military Forces of Yemen (2017-) Houthi,South Red Sea,16.138,41.407,"Interception: On 22 February 2024, between 4:30 am and 5:30 am Sanaa time, US aircraft shot down 4 Houthi one-way attack UAVs in the South Red Sea. Houthi forces claimed the attacks claiming to have targeted US warships with drones in the waterway.",0,False,False
YEM85767,2024-02-23,Strategic developments,Disrupted weapons use,Military Forces of the United States (2021-2025),Military Forces of Yemen (2017-) Houthi,South Red Sea,16.138,41.407,"Interception: On 23 February 2024, between 3:30 am and 5:00 am Sanaa time, US forces (whether warships or aircrafts unspecified) shot down 3 suspected Houthi one-way attack drones in the South Red Sea. Potential targets were unidentified/not reported. Houthi forces did not claim the attack.",0,False,False
YEM85817,2024-02-26,Strategic developments,Disrupted weapons use,Military Forces of the United States (2021-2025),Military Forces of Yemen (2017-) Houthi,South Red Sea,16.138,41.407,"Interception: On 24 February 2024, at around 9:00 pm Sanaa time, US forces (whether warships or aircrafts unspecified) shot down 2 Houthi one-way attack drones in the South Red Sea while a third drone crashed from an assessed in-flight failure. Houthi forces claimed to have targeted US warships with drones in the waterway.",0,False,False
YEM85830,2024-02-26,Strategic developments,Disrupted weapons use,Military Forces of the United States (2021-2025),Military Forces of Yemen (2017-) Houthi,South Red Sea,16.138,41.407,"Interception: On 26 February 2024, between 4:45 pm and 11:45 pm Sanaa time, US forces (whether warships or aircrafts unspecified) shot down 1 suspected Houthi one-way attack drone in the South Red Sea. Potential targets were unidentified/not reported. Houthi forces did not claim the attack.",0,False,False
YEM85831,2024-02-27,Strategic developments,Disrupted weapons use,Military Forces of the United States (2021-2025),Military Forces of Yemen (2017-) Houthi,South Red Sea,16.138,41.407,"Interception: On 27 February 2024, between 9:50 pm and 10:55 pm Sanaa time, a US aircraft shot down 3 suspected Houthi one-way attack drones in the South Red Sea. Potential targets were unidentified/not reported. Houthi forces did not claim the attack. A total of 5 suspected drones were intercepted that day including one incident taking place 60 nm west of Al Hudaydah.",0,False,False
YEM86692,2024-02-27,Strategic developments,Disrupted weapons use,Military Forces of Germany (2021-2025),Military Forces of Yemen (2017-) Houthi,South Red Sea,16.138,41.407,"Interception: On 27 February 2024, between 8:50 pm and 9:20 pm Sanaa time, German Navy frigate Hessen shot down 2 suspected Houthi one-way attack drones in the South Red Sea. Potential targets were unidentified/not reported. Houthi forces did not claim the attack. A total of 5 suspected drones were intercepted that day including one incident taking place 60 nm west of Al Hudaydah. The Hessen also accidentally targeted a US MQ-9 Reaper drone as part of this engagement although the drone was not hit.",0,False,False
YEM85926,2024-02-29,Strategic developments,Disrupted weapons use,Military Forces of the United States (2021-2025),Military Forces of Yemen (2017-) Houthi,South Red Sea,16.138,41.407,"Interception: On 29 February 2024, at around 5:10 pm Sanaa time, US forces (whether warships or aircrafts unspecified) shot down 1 suspected Houthi drone in the South Red Sea claiming that it presented an imminent threat. Potential targets were unidentified/not reported. Houthi forces did not claim the attack.",0,False,False
YEM85928,2024-03-01,Explosions/Remote violence,Shelling/artillery/missile attack,Military Forces of Yemen (2017-) Houthi,nan,South Red Sea,16.138,41.407,"On 1 March 2024, at around 10:45 pm Sanaa time, suspected Houthi forces fired 1 anti-ship ballistic missile in the South Red Sea. The missile impacted the water with no damage to any vessels. Potential targets were unidentified/not reported. Houthi forces did not claim the attack.",0,False,False
YEM85972,2024-03-04,Strategic developments,Disrupted weapons use,Military Forces of Italy (2022-),Military Forces of Yemen (2017-) Houthi,South Red Sea,16.138,41.407,"Interception: On 2 March 2024, Italian Navy destroyer Caio Duilio shot down 1 suspected Houthi drone in the South Red Sea. The drone was shot down 6 km away from the ship as the Italian Navy assessed that it was headed towards the ship. Houthi forces did not claim the attack.",0,False,False
YEM85992,2024-03-04,Explosions/Remote violence,Shelling/artillery/missile attack,Military Forces of Yemen (2017-) Houthi,Military Forces of the United States (2021-2025),South Red Sea,16.138,41.407,"On 4 March 2024, at around 2:15 am Sanaa time, Houthi forces fired 1 anti-ship ballistic missile that impacted the water 10 nm from a US warship in the South Red Sea around 50 nm west of Al Hudaydah. This took place as Houthi forces claimed a drone and missile attack targeting US warships (names undisclosed).",0,False,False
YEM86008,2024-03-05,Strategic developments,Disrupted weapons use,Military Forces of the United States (2021-2025),Military Forces of Yemen (2017-) Houthi,South Red Sea,16.138,41.407,"Interception: On 5 March 2024, between 3:00 pm and 5:00 pm Sanaa time, US forces (whether warships or aircrafts unspecified) shot down 1 anti-ship ballistic missile and 3 Houthi one-way attack drones in the South Red Sea that were launched toward the US Navy destroyer USS Carney. This took place as Houthi forces claimed a drone and missile attack targeting two US warships (names undisclosed).",0,False,False
YEM86140,2024-03-11,Strategic developments,Disrupted weapons use,Military Forces of the United States (2021-2025),Military Forces of Yemen (2017-) Houthi,South Red Sea,16.138,41.407,"Interception: On 9 March 2024, between 4:00 am and 8:20 am Sanaa time, US warships and aircraft shot down at least 18 Houthi one-way attack drones in the South Red Sea and the Gulf of Aden. This took place as Houthi forces claimed to have targeted US Navy destroyers in the two waterways with 37 drones.",0,False,False
YEM86141,2024-03-11,Strategic developments,Disrupted weapons use,Military Forces of the United Kingdom (2010-2024),Military Forces of Yemen (2017-) Houthi,South Red Sea,16.138,41.407,"Interception: On 9 March 2024, between 4:00 am and 8:20 am Sanaa time, UK Navy frigate HMS Richmond shot down 2 Houthi one-way attack drones in the South Red Sea. The intended targets were likely US warships as Houthi forces claimed to have targeted US Navy destroyers with 37 drones in the South Red Sea and the Gulf of Aden.",0,False,False
YEM86693,2024-03-11,Strategic developments,Disrupted weapons use,Military Forces of Denmark (2019-),Military Forces of Yemen (2017-) Houthi,South Red Sea,16.138,41.407,"Interception: On 9 March 2024, between 4:00 am and 5:00 am Sanaa time, Royal Danish Navy frigate HDMS Iver Huitfeldt shot down 4 Houthi one-way attack drones in the South Red Sea. The intended targets were likely US warships as Houthi forces claimed to have targeted US Navy destroyers with 37 drones in the South Red Sea and the Gulf of Aden.",0,False,False
YEM86156,2024-03-11,Explosions/Remote violence,Shelling/artillery/missile attack,Military Forces of Yemen (2017-) Houthi,nan,South Red Sea,16.138,41.407,"On 11 March 2024, between 8:50 am and 12:50 pm Sanaa time, Houthi forces fired 2 anti-ship ballistic missiles targeting the Pinocchio container ship (IMO: 9400112) in the South Red Sea around 70 nm southeast of As Salif claiming US affiliation of the ship. There were no fatalities or injuries as the missiles impacted the water near the ship. The ship previously had links to US investment fund Oaktree Capital Management although the links did not exist anymore at the time of the attack according to Lloyd's List Intelligence.",0,False,False
YEM86163,2024-03-12,Strategic developments,Disrupted weapons use,Military Forces of the United States (2021-2025),Military Forces of Yemen (2017-) Houthi,South Red Sea,16.138,41.407,"Interception: On 12 March 2024, between 2:00 am and 5:45 am Sanaa time, US forces (whether warships or aircrafts unspecified) shot down 1 suspected Houthi armed drone in the South Red Sea. Potential targets were unidentified/not reported. Houthi forces did not claim the attack.",0,False,False
YEM86164,2024-03-12,Strategic developments,Disrupted weapons use,Military Forces of Italy (2022-),Military Forces of Yemen (2017-) Houthi,South Red Sea,16.138,41.407,"Interception: On 12 March 2024, between 2:00 am and 5:45 am Sanaa time, Italian Navy destroyer Caio Duilio shot down 1 suspected Houthi armed drone in the South Red Sea. Potential targets were unidentified/not reported. Houthi forces did not claim the attack.",0,False,False
YEM86162,2024-03-12,Explosions/Remote violence,Shelling/artillery/missile attack,Military Forces of Yemen (2017-) Houthi,nan,South Red Sea,16.138,41.407,"On 12 March 2024, between 2:00 am and 4:30 am Sanaa time, suspected Houthi forces fired 1 close-range ballistic missile targeting US Navy destroyer USS Laboon in the South Red Sea. There were no fatalities or injuries as the missile impacted the water. Houthi forces did not claim the attack.",0,False,False
YEM86275,2024-03-15,Explosions/Remote violence,Shelling/artillery/missile attack,Military Forces of Yemen (2017-) Houthi,nan,South Red Sea,16.138,41.407,"On 15 March 2024, at around 1:00 am Sanaa time, suspected Houthi forces fired 2 anti-ship ballistic missiles in the South Red Sea around 50 nm southwest of Al Hudaydah. There were no fatalities or injuries as the missiles impacted the water. Potential targets were unidentified/not reported. Houthi forces did not claim the attack.",0,False,False
YEM86276,2024-03-15,Explosions/Remote violence,Shelling/artillery/missile attack,Military Forces of Yemen (2017-) Houthi,nan,South Red Sea,16.138,41.407,"On 15 March 2024, at around 5:00 am Sanaa time, Houthi forces fired anti-ship missiles targeting the Pacific 01 crude oil tanker (IMO: 9395379) in the South Red Sea around 75 nm west of Al Hudaydah claiming Israel affiliation of the ship. There were no fatalities or injuries as the missiles impacted the water near the ship. The ship previously had links to Israeli shipping magnate Idan Ofer although the links did not exist anymore at the time of the attack according to Lloyd's List Intelligence.",0,True,False
YEM86277,2024-03-15,Explosions/Remote violence,Air/drone strike,Military Forces of Yemen (2017-) Houthi,Military Forces of the United States (2021-2025),South Red Sea,16.138,41.407,"On 15 March 2024, Houthi forces claimed a drone attack targeting a US warship (name undisclosed) in the South Red Sea. There were no fatalities or injuries as the drones likely impacted the water before reaching the intended target. The attack was not confirmed by other sources.",0,False,False
YEM86278,2024-03-15,Explosions/Remote violence,Shelling/artillery/missile attack,Military Forces of Yemen (2017-) Houthi,nan,South Red Sea,16.138,41.407,"On 15 March 2024, at around 8:30 pm Sanaa time, Houthi forces fired 2 anti-ship ballistic missiles targeting the Mado LPG tanker (IMO: 9694622) in the South Red Sea around 90 nm northwest of Al Hudaydah claiming US affiliation of the ship. There were no fatalities or injuries as the missiles impacted the water. The ship was targeted by another missile 2:30 hours later at another location as part of the same attack. Houthi forces claimed a missile attack targeting the Mado on 19 March, likely referring to events on 15 and 17 March (the ship was targeted in the South Red Sea on 15 March and in the Gulf of Aden on 17 March). The ship previously had links to US company ExxonMobil although the links did not exist anymore at the time of the attack according to MarineTraffic.",0,True,False
YEM86695,2024-03-15,Explosions/Remote violence,Shelling/artillery/missile attack,Military Forces of Yemen (2017-) Houthi,nan,South Red Sea,16.138,41.407,"On 15 March 2024, at around 11:00 pm Sanaa time, Houthi forces fired 1 anti-ship ballistic missile targeting the Mado LPG tanker (IMO: 9694622) in the South Red Sea around 70 nm northwest of Al Hudaydah claiming US affiliation of the ship. There were no fatalities or injuries as the missiles impacted the water. The ship was targeted by two other missiles 2:30 hours earlier at another location as part of the same attack. Houthi forces claimed a missile attack targeting the Mado on 19 March, likely referring to events on 15 and 17 March (the ship was targeted in the South Red Sea on 15 March and in the Gulf of Aden on 17 March). The ship previously had links to US company ExxonMobil although the links did not exist anymore at the time of the attack according to MarineTraffic.",0,True,False
YEM86305,2024-03-18,Strategic developments,Disrupted weapons use,Military Forces of the United States (2021-2025),Military Forces of Yemen (2017-) Houthi,South Red Sea,16.138,41.407,"Interception: On 16 March 2024, between 7:50 am and 8:15 am Sanaa time, US forces (whether warships or aircrafts unspecified) shot down 1 suspected Houthi drone in the South Red Sea. 1 other drone is presumed to have crashed into the water. Potential targets were unidentified/not reported. Houthi forces did not claim the attack.",0,False,False
YEM86340,2024-03-20,Strategic developments,Disrupted weapons use,Military Forces of France (2017-),Military Forces of Yemen (2017-) Houthi,South Red Sea,16.138,41.407,"Interception: On 20 March 2024, at around 10:10 am Sanaa time, a helicopter from French Navy frigate Alsace shot down 1 suspected Houthi one-way attack drone in the South Red Sea. Potential targets were unidentified/not reported. Houthi forces did not claim the attack.",0,False,False
YEM86341,2024-03-20,Strategic developments,Disrupted weapons use,Military Forces of the United States (2021-2025),Military Forces of Yemen (2017-) Houthi,South Red Sea,16.138,41.407,"Interception: On 20 March 2024, at around 7:40 pm Sanaa time, US forces (whether warships or aircrafts unspecified) destroyed 1 suspected Houthi drone boat in the South Red Sea. Potential targets were unidentified/not reported. Houthi forces did not claim the attack.",0,False,False
YEM86346,2024-03-21,Strategic developments,Disrupted weapons use,Military Forces of Germany (2021-2025),Military Forces of Yemen (2017-) Houthi,South Red Sea,16.138,41.407,"Interception: On 21 March 2024, at around 8:50 am Sanaa time, a helicopter from German Navy frigate Hessen destroyed 1 suspected Houthi drone boat in the South Red Sea. Potential targets were unidentified/not reported although the interception took place as the German frigate was providing close protection to a commercial ship. Houthi forces did not claim the attack.",0,False,False
YEM86345,2024-03-21,Strategic developments,Disrupted weapons use,Military Forces of France (2017-),Military Forces of Yemen (2017-) Houthi,South Red Sea,16.138,41.407,"Interception: On 21 March 2024, between 10:40 am and 11:40 am Sanaa time, French Navy frigate Alsace shot down 3 Houthi anti-ship ballistic missiles in the South Red Sea. The missiles were intercepted as they were likely targeting the APL Detroit container ship (IMO: 9632208) with Houthi forces claiming US affiliation of the ship. The US affiliation of the ship was not verified. Houthi forces claimed that the attack took place over the previous 72 hours on 26 March, seemingly referring to the 21-23 March period. The APL Detroit departed from Djibouti on 20 March and arrived in Jeddah on 22 March, coinciding with the French interception claim on 21 March. The ship was operated by CMA CGM that has been using French ship escorts.",0,False,False
YEM86334,2024-03-22,Explosions/Remote violence,Shelling/artillery/missile attack,Military Forces of Yemen (2017-) Houthi,nan,South Red Sea,16.138,41.407,"On 22 March 2024, between 4:20 am and 11:10 pm Sanaa time, Houthi forces fired 4 anti-ship ballistic missiles likely targeting the Pretty Lady bulk carrier (IMO: 9223174) in the South Red Sea claiming that it was headed to Israel. There were no fatalities or injuries as the missiles impacted the water. The Israeli destination of the ship was not verified. Houthi forces claimed that the attack took place over the previous 72 hours on 26 March, seemingly referring to the 21-23 March period. The Pretty Lady departed from Kandla in India on 15 March and arrived in As Suways in Egypt on 26 March.",0,False,False
YEM86529,2024-03-25,Explosions/Remote violence,Shelling/artillery/missile attack,Military Forces of Yemen (2017-) Houthi,nan,South Red Sea,16.138,41.407,"On 23 March 2024, between 2:40 am and 4:30 am Sanaa time, Houthi forces fired 4 anti-ship ballistic missiles targeting the Huang Pu crude oil tanker (IMO: 9402469) in the South Red Sea claiming UK affiliation of the ship. There were no fatalities or injuries as the missiles impacted the water near the ship. The ship was targeted twice in two separate locations at least 12 hours apart that day. The ship previously had links to UK company Union Maritime Limited although the links did not exist anymore at the time of the attack according to TradeWinds. The ship was carrying Russian crude oil during the attack.",0,True,False
YEM86694,2024-03-25,Strategic developments,Disrupted weapons use,Military Forces of the United States (2021-2025),Military Forces of Yemen (2017-) Houthi,South Red Sea,16.138,41.407,"Interception: On 23 March 2024, between 6:50 pm and 9:50 pm Sanaa time, US forces including US Navy destroyer USS Carney intercepted 6 Houthi drones in the South Red Sea -- 5 crashed into the sea and 1 flew inland into Yemen. This took place as Houthi forces claimed 'a qualitative operation' by its air force targeting Eilat in Israel and 2 US warships over the previous 72 hours on 26 March, seemingly referring to the 21-23 March period.",0,False,False
YEM86509,2024-03-27,Strategic developments,Disrupted weapons use,Military Forces of the United States (2021-2025),Military Forces of Yemen (2017-) Houthi,South Red Sea,16.138,41.407,"Interception: On 27 March 2024, between 2:00 and 2:20 am Sanaa time, US forces (whether warships or aircrafts unspecified) destroyed 4 suspected Houthi drones that were aimed at a US warship (name undisclosed) in the South Red Sea. CENTCOM claimed the drones were destroyed in self-defense. Houthi forces did not claim the attack.",0,False,False
YEM86531,2024-03-28,Strategic developments,Disrupted weapons use,Military Forces of the United States (2021-2025),Military Forces of Yemen (2017-) Houthi,South Red Sea,16.138,41.407,"Interception: On 28 March 2024, between 6:00 and 11:00 pm Sanaa time, US forces (whether warships or aircrafts unspecified) destroyed 4 suspected Houthi drones that were aimed at a US warship and a 'coalition' (EU) warship (names undisclosed) in the South Red Sea. CENTCOM claimed the drones were destroyed in self-defense. Houthi forces did not claim the attack.",0,False,False
YEM86719,2024-04-02,Strategic developments,Disrupted weapons use,Military Forces of the United States (2021-2025),Military Forces of Yemen (2017-) Houthi,South Red Sea,16.138,41.407,"Interception: On 30 March 2024, at around 8:30 am Sanaa time, US forces (whether warships or aircraft unspecified) shot down 1 suspected Houthi drone in the South Red Sea. Potential targets were unidentified/not reported. Houthi forces did not claim the attack.",0,False,False
YEM86722,2024-04-02,Strategic developments,Disrupted weapons use,Military Forces of the United States (2021-2025),Military Forces of Yemen (2017-) Houthi,South Red Sea,16.138,41.407,"Interception: On 1 April 2024, at around 9:00 Sanaa time, US forces (whether warships or aircrafts unspecified) destroyed 1 suspected Houthi drone boat in the South Red Sea. Potential targets were unidentified/not reported. Houthi forces did not claim the attack.",0,False,False
YEM86746,2024-04-03,Strategic developments,Disrupted weapons use,Military Forces of the United States (2021-2025),Military Forces of Yemen (2017-) Houthi,South Red Sea,16.138,41.407,"Interception: On 3 April 2024, between 3:50 am and 10:00 am Sanaa time, US forces including US Navy destroyer USS Gravely shot down 1 suspected Houthi anti-ship ballistic missile and 2 suspected Houthi drones targeting the USS Gravely in the South Red Sea. CENTCOM claimed the weapons were destroyed as they were inbound toward the warship. Houthi forces claimed on 7 April to have conducted two drone operations targeting US warships in the Red Sea over the previous 72 hours, likely referring to this event.",0,False,False
YEM86876,2024-04-08,Explosions/Remote violence,Shelling/artillery/missile attack,Military Forces of Yemen (2017-) Houthi,nan,South Red Sea,16.138,41.407,"On 6 April 2024, at around 6:00 pm Sanaa time, Houthi forces fired 4 anti-ship ballistic missiles targeting the Hope Island container ship (IMO: 9263320) in the South Red Sea around 60 nm southwest of Al Hudaydah claiming UK affiliation of the ship. There were no fatalities or injuries as 3 missiles impacted the water and 1 was intercepted (coded as a separate event). Houthi forces claimed a missile attack targeting the Hope Island on 7 April, likely referring to events on 6 and 7 April (the ship was targeted in the South Red Sea on 6 April and in the Gulf of Aden on 7 April). A total of 5 missiles targeted the ship. The ship was owned by UK-based shipping company Borealis Maritime at the time of the attack according to TradeWinds and MarineTraffic.",0,False,False
YEM86884,2024-04-08,Strategic developments,Disrupted weapons use,Military Forces of the United States (2021-2025),Military Forces of Yemen (2017-) Houthi,South Red Sea,16.138,41.407,"Interception: On 6 April 2024, between 10:00 am and 3:00 pm Sanaa time, US forces (whether warships or aircrafts unspecified) shot down 1 Houthi drone in the South Red Sea. Houthi forces claimed on 7 April to have conducted two drone operations targeting US warships in the Red Sea over the previous 72 hours, likely referring to this event.",0,False,False
YEM86926,2024-04-08,Strategic developments,Disrupted weapons use,Military Forces of Germany (2021-2025),Military Forces of Yemen (2017-) Houthi,South Red Sea,16.138,41.407,"Interception: On 6 April 2024, between 5:30 pm and 6:30 pm Sanaa time, German Navy frigate Hessen shot down 1 Houthi anti-ship ballistic missile in the South Red Sea around 60 nm southwest of Al Hudaydah as it was responding to a Houthi attack targeting the Hope Island container ship (IMO: 9263320) with Houthi forces claiming UK affiliation of the ship. Houthi forces claimed a missile attack targeting the Hope Island on 7 April, likely referring to events on 6 and 7 April (the ship was targeted in the South Red Sea on 6 April and in the Gulf of Aden on 7 April). A total of 5 missiles targeted the ship. The ship was owned by UK-based shipping company Borealis Maritime at the time of the attack according to TradeWinds and MarineTraffic.",0,False,False
YEM86891,2024-04-08,Strategic developments,Disrupted weapons use,Military Forces of the United States (2021-2025),Military Forces of Yemen (2017-) Houthi,South Red Sea,16.138,41.407,"Interception: On 8 April 2024, between 12:15 am and 2:40 am Sanaa time, US forces (whether warships or aircrafts unspecified) shot down 1 suspected Houthi drone in South Red Sea. Potential targets were unidentified/not reported. Houthi forces did not claim the attack.",0,False,False
YEM86912,2024-04-10,Strategic developments,Disrupted weapons use,Military Forces of the United States (2021-2025),Military Forces of Yemen (2017-) Houthi,South Red Sea,16.138,41.407,"Interception: On 10 April 2024, between 4:15 am and 6:00 am Sanaa time, US forces (whether warships or aircrafts unspecified) shot down 1 suspected Houthi drone in the South Red Sea. Potential targets were unidentified/not reported. Houthi forces did not claim the attack.",0,False,False
YEM86918,2024-04-11,Strategic developments,Disrupted weapons use,Military Forces of the United States (2021-2025),Military Forces of Yemen (2017-) Houthi,South Red Sea,16.138,41.407,"Interception: On 11 April 2024, at around 1:00 pm Sanaa time, US forces (whether warships or aircrafts unspecified) shot down 1 suspected Houthi anti-ship ballistic missile in the South Red Sea. Potential targets were unidentified/not reported. Houthi forces did not claim the attack.",0,False,False
YEM87085,2024-04-26,Explosions/Remote violence,Shelling/artillery/missile attack,Military Forces of Yemen (2017-) Houthi,Civilians (International),South Red Sea,16.138,41.407,"On 26 April 2024, at around 5:50 pm Sanaa time, Houthi forces fired 3 anti-ship ballistic missiles targeting the Andromeda Star crude oil tanker (IMO: 9402471) in the South Red Sea around 14 nm southwest of Al Mukha claiming UK affiliation of the ship. There were no fatalities or injuries although the ship sustained minor damage. Two missiles struck the ship while one impacted the water. The ship previously had links to UK company Union Maritime Limited although the links did not exist anymore at the time of the attack. The ship was carrying Russian crude oil during the attack and was previously reported to be part of the Russian 'shadow fleet' carrying Russian oil despite sanctions. CENTCOM also noted that the missiles were launched in the vicinity of the Maisha crude oil tanker (IMO: 9232929).",0,True,False
YEM87258,2024-04-29,Strategic developments,Disrupted weapons use,Military Forces of the United States (2021-2025),Military Forces of Yemen (2017-) Houthi,South Red Sea,16.138,41.407,"Interception: On 28 April 2024, between 1:50 am and 2:30 am Sanaa time, US forces (whether warships or aircraft unspecified) intercepted 5 suspected Houthi drones in the South Red Sea. Potential targets were unidentified/not reported. Houthi forces did not claim the attack.",0,False,False
YEM87269,2024-04-29,Strategic developments,Disrupted weapons use,Military Forces of the United States (2021-2025),Military Forces of Yemen (2017-) Houthi,South Red Sea,16.138,41.407,"Interception: On 29 April 2024, at around 7:50 am Sanaa time, US forces (whether warships or aircrafts unspecified) intercepted 1 Houthi drone over the South Red Sea. The drone was intercepted as it was on a flight path toward USS Philippine Sea and USS Laboon and as Houthi forces claimed a drone attack targeting two US warships.",0,False,False
YEM87268,2024-04-29,Explosions/Remote violence,Air/drone strike,Military Forces of Yemen (2017-) Houthi,Civilians (International),South Red Sea,16.138,41.407,"On 29 April 2024, between 10:00 am and 5:20 pm Sanaa time, Houthi forces fire 5 drones including at least 1 Shihab drone and 3 anti-ship ballistic missiles targeting the Cyclades bulk carrier (IMO: 9799616) in the South Red Sea around 54 nm northwest of Al Mukha claiming that the ship had a port of call at Eilat in Israel on 21 April. There were no fatalities or injuries although the ship sustained damage. Only one drone damaged the ship while one drone was intercepted (coded as a separate event). The alleged Israeli port of call was not verified at the time of reporting.",0,False,False
YEM87270,2024-04-29,Strategic developments,Disrupted weapons use,Military Forces of Italy (2022-),Military Forces of Yemen (2017-) Houthi,South Red Sea,16.138,41.407,"Interception: On 29 April 2024, between 10:00 am and 5:20 pm Sanaa time, Italian Navy frigate Virginio Fasan intercepted 1 Houthi drone in the South Red Sea around 54 nm northwest of Al Mukha. The interception took place as the Virginio Fasan was responding to a Houthi attack targeting the Cyclades bulk carrier (IMO: 9799616) with Houthi forces claiming that the ship had a port of call at Eilat in Israel on 21 April. A total of 5 drones including at least 1 Shihab drone and 3 anti-ship ballistic missiles were fired at the ship (coded as a separate event). The alleged Israeli port of call was not verified at the time of reporting.",0,False,False
YEM87442,2024-05-07,Strategic developments,Disrupted weapons use,Military Forces of the United States (2021-2025),Military Forces of Yemen (2017-) Houthi,South Red Sea,16.138,41.407,"Interception: On 6 May 2024, at around 10:45 am Sanaa time, US forces (whether warships or aircrafts unspecified) intercepted 1 suspected Houthi drone in the South Red Sea. Potential targets were unidentified/not reported. Houthi forces did not claim the attack.",0,False,False
YEM87716,2024-05-13,Strategic developments,Disrupted weapons use,Military Forces of the United States (2021-2025),Military Forces of Yemen (2017-) Houthi,South Red Sea,16.138,41.407,"Interception: On 11 May 2024, between 4:30 am and 4:45 am Sanaa time, US forces (whether warships or aircrafts unspecified) intercepted 3 suspected Houthi drones over the South Red Sea. Potential targets were unidentified/not reported. Houthi forces did not claim the attack.",0,False,False
YEM87772,2024-05-13,Strategic developments,Disrupted weapons use,Military Forces of the United States (2021-2025),Military Forces of Yemen (2017-) Houthi,South Red Sea,16.138,41.407,"Interception: On 13 May 2024, between 5:50 pm and 6:05 pm Sanaa time, US Navy destroyer USS Mason intercepted 1 Houthi anti-ship ballistic missile in the South Red Sea as it was inbound and most likely targeting the warship. Houthi forces claimed to have targeted the USS Mason with anti-ship missiles on 15 May without specifying the date but likely referring to this event.",0,False,False
YEM87773,2024-05-13,Strategic developments,Disrupted weapons use,Military Forces of the United States (2021-2025),Military Forces of Yemen (2017-) Houthi,South Red Sea,16.138,41.407,"Interception: On 13 May 2024, between 5:50 pm and 6:05 pm Sanaa time, US forces (whether warships or aircrafts unspecified) intercepted 1 suspected Houthi drone in the South Red Sea. Potential targets were unidentified/not reported. Houthi forces did not claim the attack.",0,False,False
YEM87775,2024-05-14,Explosions/Remote violence,Air/drone strike,Military Forces of Yemen (2017-) Houthi,nan,South Red Sea,16.138,41.407,"Around 14 May 2024 (between 13 - 15 May), Houthi forces claimed drone and missile attack targeting the Destiny bulk carrier (IMO: 9565716) in the South Red Sea claiming that the ship had called at the port of Eilat in Israel on 20 April. There were no fatalities or injuries as the drones/missiles likely impacted the water before reaching the intended target. The attack was not confirmed by other sources while the managing director of the company owning the ship noted that the ship passed through the region but that nothing happened to it. Houthi forces claimed the attack on 15 May without specifying the date of the attack in a publication that also included claims of attacks that took place on 13 May.",0,False,False
YEM88719,2024-05-28,Explosions/Remote violence,Shelling/artillery/missile attack,Military Forces of Yemen (2017-) Houthi,nan,South Red Sea,16.138,41.407,"On 25 May 2024, at around 3:50 am Sanaa time, Houthi forces fired 2 anti-ship ballistic missiles targeting the Minerva Lisa crude oil tanker (IMO: 9276597) in the South Red Sea. There were no fatalities or injuries as the missiles likely impacted the water. Houthi forces claimed a ballistic missile/anti-ship missile attack targeting the Minerva Lisa in the South Red Sea claiming affiliation with companies in violation of the Houthi ban to call at Israeli ports on 27 May without specifying the date of the attack while CENTCOM reported 2 Houthi anti-ship ballistic missiles in the Red Sea on 25 May in what was likely the same event. The ship departed the Saudi port of Jizan in the South Red Sea in the evening of 24 May for the Egyptian port of Sukhnah in the North Red Sea.",0,True,False
YEM88720,2024-05-28,Strategic developments,Disrupted weapons use,Military Forces of the United States (2021-2025),Military Forces of Yemen (2017-) Houthi,South Red Sea,16.138,41.407,"Interception: On 26 May 2024, at around 10:00 am Sanaa time, US forces (whether warships or aircrafts unspecified) intercepted 1 Houthi drone over the South Red Sea as the drone was likely targeting a US warship. Houthi forces claimed two drone attacks targeting US destroyers (names undisclosed) on 27 May without specifying the dates of the attacks while US forces reported drone interceptions on 26 and 27 May.",0,False,False
YEM88721,2024-05-28,Strategic developments,Disrupted weapons use,Military Forces of the United States (2021-2025),Military Forces of Yemen (2017-) Houthi,South Red Sea,16.138,41.407,"Interception: On 27 May 2024, at around 4:00 am Sanaa time, US forces (whether warships or aircrafts unspecified) intercepted 1 Houthi drone over the South Red Sea as the drone was likely targeting a US warship. Houthi forces claimed two drone attacks targeting US destroyers (names undisclosed) on 27 May without specifying the dates of the attacks while US forces reported drone interceptions on 26 and 27 May.",0,False,False
YEM88722,2024-05-28,Explosions/Remote violence,Shelling/artillery/missile attack,Military Forces of Yemen (2017-) Houthi,Civilians (International),South Red Sea,16.138,41.407,"On 28 May 2024, between 12:00 pm and 1:40 pm Sanaa time, Houthi forces fired at least 2 anti-ship ballistic missiles targeting the Laax bulk carrier (IMO: 9512355) in the South Red Sea around 31 nm southwest of Al Hudaydah claiming affiliation with companies in violation of the Houthi ban to call at Israeli ports. The strikes slightly injured 1 crew member as at least 1 of the missiles struck the ship resulting in damage including broken windows and water ingress in the cargo hold. The ship was struck again by Houthi missiles at another location 5 hours later, with a total of 5 anti-ship ballistic missiles launched at the ship. The ship departed the Suez Canal on 24 May sailing through the Red Sea and headed to Iran.",0,False,False
YEM88723,2024-05-28,Explosions/Remote violence,Shelling/artillery/missile attack,Military Forces of Yemen (2017-) Houthi,Civilians (International),South Red Sea,16.138,41.407,"On 28 May 2024, at around 6:30 pm Sanaa time, Houthi forces fire at least 1 anti-ship ballistic missile targeting the Laax bulk carrier (IMO: 9512355) in the South Red Sea around 33 nm west of Al Mukha claiming affiliation with companies in violation of the Houthi ban to call at Israeli ports. There were no fatalities or injuries although the missile struck the ship resulting in damage. The ship had already been struck by Houthi missiles at another location 5 hours prior, with a total of 5 anti-ship ballistic missiles launched at the ship. The ship departed the Suez Canal on 24 May sailing through the Red Sea and headed to Iran.",0,False,False
YEM88724,2024-05-28,Explosions/Remote violence,Shelling/artillery/missile attack,Military Forces of Yemen (2017-) Houthi,nan,South Red Sea,16.138,41.407,"On 28 May 2024, at around 11:30 pm Sanaa time, Houthi forces fired 2 anti-ship ballistic missiles in the South Red Sea that were likely targeting the Morea bulk carrier (IMO: 9699880). There were no fatalities or injuries as the missiles likely impacted the water. Houthi forces claimed a drone/ballistic missile/anti-ship missile attack targeting the Morea in the South Red Sea claiming affiliation with companies in violation of the Houthi ban to call at Israeli ports on 29 May without specifying the date of the attack while CENTCOM reported 2 Houthi anti-ship ballistic missiles in the Red Sea on 28 May in what was likely the same event. Houthi forces targeted the ship possibly because of its affiliation with Greece-based company Eastern Mediterranean Maritime, which had other ships affiliated to it dock at Israeli ports in early May. The ship departed the Suez Canal on 24 May sailing through the Red Sea and headed to India.",0,False,False
YEM88725,2024-05-28,Strategic developments,Disrupted weapons use,Military Forces of the United States (2021-2025),Military Forces of Yemen (2017-) Houthi,South Red Sea,16.138,41.407,"Interception: On 28 May 2024, between 10:00 am and 1:30 pm Sanaa time, US forces (whether warships or aircrafts unspecified) intercepted 5 suspected Houthi drones over the South Red Sea. Potential targets were unidentified/not reported. Houthi forces did not claim the attack.",0,False,False
YEM88726,2024-05-29,Strategic developments,Disrupted weapons use,Military Forces of the United States (2021-2025),Military Forces of Yemen (2017-) Houthi,South Red Sea,16.138,41.407,"Interception: On 29 May 2024, between 1:25 am and 1:40 am Sanaa time, US forces (whether warships or aircrafts unspecified) intercepted 2 Houthi drones in the South Red Sea that were likely targeting the Sealady bulk carrier (IMO: 9748734). Houthi forces claimed a drone and/or missile attack targeting the Sealady in the South Red Sea claiming affiliation with companies in violation of the Houthi ban to call at Israeli ports while CENTCOM reported the interception of 2 Houthi drones in what was likely the same event. Houthi forces targeted the ship possibly because of its affiliation with Greece-based company Eastern Mediterranean Maritime, which had other ships affiliated to it dock at Israeli ports in early May. The ship departed the Suez Canal on 24 May sailing through the Red Sea and headed to Bangladesh.",0,False,False
YEM88727,2024-05-30,Strategic developments,Disrupted weapons use,Military Forces of the United States (2021-2025),Military Forces of Yemen (2017-) Houthi,South Red Sea,16.138,41.407,"Interception: On 30 May 2024, between 3:15 pm and 5:00 pm Sanaa time, US forces (whether warships or aircrafts unspecified) intercepted at least 1 suspected Houthi drone over the South Red Sea. Potential targets were unidentified/not reported. Houthi forces did not claim the attack. CENTCOM claimed the interceptions of 8 Houthi drones inside Yemen and over the South Red Sea during that period without specifying the number of drones in each location.",0,False,False
YEM88728,2024-05-31,Explosions/Remote violence,Shelling/artillery/missile attack,Military Forces of Yemen (2017-) Houthi,Military Forces of the United States (2021-2025),South Red Sea,16.138,41.407,"On 31 May 2024, Houthi forces claimed cruise and ballistic missile attack targeting US Navy aircraft carrier USS Dwight D. Eisenhower in the South Red Sea around 400 km from the Yemeni border. There were no fatalities or injuries as the missiles likely impacted the water before reaching the intended target. Houthi forces claimed to have targeted the ship as retaliation to the fifth wave of US-UK strikes on Houthi targets inside Yemen that took place the day prior. The attack was not confirmed by other sources with US officials denying that any successful attack had taken place. Houthi forces claimed two attacks against the USS Dwight D. Eisenhower over 31 May and 1 June using 7 cruise missiles and 4 drones claiming that the aircraft carrier left the area of operation following the attacks, moving some 880 km from the Yemeni border, near the Saudi city of Jeddah.",0,False,False
YEM88729,2024-05-31,Strategic developments,Disrupted weapons use,Military Forces of the United States (2021-2025),Military Forces of Yemen (2017-) Houthi,South Red Sea,16.138,41.407,"Interception: On 31 May 2024, between 2:50 am and 11:00 pm Sanaa time, US forces (whether warships or aircrafts unspecified) intercepted 3 suspected Houthi drones over the South Red Sea. Potential targets were unidentified/not reported. Houthi forces did not claim the attack.",0,False,False
YEM88730,2024-05-31,Explosions/Remote violence,Air/drone strike,Military Forces of Yemen (2017-) Houthi,nan,South Red Sea,16.138,41.407,"On 31 May 2024, at around 1:30 am Sanaa time, suspected Houthi forces fired 1 drone in the South Red Sea. There were no fatalities or injuries as the drone crashed into the water. Potential targets were unidentified/not reported. Houthi forces did not claim the attack.",0,False,False
YEM88731,2024-06-03,Strategic developments,Disrupted weapons use,Military Forces of the United States (2021-2025),Military Forces of Yemen (2017-) Houthi,South Red Sea,16.138,41.407,"Interception: On 1 June 2024, between 7:00 pm and 11:30 pm Sanaa time, US forces (whether warships or aircrafts unspecified) intercepted 2 Houthi anti-ship ballistic missiles in the South Red Sea as they were fired in the direction of US Navy destroyer USS Gravely. Houthi forces claimed to have targeted a US destroyer in the Red Sea with drones.",0,False,False
YEM88732,2024-06-03,Strategic developments,Disrupted weapons use,Military Forces of the United States (2021-2025),Military Forces of Yemen (2017-) Houthi,South Red Sea,16.138,41.407,"Interception: On 1 June 2024, at around 9:00 am Sanaa time, US forces (whether warships or aircrafts unspecified) intercepted 1 Houthi drone in the South Red Sea that was likely targeting the Maina bulk carrier (IMO: 9699892). Houthi forces claimed a drone and/or missile attack targeting the Maina in the South Red Sea claiming affiliation with companies in violation of the Houthi ban to call at Israeli ports while CENTCOM reported the interception of 1 Houthi drone in what was likely the same event. Houthi forces targeted the ship possibly because of its affiliation with Greece-based company Eastern Mediterranean Maritime, which had other ships affiliated with it dock at Israeli ports in early May. Houthi forces claimed to have carried out a first attack against the Maina in the South Red Sea and a second one in the Arabian Sea (coded as two separate events).",0,False,False
YEM88733,2024-06-03,Explosions/Remote violence,Air/drone strike,Military Forces of Yemen (2017-) Houthi,Military Forces of the United States (2021-2025),South Red Sea,16.138,41.407,"On 1 June 2024, Houthi forces claimed a drone and missile attack targeting US Navy aircraft carrier USS Dwight D. Eisenhower in the South Red Sea around 400 km from the Yemeni border. There were no fatalities or injuries as the drones/missiles likely impacted the water before reaching the intended target. This was the second Houthi attack claim targeting the aircraft carrier in 24 hours. The attack was not confirmed by other sources. Houthi forces claimed two attacks against the USS Dwight D. Eisenhower over 31 May and 1 June using 7 cruise missiles and 4 drones claiming that the aircraft carrier left the area of operation following the attacks, moving some 880 km from the Yemeni border, near the Saudi city of Jeddah.",0,False,False
YEM88734,2024-06-03,Explosions/Remote violence,Air/drone strike,Military Forces of Yemen (2017-) Houthi,nan,South Red Sea,16.138,41.407,"On 1 June 2024, at around 5:30 pm Sanaa time, Houthi forces fired at least 1 drone targeting the Abliani crude oil tanker (IMO: 9693068) in the South Red Sea around 50 nm southwest of Al Shuqayq claiming affiliation with companies in violation of the Houthi ban to call at Israeli ports. There were no fatalities or injuries as the drone crashed around 15 meters from the vessel. Houthi forces targeted the ship possibly because of its affiliation with Greece-based company Eastern Mediterranean Maritime, which had other ships affiliated with it dock at Israeli ports in early May.",0,True,False
YEM88735,2024-06-03,Explosions/Remote violence,Air/drone strike,Military Forces of Yemen (2017-) Houthi,nan,South Red Sea,16.138,41.407,"On 1 June 2024, at around 7:30 pm Sanaa time, suspected Houthi forces fired at least 1 drone likely targeting the Al Salam LPG carrier (IMO: 9923085) in the South Red Sea around 48 nm southwest of Al Hudaydah. There were no fatalities or injuries as the drone exploded a significant distance from the ship. Houthi forces did not claim the attack, possibly because the Al Salam was not the intended target. Houthi forces claimed four other attacks against commercial ships that day. If confirmed, this would be the first known case of Houthi forces targeting a gas tanker of that size, which was controlled by Qatargas.",0,True,False
YEM88736,2024-06-03,Strategic developments,Disrupted weapons use,Military Forces of the United States (2021-2025),Military Forces of Yemen (2017-) Houthi,South Red Sea,16.138,41.407,"Interception: On 2 June 2024, at an unspecified time, US forces (whether warships or aircrafts unspecified) intercepted 1 suspected Houthi drone over the South Red Sea. Potential targets were unidentified/not reported. Houthi forces did not claim the attack.",0,False,False
YEM88737,2024-06-04,Explosions/Remote violence,Shelling/artillery/missile attack,Military Forces of Yemen (2017-) Houthi,nan,South Red Sea,16.138,41.407,"On 4 June 2024, at around 2:30 pm Sanaa time, Houthi forces fired at least 1 anti-ship ballistic missile in the South Red Sea that was likely targeting the Roza bulk carrier (IMO: 9426051). There were no fatalities or injuries as the missile likely impacted the water. Houthi forces claimed a drone and missile attack targeting the Roza and the Vantage Dream bulk carriers in the South Red Sea on 5 June claiming affiliation with companies in violation of the Houthi ban to call at Israeli ports without specifying the date of the attacks while CENTCOM reported 2 Houthi anti-ship ballistic missiles in the Red Sea on 4 June in what were likely the same events.",0,False,False
YEM88738,2024-06-04,Explosions/Remote violence,Shelling/artillery/missile attack,Military Forces of Yemen (2017-) Houthi,nan,South Red Sea,16.138,41.407,"On 4 June 2024, at around 2:30 pm Sanaa time, Houthi forces fired at least 1 anti-ship ballistic missile in the South Red Sea that was likely targeting the Vantage Dream bulk carrier (IMO: 9616606). There were no fatalities or injuries as the missile likely impacted the water. Houthi forces claimed a drone and missile attack targeting the Roza and the Vantage Dream bulk carriers in the South Red Sea on 5 June claiming affiliation with companies in violation of the Houthi ban to call at Israeli ports without specifying the date of the attacks while CENTCOM reported 2 Houthi anti-ship ballistic missiles in the Red Sea on 4 June in what were likely the same events.",0,False,False
YEM88739,2024-06-06,Strategic developments,Disrupted weapons use,Military Forces of Italy (2022-),Military Forces of Yemen (2017-) Houthi,South Red Sea,16.138,41.407,"Interception: On 6 June 2024, at around 2:40 pm Sanaa time, Italian Navy frigate Virginio Fasan intercepted 1 Houthi drone in the South Red Sea that was likely targeting the Elbella container ship (IMO: 9312640). Houthi forces claimed a drone/ballistic missile/anti-ship missile attack targeting the Elbella in the South Red Sea claiming affiliation with companies in violation of the Houthi ban to call at Israeli ports while EUNAVFOR reported the interception of 1 Houthi drone in what was likely the same event. Houthi forces targeted the ship possibly because of its affiliation with Greece-based company Eastern Mediterranean Maritime, which had other ships affiliated to it dock at Israeli ports in early May. The interception took place as the Virginio Fasan was providing protection to a commercial ship.",0,False,False
YEM88717,2024-06-06,Strategic developments,Disrupted weapons use,Military Forces of the United States (2021-2025),Military Forces of Yemen (2017-) Houthi,South Red Sea,16.138,41.407,"Interception: On 6 June 2024, in the early morning, US forces (whether warships or aircrafts unspecified) intercepted at least 1 suspected Houthi drone over the South Red Sea. The interception took place as Houthi forces claimed a joint operation with the Islamic Resistance in Iraq targeting two commercial ships with drones near the port of Haifa in the Mediterranean Sea (names of ships undisclosed) claiming that they were carrying military equipment to Haifa. A total of 8 drones were intercepted by US forces over the Red Sea that day as Houthi forces claimed two separate drone operations targeting ships near Haifa (coded as two separate events).",0,False,False
YEM88718,2024-06-06,Strategic developments,Disrupted weapons use,Military Forces of the United States (2021-2025),Military Forces of Yemen (2017-) Houthi,South Red Sea,16.138,41.407,"Interception: On 6 June 2024, in the early morning, US forces (whether warships or aircrafts unspecified) intercepted at least 1 suspected Houthi drone over the South Red Sea. The interception took place as Houthi forces claimed a joint operation with the Islamic Resistance in Iraq targeting a commercial ship with drones near the port of Haifa in the Mediterranean Sea (name of ship undisclosed) claiming affiliation with companies in violation of the Houthi ban to call at Israeli ports. A total of 8 drones were intercepted by US forces over the Red Sea that day as Houthi forces claimed two separate drone operations targeting ships near Haifa (coded as two separate events).",0,False,False
YEM88740,2024-06-06,Strategic developments,Disrupted weapons use,Military Forces of the United States (2021-2025),Military Forces of Yemen (2017-) Houthi,South Red Sea,16.138,41.407,"Interception: On 6 June 2024, at an unspecified time, US forces (whether warships or aircrafts unspecified) intercepted and destroyed 2 suspected Houthi drone boats in the South Red Sea. Potential targets were unidentified/not reported. Houthi forces did not claim the attack.",0,False,False
YEM88741,2024-06-07,Explosions/Remote violence,Shelling/artillery/missile attack,Military Forces of Yemen (2017-) Houthi,nan,South Red Sea,16.138,41.407,"On 7 June 2024, at an unspecified time, suspected Houthi forces fired 4 anti-ship ballistic missiles in the South Red Sea. There were no fatalities or injuries as the missile likely impacted the water. Potential targets were unidentified/not reported. Houthi forces did not claim the attack.",0,False,False
YEM88742,2024-06-10,Explosions/Remote violence,Shelling/artillery/missile attack,Military Forces of Yemen (2017-) Houthi,Military Forces of the United Kingdom (2010-2024),South Red Sea,16.138,41.407,"Around 9 June 2024 (as reported), Houthi forces claimed a missile attack targeting UK Navy destroyer HMS Diamond in the South Red Sea. There were no fatalities or injuries as the missiles likely impacted the water before reaching the intended target. The attack was not confirmed by other sources with the UK defense ministry denying that the destroyer was hit.",0,False,False
YEM88743,2024-06-12,Explosions/Remote violence,Shelling/artillery/missile attack,Military Forces of Yemen (2017-) Houthi,nan,South Red Sea,16.138,41.407,"On 12 June 2024, at an unspecified time, suspected Houthi forces fired 2 anti-ship ballistic missiles in the South Red Sea. There were no fatalities or injuries as the missile likely impacted the water. Potential targets were unidentified/not reported. Houthi forces did not claim the attack.",0,False,False
YEM88744,2024-06-12,Explosions/Remote violence,Remote explosive/landmine/IED,Military Forces of Yemen (2017-) Houthi,Civilians (International),South Red Sea,16.138,41.407,"On 12 June 2024, around 10:15 am Sanaa time, Houthi forces launched 1 drone boat targeting the Tutor bulk carrier (IMO: 9942627) in the South Red Sea around 66 nm southwest of Al Hudaydah claiming affiliation with companies in violation of the Houthi ban to call at Israeli ports. The strike killed 1 crew member as the drone boat struck the engine room causing severe flooding and damage. The ship was also targeted a second time by 4 Houthi missiles, including at least 1 that struck the ship, causing further damage to the engine room. The crew was rescued and evacuated on 14 June as the attack disabled the ship, which ultimately sank on 18 June after Houthi forces planted and detonated several bombs on its stern (coded as a separate event). This was the second ship sunk by Houthi forces since they started their attacks on commercial shipping in late 2023 and the first successful using a drone boat. The ship was carrying a coal cargo from Russia to India.",1,False,False
YEM88745,2024-06-12,Strategic developments,Disrupted weapons use,Military Forces of the United States (2021-2025),Military Forces of Yemen (2017-) Houthi,South Red Sea,16.138,41.407,"Interception: On 12 June 2024, at an unspecified time, US forces (whether warships or aircrafts unspecified) intercepted 1 Houthi drone over the South Red Sea that was likely targeting Haifa in Israel. Houthi forces claimed a drone attack targeting a 'vital target' in Haifa while CENTCOM reported the interception of 1 Houthi drone in what was likely the same event.",0,False,False
YEM88746,2024-06-13,Explosions/Remote violence,Shelling/artillery/missile attack,Military Forces of Yemen (2017-) Houthi,nan,South Red Sea,16.138,41.407,"On 13 June 2024, around 2:30 pm Sanaa time, Houthi forces fired at least 2 anti-ship ballistic missiles targeting the Seaguardian bulk carrier (IMO: 9174268) in the South Red Sea around 82 nm northwest of Al Hudaydah claiming affiliation with companies in violation of the Houthi ban to call at Israeli ports. There were no fatalities or injuries as 1 of the missiles exploded in close proximity of the ship and the other one likely further away. Houthi forces targeted the ship possibly because of its affiliation with Greece-based company Eastern Mediterranean Maritime, which had other ships affiliated to it dock at Israeli ports in early May.",0,False,False
YEM88747,2024-06-13,Strategic developments,Disrupted weapons use,Military Forces of the United States (2021-2025),Military Forces of Yemen (2017-) Houthi,South Red Sea,16.138,41.407,"Interception: On 13 June 2024, in the afternoon, US forces (whether warships or aircrafts unspecified) intercepted 1 Houthi drone in the South Red Sea that was likely targeting the Athina commercial ship (identity of the ship unclear). Houthi forces claimed a ballistic missile and drone attack targeting the Athina in the South Red Sea claiming affiliation with companies in violation of the Houthi ban to call at Israeli ports while CENTCOM reported the interception of 1 Houthi drone in what was likely the same event.",0,False,False
YEM88748,2024-06-13,Strategic developments,Disrupted weapons use,Military Forces of the United States (2021-2025),Military Forces of Yemen (2017-) Houthi,South Red Sea,16.138,41.407,"Interception: On 13 June 2024, at an unspecified time, US forces (whether warships or aircrafts unspecified) intercepted and destroyed 1 Houthi drone boat in the South Red Sea. Potential targets were unidentified/not reported. Houthi forces did not claim the attack.",0,False,False
YEM88749,2024-06-14,Strategic developments,Disrupted weapons use,Military Forces of the United States (2021-2025),Military Forces of Yemen (2017-) Houthi,South Red Sea,16.138,41.407,"Interception: On 14 June 2024, at an unspecified time, US forces (whether warships or aircrafts unspecified) intercepted and destroyed 2 Houthi drone boats in the South Red Sea. Potential targets were unidentified/not reported. Houthi forces did not claim the attack.",0,False,False
YEM88750,2024-06-14,Strategic developments,Disrupted weapons use,Military Forces of the United States (2021-2025),Military Forces of Yemen (2017-) Houthi,South Red Sea,16.138,41.407,"Interception: On 14 June 2024, at an unspecified time, US forces (whether warships or aircrafts unspecified) intercepted 1 suspected Houthi drone over the South Red Sea. Potential targets were unidentified/not reported. Houthi forces did not claim the attack.",0,False,False
YEM88051,2024-06-17,Explosions/Remote violence,Remote explosive/landmine/IED,Military Forces of Yemen (2017-) Houthi,nan,South Red Sea,16.138,41.407,"Around 16 June 2024 (between 14 - 18 June), Houthi forces planted and detonated several bombs on the stern of the Tutor bulk carrier (IMO: 9942627) after boarding the uncrewed ship in the South Red Sea around 69 nm west of Al Hudaydah. Houthi forces had previously targeted the Tutor on 12 June with a drone boat, resulting in significant damage, claiming affiliation with companies in violation of the Houthi ban to call at Israeli ports (coded as a separate event). The exact date of the Houthi booby-trapping is unclear, although the ship was abandoned by its crew on 14 June and sank overnight from 17 to 18 June.",0,False,False
YEM88050,2024-06-17,Explosions/Remote violence,Shelling/artillery/missile attack,Military Forces of Yemen (2017-) Houthi,Military Forces of the United States (2021-2025),South Red Sea,16.138,41.407,"Around 16 June 2024 (as reported), Houthi forces claimed a ballistic missile attack targeting a US Navy destroyer (name undisclosed) in the South Red Sea. There were no fatalities or injuries as the missiles likely impacted the water before reaching the intended target. The attack was not confirmed by other sources.",0,False,False
YEM88059,2024-06-17,Strategic developments,Disrupted weapons use,Military Forces of the United States (2021-2025),Military Forces of Yemen (2017-) Houthi,South Red Sea,16.138,41.407,"Interception: On 17 June 2024, at an unspecified time, US forces (whether warships or aircrafts unspecified) intercepted 1 Houthi drone over the South Red Sea. Potential targets were unidentified/not reported. Houthi forces did not claim the attack.",0,False,False
YEM88071,2024-06-19,Strategic developments,Disrupted weapons use,Military Forces of the United States (2021-2025),Military Forces of Yemen (2017-) Houthi,South Red Sea,16.138,41.407,"Interception: On 19 June 2024, at an unspecified time, US forces (whether warships or aircrafts unspecified) intercepted and destroyed 2 Houthi drone boats in the South Red Sea. Potential targets were unidentified/not reported. Houthi forces did not claim the attack.",0,False,False
YEM88076,2024-06-20,Strategic developments,Disrupted weapons use,Military Forces of the United States (2021-2025),Military Forces of Yemen (2017-) Houthi,South Red Sea,16.138,41.407,"Interception: On 20 June 2024, at an unspecified time, US forces (whether warships or aircrafts unspecified) intercepted and destroyed 4 Houthi drone boats in the South Red Sea. Potential targets were unidentified/not reported. Houthi forces did not claim the attack.",0,False,False
YEM88077,2024-06-20,Strategic developments,Disrupted weapons use,Military Forces of the United States (2021-2025),Military Forces of Yemen (2017-) Houthi,South Red Sea,16.138,41.407,"Interception: On 20 June 2024, at an unspecified time, US forces (whether warships or aircrafts unspecified) intercepted 2 Houthi drones over the South Red Sea. Potential targets were unidentified/not reported. Houthi forces did not claim the attack.",0,False,False
YEM88771,2024-06-24,Strategic developments,Disrupted weapons use,Military Forces of the United States (2021-2025),Military Forces of Yemen (2017-) Houthi,South Red Sea,16.138,41.407,"Interception: On 22 June 2024, at an unspecified time, US forces (whether warships or aircrafts unspecified) intercepted and destroyed 3 Houthi drone boats in the South Red Sea. Potential targets were unidentified/not reported. Houthi forces did not claim the attack.",0,False,False
YEM88787,2024-06-24,Explosions/Remote violence,Remote explosive/landmine/IED,Military Forces of Yemen (2017-) Houthi,Civilians (International),South Red Sea,16.138,41.407,"On 23 June 2024, 4:00 am and 6:00 am Sanaa time, Houthi forces launched 1 drone boat targeting the Transworld Navigator bulk carrier (IMO: 9469924) in the South Red Sea around 65 nm south of Al Hudaydah claiming affiliation with companies in violation of the Houthi ban to call at Israeli ports. There were minor injuries among the crew as the drone boat struck the ship and caused moderate damage. CENTCOM noted that this was the fourth attack by Houthi forces on the Transworld Navigator although it did not report the previous three attacks. CENTCOM reported that the attack was carried out by a suspected drone while Houthi forces claimed to have used a drone boat and shared video footage of the attack, at the same time unveiling a new model of their Tufan drone boat, which they claim can carry a warhead weighing up to 1,500 kg.",0,False,False
YEM88819,2024-06-27,Strategic developments,Disrupted weapons use,Military Forces of the United States (2021-2025),Military Forces of Yemen (2017-) Houthi,South Red Sea,16.138,41.407,"Interception: On 27 June 2024, at an unspecified time, US forces (whether warships or aircrafts unspecified) intercepted 1 Houthi drone launched into the South Red Sea that was likely targeting the Seajoy bulk carrier (IMO: 9213820). Houthi forces claimed a drone boat, missile, and drone attack targeting the Seajoy in the South Red Sea claiming affiliation with companies in violation of the Houthi ban to call at Israeli ports while CENTCOM reported the interception of 1 Houthi drone in what was likely the same event.",0,False,False
YEM88820,2024-06-27,Explosions/Remote violence,Remote explosive/landmine/IED,Military Forces of Yemen (2017-) Houthi,Civilians (International),South Red Sea,16.138,41.407,"On 27 June 2024, at around 9:45 am Sanaa time, Houthi forces launched 1 drone boat targeting the Seajoy bulk carrier (IMO: 9213820) in the South Red Sea around 83 nm southwest of Al Hudaydah claiming affiliation with companies in violation of the Houthi ban to call at Israeli ports. There were no fatalities or injuries although minor damage was reported. It's unclear if the drone boat successfully struck the ship or exploded before reaching its intended target. Houthi forces claimed to have targeted the ship with a drone boat, missiles, and drones. A missile attack was recorded later in the day (coded as a separate event).",0,False,False
YEM89146,2024-06-27,Explosions/Remote violence,Shelling/artillery/missile attack,Military Forces of Yemen (2017-) Houthi,nan,South Red Sea,16.138,41.407,"On 27 June 2024, at around 11:15 am Sanaa time, Houthi forces fired 1 anti-ship ballistic missile targeting the Seajoy bulk carrier (IMO: 9213820) in the South Red Sea around 83 nm southwest of Al Hudaydah claiming affiliation with companies in violation of the Houthi ban to call at Israeli ports. There were no fatalities or injuries as the missile impacted the water in the vicinity of the ship. Houthi forces claimed to have targeted the ship with a drone boat, missiles, and drones. A drone boat attack was recorded earlier in the day (coded as a separate event).",0,False,False
YEM88913,2024-06-28,Explosions/Remote violence,Remote explosive/landmine/IED,Military Forces of Yemen (2017-) Houthi,nan,South Red Sea,16.138,41.407,"Around 28 June 2024 (as reported), Houthi forces claimed a drone boat attack targeting the Ioannis bulk carrier (IMO: 9760158) in the South Red Sea claiming affiliation with companies in violation of the Houthi ban to call at Israeli ports. There were no fatalities or injuries as the Houthi attack likely failed before reaching the intended target. The attack was not confirmed by other sources. The Ioannis was sailing through the Red Sea northbound at the time of the attack and reactivated its AIS at the northern end of the Red Sea on 30 June.",0,False,False
YEM88912,2024-06-28,Explosions/Remote violence,Shelling/artillery/missile attack,Military Forces of Yemen (2017-) Houthi,nan,South Red Sea,16.138,41.407,"On 28 June 2024, between 9:20 am and 11:10 am Sanaa time, Houthi forces fired 5 missiles including anti-ship missiles targeting the Delonix chemical/oil products tanker (IMO: 9298387) in the South Red Sea around 113 nm northwest of Al Hudaydah claiming US affiliation of the ship. There were no fatalities or injuries as the missile all impacted the water in close proximity of the ship including 3 that impacted around 200 m from the ship at 9:25 am. The other 2 missiles were fired at 10:45 am and 11:10 am. The US affiliation of the ship was not verified.",0,True,False
YEM88970,2024-06-28,Explosions/Remote violence,Shelling/artillery/missile attack,Military Forces of Yemen (2017-) Houthi,nan,South Red Sea,16.138,41.407,"On 28 June 2024, Houthi forces claimed a cruise and ballistic missile attack targeting the Delonix chemical/oil products tanker (IMO: 9298387) in the South Red Sea claiming US affiliation of the ship. There were no fatalities or injuries as the missiles likely impacted the water before reaching the intended target. The attack was not confirmed by other sources. The US affiliation of the ship was not verified. The Delonix crossed the Suez Canal southbound on 24 June and was targeted a first time by Houthi forces on 28 June around 150 nm northwest of Al Hudaydah.",0,True,False
YEM88958,2024-07-01,Strategic developments,Disrupted weapons use,Military Forces of the United States (2021-2025),Military Forces of Yemen (2017-) Houthi,South Red Sea,16.138,41.407,"Interception: On 30 June 2024, at an unspecified time, US forces (whether warships or aircrafts unspecified) intercepted 3 Houthi drone boats in the South Red Sea. Potential targets were unidentified/not reported. Houthi forces did not claim the attack. This took place as the Summer Lady bulk carrier (IMO: 9184938) reported being approached by a total of 12 small crafts (a mixture of fast boats and kayak-type boats), including a number of drone boats in the Strait of Bab el Mandeb, but it was unclear if the two incidents were linked. The 12 crafts approached the bulk carrier one hour before leaving the area around 13 nm southeast of Al Mukha at around 7:00 am Sanaa time.",0,False,False
YEM88995,2024-07-03,Strategic developments,Disrupted weapons use,Military Forces of the United States (2021-2025),Military Forces of Yemen (2017-) Houthi,South Red Sea,16.138,41.407,"Interception: On 3 July 2024, at an unspecified time, US forces (whether warships or aircrafts unspecified) intercepted 2 Houthi drone boats in the South Red Sea. Potential targets were unidentified/not reported. Houthi forces did not claim the attack.",0,False,False
YEM89002,2024-07-04,Strategic developments,Disrupted weapons use,Military Forces of the United States (2021-2025),Military Forces of Yemen (2017-) Houthi,South Red Sea,16.138,41.407,"Interception: On 4 July 2024, at an unspecified time, US forces (whether warships or aircrafts unspecified) intercepted 2 Houthi drone boats in the South Red Sea. Potential targets were unidentified/not reported. Houthi forces did not claim the attack.",0,False,False
YEM89344,2024-07-10,Strategic developments,Disrupted weapons use,Military Forces of the United States (2021-2025),Military Forces of Yemen (2017-) Houthi,South Red Sea,16.138,41.407,"Interception: On 10 July 2024, at an unspecified time, US forces (whether warships or aircrafts unspecified) intercepted 1 Houthi drone boat in the South Red Sea. Potential targets were unidentified/not reported. Houthi forces did not claim the attack.",0,False,False
YEM89345,2024-07-10,Strategic developments,Disrupted weapons use,Military Forces of the United States (2021-2025),Military Forces of Yemen (2017-) Houthi,South Red Sea,16.138,41.407,"Interception: On 10 July 2024, at an unspecified time, US forces (whether warships or aircrafts unspecified) intercepted 2 Houthi drones over the South Red Sea. Potential targets were unidentified/not reported. Houthi forces did not claim the attack.",0,False,False
YEM89368,2024-07-11,Strategic developments,Disrupted weapons use,Military Forces of the United States (2021-2025),Military Forces of Yemen (2017-) Houthi,South Red Sea,16.138,41.407,"Interception: On 11 July 2024, at an unspecified time, US forces (whether warships or aircrafts unspecified) intercepted 2 Houthi drones over the South Red Sea. Potential targets were unidentified/not reported. Houthi forces did not claim the attack.",0,False,False
YEM89369,2024-07-11,Strategic developments,Disrupted weapons use,Military Forces of the United States (2021-2025),Military Forces of Yemen (2017-) Houthi,South Red Sea,16.138,41.407,"Interception: On 11 July 2024, at an unspecified time, US forces (whether warships or aircrafts unspecified) intercepted 5 Houthi drone boats in the South Red Sea. Potential targets were unidentified/not reported. Houthi forces did not claim the attack.",0,False,False
YEM89561,2024-07-12,Explosions/Remote violence,Air/drone strike,Military Forces of Yemen (2017-) Houthi,nan,South Red Sea,16.138,41.407,"Around 12 July 2024 (as reported), Houthi forces claimed a drone, ballistic missile, and anti-ship missile attack targeting the Chrysalis crude oil tanker (IMO: 9437684) in the South Red Sea and then in the Strait of Bab el Mandeb (coded to South Red Sea) claiming affiliation with companies in violation of the Houthi ban to call at Israeli ports. There were no fatalities or injuries as the drone likely impacted the water before reaching the intended target. The attack was not confirmed by other sources. The Chrysalis had passed through the Suez Canal from the Mediterranean Sea on 7 July heading to India.",0,True,False
YEM89613,2024-07-15,Explosions/Remote violence,Shelling/artillery/missile attack,Military Forces of Yemen (2017-) Houthi,nan,South Red Sea,16.138,41.407,"On 13 July 2024, at around 8:30 am Sanaa time, suspected Houthi forces fired 2 missiles at a commercial ship (name undisclosed) in the South Red Sea. There were no fatalities or injuries as the missiles impacted the water. Houthi forces did not claim the attack.",0,False,False
YEM89639,2024-07-15,Strategic developments,Disrupted weapons use,Military Forces of the United States (2021-2025),Military Forces of Yemen (2017-) Houthi,South Red Sea,16.138,41.407,"Interception: On 14 July 2024, at an unspecified time, US forces (whether warships or aircrafts unspecified) intercepted 1 Houthi drone boat in the South Red Sea. Potential targets were unidentified/not reported. Houthi forces did not claim the attack.",0,False,False
YEM89638,2024-07-15,Strategic developments,Disrupted weapons use,Military Forces of the United States (2021-2025),Military Forces of Yemen (2017-) Houthi,South Red Sea,16.138,41.407,"Interception: On 14 July 2024, at around 3:00 am Sanaa time, US forces (whether warships or aircrafts unspecified) intercepted 2 Houthi drones over the South Red Sea that were likely targeting a commercial ship (name undisclosed). MSCHOA reported that 2 drones targeted a commercial ship in the South Red Sea while CENTCOM reported the interception of 2 drones in what was likely the same event. Houthi forces did not claim the attack.",0,False,False
YEM89654,2024-07-15,Strategic developments,Disrupted weapons use,Military Forces of the United States (2021-2025),Military Forces of Yemen (2017-) Houthi,South Red Sea,16.138,41.407,"Interception: On 15 July 2024, at an unspecified time, US forces (whether warships or aircrafts unspecified) intercepted 3 Houthi drones over the South Red Sea that were likely targeting the Olvia chemical/oil products tanker (IMO: 9523469). Houthi forces claimed a drone and/or missile attack targeting the Olvia in the Mediterranean Sea in a joint operation with the Islamic Resistance in Iraq while CENTCOM reported the interception of 3 Houthi drones in what was likely the same event. The Olvia was sailing between Haifa and Ashdod in Israel.",0,True,False
YEM89655,2024-07-15,Battles,Armed clash,Military Forces of Yemen (2017-) Houthi,Private Security Forces (International),South Red Sea,16.138,41.407,"On 15 July 2024, at around 8:30 am Sanaa time, Houthi forces on two small crafts exchanged fire with the armed security team of the Bentley I oil products tanker (IMO: 9253129) in the South Red Sea around 70 nm southwest of Al Hudaydah. There were no fatalities or injuries. Houthi forces also attempted to strike the Bentley I with a drone boat during the attack. The drone boat collided with the ship twice but failed to detonate, leading Houthi forces to abort the attack after 15 minutes. Houthi forces fired missiles at the ship later in the day following this initial attack (coded as a separate event) and claimed a drone, ballistic missile, and drone boat attack targeting the ship claiming affiliation with companies in violation of the Houthi ban to call at Israeli ports. The Bentley I was owned by an Israel-registered company and carrying vegetable oil from Russia to China.",0,True,False
YEM89656,2024-07-15,Explosions/Remote violence,Shelling/artillery/missile attack,Military Forces of Yemen (2017-) Houthi,nan,South Red Sea,16.138,41.407,"On 15 July 2024, between 12:00 pm and 6:30 pm Sanaa time, Houthi forces fired 4 anti-ship ballistic missiles targeting the Bentley I oil products tanker (IMO: 9253129) in the South Red Sea around 70 nm southwest of Al Hudaydah claiming affiliation with companies in violation of the Houthi ban to call at Israeli ports. There were no fatalities or injuries as the missiles impacted the water in close proximity to the ship with the closest ones landing around 10-15 m from the ship. Houthi forces had attacked the ship earlier in the day exchanging fire with the armed security team on board the ship. The Bentley I was owned by an Israel-registered company and carrying vegetable oil from Russia to China.",0,True,False
YEM89657,2024-07-15,Explosions/Remote violence,Remote explosive/landmine/IED,Military Forces of Yemen (2017-) Houthi,Civilians (International),South Red Sea,16.138,41.407,"On 15 July 2024, at around 3:00 pm Sanaa time, Houthi forces launched 1 drone boat targeting the Chios Lion crude oil tanker (IMO: 9398280) in the South Red Sea around 97 nm northwest of Al Hudaydah claiming affiliation with companies in violation of the Houthi ban to call at Israeli ports. There were no fatalities or injuries although the drone boat struck the ship on its port side causing minor damage. The Chios Lion was sailing southbound when it was struck and turned around to sail north out of the threat area following the attack.",0,True,False
YEM89948,2024-07-22,Explosions/Remote violence,Air/drone strike,Military Forces of Yemen (2017-) Houthi,Civilians (International),South Red Sea,16.138,41.407,"On 20 July 2024, between 6:50 am and 11:05 am Sanaa time, Houthi forces launched at least 1 drone, 1 drone boat, and 3 missiles targeting the Pumba container ship (IMO: 9302566) in the South Red Sea around 64 nm northwest of Al Mukha claiming US affiliation of the ship. There were no fatalities or injuries although the drone caused minor damage to containers on deck and started a small fire after it exploded 5-10 m from the ship. One of the other weapons (unclear which one) also caused a hole in the stern of the ship. The drone boat exploded 30 m from the ship following defensive fire from the armed security team onboard, while the missiles exploded at distances of 5 m, 30-50 m, and 100 m from the ship. Houthi forces claimed a joint drone and ballistic missile attack targeting the Pumba. The US affiliation of the ship was not verified.",0,False,False
YEM89974,2024-07-22,Strategic developments,Disrupted weapons use,Military Forces of the United States (2021-2025),Military Forces of Yemen (2017-) Houthi,South Red Sea,16.138,41.407,"Interception: On 20 July 2024, at an unspecified time, US forces (whether warships or aircrafts unspecified) intercepted 1 Houthi drone over the South Red Sea that was likely targeting the Pumba container ship (IMO: 9302566). Houthi forces claimed a drone and ballistic missile attack targeting the Pumba container ship in the South Red Sea claiming US affiliation of the ship while CENTCOM reported the interception of 1 Houthi drone in what was likely the same event. The US affiliation of the ship was not verified.",0,False,False
YEM89995,2024-07-22,Strategic developments,Disrupted weapons use,Military Forces of the United States (2021-2025),Military Forces of Yemen (2017-) Houthi,South Red Sea,16.138,41.407,"Interception: On 21 July 2024, at an unspecified time, US forces (whether warships or aircrafts unspecified) intercepted 4 Houthi drone boats in the South Red Sea. Potential targets were unidentified/not reported. Houthi forces did not claim the attack.",0,False,False
YEM90263,2024-07-30,Strategic developments,Disrupted weapons use,Military Forces of the United States (2021-2025),Military Forces of Yemen (2017-) Houthi,South Red Sea,16.138,41.407,"Interception: On 30 July 2024, at an unspecified time, US forces (whether warships or aircrafts unspecified) intercepted 3 Houthi drone boats in the South Red Sea. Potential targets were unidentified/not reported. Houthi forces did not claim the attack.",0,False,False
YEM90612,2024-08-05,Strategic developments,Disrupted weapons use,Military Forces of the United States (2021-2025),Military Forces of Yemen (2017-) Houthi,South Red Sea,16.138,41.407,"Interception: On 5 August 2024, at an unspecified time, US forces (whether warships or aircrafts unspecified) intercepted 1 Houthi drone boat, 1 Houthi drone, and 1 Houthi anti-ship ballistic missile over the South Red Sea. Potential targets were unidentified/not reported. Houthi forces did not claim the attack.",0,False,False
YEM90627,2024-08-06,Strategic developments,Disrupted weapons use,Military Forces of the United States (2021-2025),Military Forces of Yemen (2017-) Houthi,South Red Sea,16.138,41.407,"Interception: On 6 August 2024, at an unspecified time, US forces (whether warships or aircrafts unspecified) intercepted 1 Houthi drone and 2 Houthi anti-ship ballistic missiles over the South Red Sea that were likely targeting the Contship Ono container ship (IMO: 9324978). Houthi forces claimed a drone and ballistic missile attack targeting the Contship Ono in the South Red Sea on 7 August, claiming affiliation with companies in violation of the Houthi ban to call at Israeli ports, while CENTCOM reported the interception of 1 Houthi drone and 2 Houthi missiles in what was likely the same event. The Contship Ono was sailing to Jeddah in Saudi Arabia, where it arrived on the afternoon of 8 August.",0,False,False
YEM90656,2024-08-08,Strategic developments,Disrupted weapons use,Military Forces of the United States (2021-2025),Military Forces of Yemen (2017-) Houthi,South Red Sea,16.138,41.407,"Interception: On 8 August 2024, at an unspecified time, US forces (whether warships or aircrafts unspecified) intercepted 1 Houthi drone boat in the South Red Sea. Potential targets were unidentified/not reported. Houthi forces did not claim the attack.",0,False,False
YEM90826,2024-08-09,Strategic developments,Disrupted weapons use,Private Security Forces (International),Military Forces of Yemen (2017-) Houthi,South Red Sea,16.138,41.407,"Interception: On 9 August 2024, around 6:40 am Sanaa time, suspected Houthi forces launched 1 drone boat targeting the Delta Blue crude oil tanker (IMO: 9601235) in the South Red Sea around 60 nm northwest of Al Hudaydah. The armed security team aboard the Delta Blue opened fire on the drone boat and destroyed it around 1 nm from the ship. There were no fatalities or injuries. The ship was targeted on the previous day as well as several other times that day (coded as separate events). Houthi forces did not claim the attack.",0,True,False
YEM90827,2024-08-09,Explosions/Remote violence,Shelling/artillery/missile attack,Military Forces of Yemen (2017-) Houthi,nan,South Red Sea,16.138,41.407,"On 9 August 2024, around 9:00 am Sanaa time, suspected Houthi forces fired at least 1 missile targeting the Delta Blue crude oil tanker (IMO: 9601235) in the South Red Sea around 80 nm northwest of Al Hudaydah. There were no fatalities or injuries as 1 missile splashed in the water 30-40 m from the ship. The ship was targeted on the previous day as well as several other times that day (coded as separate events). Houthi forces did not claim the attack.",0,True,False
YEM90824,2024-08-09,Strategic developments,Disrupted weapons use,Military Forces of the United States (2021-2025),Military Forces of Yemen (2017-) Houthi,South Red Sea,16.138,41.407,"Interception: On 9 August 2024, at an unspecified time, US forces (whether warships or aircrafts unspecified) intercepted 2 Houthi drones over the South Red Sea. Potential targets were unidentified/not reported. Houthi forces did not claim the attack.",0,False,False
YEM90825,2024-08-09,Explosions/Remote violence,Shelling/artillery/missile attack,Military Forces of Yemen (2017-) Houthi,Civilians (International),South Red Sea,16.138,41.407,"On 9 August 2024, around 1:45 am Sanaa time, suspected Houthi forces fired at least 1 missile targeting the Delta Blue crude oil tanker (IMO: 9601235) in the South Red Sea around 60 nm northwest of Al Mukha. There were no fatalities or injuries, although 1 missile caused minor damage as it splashed 50 m from the ship. The ship was targeted on the previous day as well as several other times that day (coded as separate events). Houthi forces did not claim the attack.",0,True,False
YEM90840,2024-08-13,Explosions/Remote violence,Remote explosive/landmine/IED,Military Forces of Yemen (2017-) Houthi,nan,South Red Sea,16.138,41.407,"On 13 August 2024, around 1:45 am Sanaa time, suspected Houthi forces detonated 2 sea mines targeting the Delta Atlantica crude oil tank (IMO: 9419101) in the South Red Sea around 63 nm west-southwest of Al Hudaydah. There were no fatalities or injuries as the seamines exploded around 555 m from the ship. UKMTO reported two unidentified explosions near the ship while another source claimed that the explosions were the result of sea mines prematurely detonating while they had been laid out on the ship's route. The explosions followed a suspicious approach and flashing lights toward the ship by a skiff. The ship was targeted several other times that day (coded as separate events). Houthi forces did not claim the attack.",0,False,False
YEM90841,2024-08-13,Explosions/Remote violence,Shelling/artillery/missile attack,Military Forces of Yemen (2017-) Houthi,nan,South Red Sea,16.138,41.407,"On 13 August 2024, around 6:15 am Sanaa time, suspected Houthi forces fired at least 1 drone/missile (coded as missile based on other activity in the Red Sea) targeting the Delta Atlantica crude oil tank (IMO: 9419101) in the South Red Sea around 89 nm west-northwest of Al Hudaydah. There were no fatalities or injuries as the drone/missile exploded in close proximity to the ship. The ship was targeted several other times that day (coded as separate events). Houthi forces did not claim the attack.",0,False,False
YEM90843,2024-08-13,Explosions/Remote violence,Shelling/artillery/missile attack,Military Forces of Yemen (2017-) Houthi,nan,South Red Sea,16.138,41.407,"On 13 August 2024, around 4:00 am Sanaa time, suspected Houthi forces fired missiles targeting the On Phoenix crude oil tanker (IMO: 9893228) in the South Red Sea around 97 nm northwest of Al Hudaydah. There were no fatalities or injuries as the drone/missile exploded around 180-185 m from the ship. The vessel was not hit or damaged, and continued its voyage normally. Houthi forces did not claim the attack.",0,True,False
YEM90844,2024-08-13,Explosions/Remote violence,Air/drone strike,Military Forces of the United States (2021-2025),Military Forces of Yemen (2017-) Houthi,South Red Sea,16.138,41.407,"On 13 August 2024, at an unspecified time, US forces (whether warships or aircrafts unspecified but coded as airstrike based on previous activity) conducted strikes to destroy 2 Houthi boats (type of boats unidentified) in the South Red Sea. Pro-IRG sources claimed that the boats had Houthi soldiers on them and they were all killed in the strikes. On 22 August, the body of 1 Houthi soldier was found on the shore of Al Hudaydah. Casualties coded as at least 1.",1,False,False
YEM90914,2024-08-13,Strategic developments,Disrupted weapons use,Private Security Forces (International),Military Forces of Yemen (2017-) Houthi,South Red Sea,16.138,41.407,"Interception: On 13 August 2024, around 7:05 am Sanaa time, suspected Houthi forces launched 1 drone boat targeting the Delta Atlantica crude oil tank (IMO: 9419101) in the South Red Sea around 99 nm northwest of Al Hudaydah. The armed security team aboard the Delta Atlantica disabled the drone boat with small arms fire after the drone boat collided with the ship and failed to detonate. The ship was targeted several other times that day (coded as separate events). Houthi forces did not claim the attack.",0,False,False
YEM90847,2024-08-16,Strategic developments,Disrupted weapons use,Military Forces of the United States (2021-2025),Military Forces of Yemen (2017-) Houthi,South Red Sea,16.138,41.407,"Interception: On 16 August 2024, at an unspecified time, US forces (whether warships or aircrafts unspecified) intercepted 1 Houthi drone boat in the South Red Sea. Potential targets were unidentified/not reported. Houthi forces did not claim the attack.",0,False,False
YEM91097,2024-08-21,Strategic developments,Disrupted weapons use,Military Forces of France (2017-),Military Forces of Yemen (2017-) Houthi,South Red Sea,16.138,41.407,"Interception: On 21 August 2024, at an unspecified time, the French frigate Chevalier Paul intercepted 1 Houthi drone boat in the South Red Sea, likely targeting the Sounion crude oil tanker. The destroyer was answering a distress call by the 29 crew members of the Sounion after they were forced to abandon ship due to an earlier Houthi attack (coded as a separate event).",0,True,False
YEM91098,2024-08-21,Battles,Armed clash,Military Forces of Yemen (2017-) Houthi,Private Security Forces (International),South Red Sea,16.138,41.407,"On 21 August 2024, At around 6:15 am Sanaa time, Houthi forces exchanged fire via small arms with security forces onboard the Sounion crude oil tanker (IMO: 9312145) in the South Red Sea around 78 nm west of Al Hudaydah. There were no fatalities or injuries. The Houthi forces approached the ship on 2 skiffs, one carrying up to 5 gunmen and the other 12 gunmen. The fire exchange started after the ship's security forces fired warning shots at the skiffs for approaching within 2 km of the ship. The Houthis claimed the company owning the ship was in violation of the Houthi ban to call at Israeli ports. The ship was targeted again later on that day (coded as separate events).",0,True,False
YEM91099,2024-08-21,Explosions/Remote violence,Air/drone strike,Military Forces of Yemen (2017-) Houthi,Civilians (International),South Red Sea,16.138,41.407,"On 21 August 2024, between 7am and 9am Sanaa time, Houthi forces fired 3 drones and missiles targeting the Sounion crude oil tanker (IMO: 9312145) in the South Red Sea around 84 nm northwest of Al Hudaydah, The Houthis claimed the company owning the ship was in violation of the Houthi ban to call at Israeli ports. All projectiles hit the ship, damaging the engine compartment and starting a fire, and slightly injuring a crew member. The ship was abandoned and left anchored in the area. By the following day, UKMTO reported that three different fires were observed on the ship and that it began drifting. The ship was targeted several other times that day (coded as separate events).",0,True,False
YEM91132,2024-08-22,Strategic developments,Disrupted weapons use,Military Forces of the United States (2021-2025),Military Forces of Yemen (2017-) Houthi,South Red Sea,16.138,41.407,"Interception: On 22 August 2024, at an unspecified time, US forces (whether warships or aircrafts unspecified) intercepted 2 Houthi drones over the South Red Sea. Potential targets were unidentified/not reported. Houthi forces did not claim the attack.",0,False,False
YEM91148,2024-08-22,Explosions/Remote violence,Remote explosive/landmine/IED,Military Forces of Yemen (2017-) Houthi,Civilians (International),South Red Sea,16.138,41.407,"On 22 August 2024, around 8:00 pm Sanaa time, Houthi forces launched 1 drone boat targeting the SW North Wind I bulk carrier (IMO: 9514004) in the South Red Sea around 55 nm west of Hudaydah. The Houthis claimed the company owning the ship was in violation of the Houthi ban to call at Israeli ports. The ship reported 1 explosion in close proximity to the ship that caused minor damages. There were no fatalities or injuries, and the ship continued its route. The ship was targeted several times between 21 and 22 August (coded as separate events).",0,False,False
YEM91405,2024-08-23,Explosions/Remote violence,Remote explosive/landmine/IED,Military Forces of Yemen (2017-) Houthi,nan,South Red Sea,16.138,41.407,"On 23 August 2024, at an unspecified time, Houthi forces boarded the abandoned Sounion crude oil tanker (IMO: 9312145), planted explosives in it, and detonated them to destroy the ship's cargo in the South Red Sea. Three explosions were reported on the ship. The ship was abandoned by its crew on 21 August after it was attacked multiple times by Houthi forces, with Houthi forces claiming affiliation with companies in violation of the Houthi ban to call at Israeli ports (coded as separate events). On 15 September 2024, EUNAVFOR ASPIDES started an operation to tow the tanker, successfully towing it to a safe location on 16 September.",0,True,False
YEM91584,2024-09-02,Explosions/Remote violence,Shelling/artillery/missile attack,Military Forces of Yemen (2017-) Houthi,Civilians (International),South Red Sea,16.138,41.407,"On 2 September 2024, between around 4:30 am and 6:45 am Sanaa time, Houthi forces fired 2 to 3 ballistic missiles targeting the Blue Lagoon I crude oil tanker (IMO: 9248447) in the South Red Sea around 79 nm northwest of As Salif claiming affiliation with companies in violation of the Houthi ban to call at Israeli ports. The missiles hit the ship causing minor damage. There were no fatalities or injuries and the ship continued its route.",0,True,False
YEM91586,2024-09-02,Explosions/Remote violence,Air/drone strike,Military Forces of Yemen (2017-) Houthi,Civilians (International),South Red Sea,16.138,41.407,"On 2 September 2024, at around 9:30 am Sanaa time, suspected Houthi forces launched 1 drone targeting the Amjad crude oil tanker (IMO: 9779800) in the South Red Sea around 58 nm west of Al Hudaydah. The drone hit the ship and caused minor damage. There were no fatalities or injuries and the ship continued its route. The Saudi company owning the ship denied that it was intentionally targeted by the Houthis. Houthi forces did not claim the attack.",0,True,False
YEM91747,2024-09-09,Strategic developments,Disrupted weapons use,Military Forces of the United States (2021-2025),Military Forces of Yemen (2017-) Houthi,South Red Sea,16.138,41.407,"Interception: On 9 September 2024, at an unspecified time, US forces (whether warships or aircrafts unspecified) intercepted 1 Houthi drone over the South Red Sea. Potential targets were unidentified/not reported. Houthi forces did not claim the attack.",0,False,False
YEM91907,2024-09-20,Strategic developments,Disrupted weapons use,Military Forces of the United States (2021-2025),Military Forces of Yemen (2017-) Houthi,South Red Sea,16.138,41.407,"Interception: On 20 September 2024, at an unspecified time, US forces (whether warships or aircrafts unspecified) intercepted 1 Houthi drone over the South Red Sea. Potential targets were unidentified/not reported. Houthi forces did not claim the attack.",0,False,False
YEM91992,2024-09-24,Strategic developments,Disrupted weapons use,Military Forces of the United States (2021-2025),Military Forces of Yemen (2017-) Houthi,South Red Sea,16.138,41.407,"Interception: On 24 September 2024, at an unspecified time, US forces (whether warships or aircrafts unspecified) intercepted 1 Houthi drone over the South Red Sea. Potential targets were unidentified/not reported. Houthi forces did not claim the attack.",0,False,False
YEM92024,2024-09-27,Explosions/Remote violence,Air/drone strike,Military Forces of Yemen (2017-) Houthi,Military Forces of the United States (2021-2025),South Red Sea,16.138,41.407,"On 27 September 2024, at an unspecified time, Houthi forces claimed to have fired 23 drones, ballistic missiles, and cruise missiles targeting 3 US warships (names undisclosed) in the South Red Sea. Houthi sources claimed to have targeted the warships because they were headed to support Israeli forces and that the strikes directly hit the warships. The attack was not confirmed by other sources.",0,False,False
YEM92452,2024-10-01,Explosions/Remote violence,Remote explosive/landmine/IED,Military Forces of Yemen (2017-) Houthi,Civilians (International),South Red Sea,16.138,41.407,"On 1 October 2024, at around 8:00 am Sanaa time, Houthi forces fired 1 drone boat targeting the Cordelia Moon crude oil tanker (IMO: 9297888) in the South Red Sea around 64 nm northwest of Al Hudaydah, claiming affiliation with companies in violation of the Houthi ban to call at Israeli ports. The ship's security forces attempted to intercept the drone boat, but they were unsuccessful and it hit the ship, damaging it by puncturing a ballast tank. There were no casualties, and the ship processed to its next port of call. The Houthis claimed to have used 8 ballistic and cruise missiles, drones and drone boats in their attack. The ship was targeted earlier on that day (coded as a separate event).",0,True,False
YEM92451,2024-10-01,Explosions/Remote violence,Shelling/artillery/missile attack,Military Forces of Yemen (2017-) Houthi,nan,South Red Sea,16.138,41.407,"On 1 October 2024, at around between 4:50 and 5:55 am Sanaa time, Houthi forces fired 4 missiles targeting the Cordelia Moon crude oil tanker (IMO: 9297888) in the South Red Sea around 64 nm northwest of Al Hudaydah, claiming affiliation with companies in violation of the Houthi ban to call at Israeli ports. The missiles failed to hit the ship and splashed in the water close to it, with the last missile hitting around 100 m from the ship. There were no casualties or damages. The Houthis claimed to have used 8 ballistic and cruise missiles, drones and drone boats in their attack. The ship was targeted again later on that day (coded as a separate event).",0,True,False
YEM92453,2024-10-01,Explosions/Remote violence,Shelling/artillery/missile attack,Military Forces of Yemen (2017-) Houthi,Civilians (International),South Red Sea,16.138,41.407,"On 1 October 2024, at around 7:15 am Sanaa time, suspected Houthi forces fired 1 missile targeting the Minoan Courage bulk carrier (IMO: 9288526) in the South Red Sea around 97 nm northwest of Al Hudaydah. The missile hit the ship, damaging its engine, and causing a fire, but causing no casualties among crew. The ship was stationary at the time of the attack. According to JMIC, the attack was likely unintentional, as the Houthis were targeting the Cordelia Moon crude oil tanker nearby (coded as a separate event). The Houthis did not claim the attack.",0,True,False
YEM92730,2024-10-10,Explosions/Remote violence,Air/drone strike,Military Forces of Yemen (2017-) Houthi,Civilians (International),South Red Sea,16.138,41.407,"On 10 October 2024, at around 3:10 am Sanaa time, Houthi forces fired 1 projectile (likely a drone according to Maritime intelligence firm Diaplous) targeting the Olympic Spirit chemical/oil products tanker (IMO: 9327097) in the South Red Sea around 70 nm southwest of Al Hudaydah, claiming US affiliation of the ship. The projectile hit the ship's bridge, causing minor damage, but no casualties. Houthi forces claimed to have used 11 ballistic missiles and 2 drones in their attack against the Olympic Spirit. The ship was targeted twice more on that day (coded as separate events). The US affiliation of the ship was not verified. According to TradeWinds, the ship was managed by the Greece-based Dynamic Shipmanagement at the time of the attack, although it used to be managed by the US-based Oaktree Capital Management and is still registered under the latter in at least one shipping database.",0,True,False
YEM92731,2024-10-10,Explosions/Remote violence,Shelling/artillery/missile attack,Military Forces of Yemen (2017-) Houthi,nan,South Red Sea,16.138,41.407,"On 10 October 2024, at around 6:30 am Sanaa time, Houthi forces fired 2 ballistic missiles targeting the Olympic Spirit chemical/oil products tanker (IMO: 9327097) in the South Red Sea around 70 nm southwest of Al Hudaydah, claiming US affiliation of the ship. There were no fatalities or injuries as the missiles impacted the water in close proximity to the ship. Houthi forces claimed to have used 11 ballistic missiles and 2 drones in their attack. The ship was targeted twice more on that day (coded as separate events). The US affiliation of the ship was not verified. According to TradeWinds, the ship was managed by the Greece-based Dynamic Shipmanagement at the time of the attack, although it used to be managed by the US-based Oaktree Capital Management and is still registered under the latter in at least one shipping database.",0,True,False
YEM92732,2024-10-10,Explosions/Remote violence,Shelling/artillery/missile attack,Military Forces of Yemen (2017-) Houthi,nan,South Red Sea,16.138,41.407,"On 10 October 2024, at around 9:20 am Sanaa time, Houthi forces fired 1 ballistic missile targeting the Olympic Spirit chemical/oil products tanker (IMO: 9327097) in the South Red Sea around 70 nm southwest of Al Hudaydah, claiming US affiliation of the ship. The projectile failed to reach the ship and impacted the waters in close proximity to the ship. Houthi forces claimed to have used 11 ballistic missiles and 2 drones in their attack. The ship was targeted twice more on that day (coded as separate events). The US affiliation of the ship was not verified. According to TradeWinds, the ship was managed by the Greece-based Dynamic Shipmanagement at the time of the attack, although it used to be managed by the US-based Oaktree Capital Management and is still registered under the latter in at least one shipping database.",0,True,False
YEM92744,2024-10-14,Violence against civilians,Attack,Military Forces of Yemen (2017-) Houthi,Civilians (Yemen),South Red Sea,16.138,41.407,"Around 13 October 2024 (as reported), Houthi forces attacked Yemeni fishermen's boats in the South Red Sea. The fishermen went missing after the incident. Casualties unknown. The reason behind the attack was not reported.",0,False,False
YEM93630,2024-11-12,Explosions/Remote violence,Shelling/artillery/missile attack,Military Forces of Yemen (2017-) Houthi,nan,South Red Sea,16.138,41.407,"On 12 November 2024, at around 3 am Sanaa time, suspected Houthi forces fired a number of unspecified projectiles (likely missiles based on previous activity) at a commercial ship (name undisclosed) in the South Red Sea around 70 nm southwest of Al Hudaydah. There were no fatalities or injuries as the missiles impacted the water around the ship. The ship continued to its next port of call. Houthi forces did not claim the attack. According to JMIC, the ship had an 'indirect association' to the US.",0,False,False
YEM95447,2024-12-23,Strategic developments,Disrupted weapons use,Military Forces of the United States (2021-2025),Military Forces of Yemen (2017-) Houthi,South Red Sea,16.138,41.407,"Interception: On 21 December 2024, at an unspecified time, US forces (whether warships or aircrafts unspecified) intercepted a number of Houthi suicide drones and 1 anti-ship cruise missile in the South Red Sea. Houthi forces claimed to have fired 17 drones and 8 cruise missiles targeting the USS Harry S. Truman aircraft carrier, claiming that they achieved 'direct and precise hits.' However, CENTCOM said that its forces intercepted the attacking drones and missiles. Houthi forces claimed to have shot down an F/A-18 fighter jet belonging to the US forces. CENTCOM confirmed that the plane was shot down but denied that it was due to enemy fire, claiming that 'the guided-missile cruiser USS Gettysburg, which is part of the USS Harry S. Truman Carrier Strike Group, mistakenly fired on and hit F/A-18.' Two US Navy pilots were inside the jet but managed to eject safely from the warplane. There were no casualties.",0,False,False
YEM95840,2024-12-30,Strategic developments,Disrupted weapons use,Military Forces of the United States (2021-2025),Military Forces of Yemen (2017-) Houthi,South Red Sea,16.138,41.407,"Interception: On 30 December 2024, at an unspecified time, Houthi forces claimed to have launched a 'large' number of drones and cruise missiles targeting aircraft carrier USS Harry S. Truman, likely in the South Red Sea. CENTCOM did not confirm the attack, but announced that US forces (whether warships or aircrafts unspecified) intercepted 7 cruise missiles and suicide drones over the Red Sea from 30-31 December, likely referring to this attack. There were no casualties.",0,False,False
YEM96984,2025-02-12,Strategic developments,Disrupted weapons use,Military Forces of Yemen (2022-) Presidential Leadership Council - Coast Guard,Military Forces of Yemen (2017-) Houthi,South Red Sea,16.138,41.407,"Weapons seizure: On 12 February 2025, IRG coast guard forces intercepted and seized a Dhow boat in the South Red Sea carrying Iranian advanced weapon components, drones, and communications gear that was destined for Houthi forces in Al Hudaydah.",0,False,False
YEM97186,2025-02-19,Explosions/Remote violence,Shelling/artillery/missile attack,Military Forces of Yemen (2017-) Houthi,Military Forces of the United States (2025-),South Red Sea,16.138,41.407,"On 19 February 2025, Houthi forces fired surface-to-air missiles at a 1 F-16 US warplane over the South Red Sea. The missiles were launched from Al Kathib naval camp. The missiles did not hit the target. Houthi forces did not publish a corresponding report. There were no casualties.",0,False,False
YEM97708,2025-03-17,Explosions/Remote violence,Shelling/artillery/missile attack,Military Forces of Yemen (2017-) Houthi,nan,South Red Sea,16.138,41.407,"On 16 March 2025, Houthi forces fired a missile (exact type unclear) that fell down over the South Red Sea off the coast of Yemen. The missile was part of a barrage of 18 drones, ballistic missiles and 'winged' cruise missiles in total fired by the Houthis targeting the US aircraft carrier USS Harry S. Truman and nearby destroyers in the North Red Sea.",0,False,False
YEM101954,2025-07-07,Battles,Armed clash,Military Forces of Yemen (2017-) Houthi,Private Security Forces (International),South Red Sea,16.138,41.407,"On 6 July 2025, at around 2:25 pm Sanaa time, Houthi forces on 8 small crafts exchanged fire with small arms and RPGs with the armed security team of the Magic Seas bulk carrier (IMO: 9736169) in the South Red Sea around 51 nm southwest of Al Hudaydah, claiming affiliation with companies in violation of the Houthi ban to call at Israeli ports. There were no fatalities or injuries, though the exchange of fire resulted in damage to the bridge of the ship. Other ships owned by the owner of the Magic Seas had recently called in Israel. Houthi forces also attacked the Magic Seas with drones and missiles later that same day in a separate location (coded as a separate event).",0,False,False
YEM101955,2025-07-07,Explosions/Remote violence,Shelling/artillery/missile attack,Military Forces of Yemen (2017-) Houthi,Civilians (International),South Red Sea,16.138,41.407,"On 6 July 2025, at around 5:00 pm Sanaa time, Houthi forces launched missiles and drone boats at the Magic Seas bulk carrier (IMO: 9736169) in the South Red Sea around 75 nm northwest of Al Hudaydah, claiming affiliation with companies in violation of the Houthi ban to call at Israeli ports. There were no fatalities or injuries, though the ship was struck by 1 missile and 2 drone boats, resulting in a fire in the cargo hold and flooding in the engine room, ultimately leading the crew to abandon the ship. Houthi forces claimed to have fired 5 ballistic and cruise missiles, 3 aerial drones, and 2 drone boats at the ship. The ship's security team claimed that 4 drone boats attacked the ship and that 2 of them were intercepted. Other ships owned by the owner of the Magic Seas had recently called in Israel. Houthi forces also attacked the Magic Seas with small arms fire and RPGs earlier that same day in a separate location (coded as a separate event).",0,False,False
YEM101956,2025-07-07,Explosions/Remote violence,Remote explosive/landmine/IED,Military Forces of Yemen (2017-) Houthi,nan,South Red Sea,16.138,41.407,"On 6 July 2025, sometime after 5:00 pm Sanaa time, Houthi forces boarded the abandoned Magic Seas bulk carrier (IMO: 9736169) in the South Red Sea around 75 nm northwest of Al Hudaydah, planted explosives in it, and detonated them. There were no fatalities or injuries. Houthi forces published a video showing seven explosions on the ship, and the ship ultimately sinking in the Red Sea. The ship was abandoned by its crew earlier that same day following multiple targeting incidents by Houthi forces, with Houthi forces claiming affiliation with companies in violation of the Houthi ban to call at Israeli ports. Other ships owned by the owner of the Magic Seas had recently called in Israel.",0,False,False
YEM101957,2025-07-07,Battles,Armed clash,Military Forces of Yemen (2017-) Houthi,Private Security Forces (International),South Red Sea,16.138,41.407,"On 7 July 2025, at around 7:35 pm Sanaa time, Houthi forces on at least 4 small crafts exchanged fire with small arms and RPGs with the armed security team of the Eternity C bulk carrier (IMO: 9588249) in the South Red Sea around 51 nm southwest of Al Hudaydah, claiming it was heading to Eilat in Israel in violation of the Houthi ban to call at Israeli ports. The exchange of fire lasted for 16 hours across both 7 and 8 July, involving up to 8 small crafts and including aerial drones, 1 drone boat, and ballistic and cruise missiles. Houthi forces claimed to have used 1 drone boat and 6 ballistic and cruise missiles. The attack resulted in 4 confirmed fatalities among the ship's crew. Search and rescue operations rescued 10 crew members, and 11 others were taken by Houthi forces - all Filipinos except for one Russian sailor and one Indian security guard - as the crew was forced to abandon the ship. Anti-Houthi sources reported that the clashes also resulted in 7 Houthi fatalities. 4 total fatalities split across 2 events. 2 fatalities coded to this event. Damage from the attack also caused the ship to lose all propulsion and ultimately sink on 9 July. Other ships owned by the owner of the Eternity C had recently called in Israel.",2,False,False
YEM101958,2025-07-08,Battles,Armed clash,Military Forces of Yemen (2017-) Houthi,Private Security Forces (International),South Red Sea,16.138,41.407,"On 8 July 2025, at around 10:10 am Sanaa time, Houthi forces on several small crafts continued to exchange fire with small arms and RPGs with the armed security team of the Eternity C bulk carrier (IMO: 9588249) in the South Red Sea around 51 nm southwest of Al Hudaydah, claiming it was heading to Eilat in Israel in violation of the Houthi ban to call at Israeli ports. The exchange of fire lasted for 16 hours across both 7 and 8 July, involving up to 8 small crafts and including aerial drones, 1 drone boat, and ballistic and cruise missiles. Houthi forces claimed to have used 1 drone boat and 6 ballistic and cruise missiles. The attack resulted in 4 confirmed fatalities among the ship's crew. Search and rescue operations rescued 10 crew members, and 11 others were taken by Houthi forces - all Filipinos except for one Russian sailor and one Indian security guard - as the crew was forced to abandon the ship. Anti-Houthi sources reported that the clashes also resulted in 7 Houthi fatalities. 4 total fatalities split across 2 events. 2 fatalities coded to this event. Damage from the attack also caused the ship to lose all propulsion and ultimately sink on 9 July. Other ships owned by the owner of the Eternity C had recently called in Israel.",2,False,False
YEM106983,2025-09-02,Explosions/Remote violence,Air/drone strike,Military Forces of Yemen (2017-) Houthi,nan,South Red Sea,16.138,41.407,"On 2 September 2025, at an unspecified time, Houthi forces claimed to launch 1 'winged' missile and two drones targeting the MSC Aby container ship (IMO: 9166778) in the South Red Sea, claiming it violated the Houthi ban to call at Israeli ports and that it had an Israeli affiliation. There were no fatalities or injuries as the missile and drones likely impacted the water before reaching the intended target. The attack was not confirmed by other sources, and the ship arrived safely in Jeddah, Saudi Arabia on the day of the purported attack. MSC ships have called on Israeli ports recently, and Houthi attacks have targeted ships that were MSC in the past, successfully hitting four other ships since December 2023.",0,False,False
YEM107007,2025-09-04,Explosions/Remote violence,Shelling/artillery/missile attack,Military Forces of Yemen (2017-) Houthi,nan,South Red Sea,16.138,41.407,"On 4 September 2025, at around 6:10 am Sanaa time, suspected Houthi forces fired 1 unspecified projectile (coded as a missile based on previous recent activity) targeting the Agios Nektarios container ship (IMO: 9515759) in the South Red Sea, around 178 nm northwest of Al Hudaydah. The missile fell near the ship without causing any damages or casualties, and the ship continued to its next port of call. The Houthis did not claim the attack.",0,False,False
YEM83932,2023-11-29,Strategic developments,Disrupted weapons use,Military Forces of the United States (2021-2025),Military Forces of Yemen (2017-) Houthi,Strait of Bab el Mandeb,13.269,42.976,"Interception: On 29 November 2023, US Navy destroyer USS Carney shot down a suspected Houthi Sammad drone (referred to as the Iranian-produced KAS-04 by CENTCOM) in the South Red Sea near the Strait of Bab el Mandeb. CENTCOM noted that the drone was heading towards the warship although its intentions were not known. The USS Carney was escorting the US Navy oiler USNS Supply and another US-flagged ship carrying military equipment to the region.",0,False,True
YEM83983,2023-12-04,Strategic developments,Disrupted weapons use,Military Forces of the United States (2021-2025),Military Forces of Yemen (2017-) Houthi,Strait of Bab el Mandeb,13.269,42.976,"Interception: On 3 December 2023, at around 12 pm, 12:35 pm, and 4:30 pm Sanaa time, US Navy destroyer USS Carney shot down 3 suspected Houthi drones north of the Strait of Bab el Mandeb around 14 nm west of Al Hanish Island. The first interception took place as the drone was headed toward the USS Carney although its specific target was not clear, the second interception took place as the drone was inbound the Unity Explorer bulk carrier, and the third interception took place as the drone was headed in the direction of the USS Carney as the ship was assisting the AOM Sophie II bulk carrier.",0,False,True
YEM83984,2023-12-04,Explosions/Remote violence,Shelling/artillery/missile attack,Military Forces of Yemen (2017-) Houthi,Civilians (International),Strait of Bab el Mandeb,13.269,42.976,"On 3 December 2023, at around 4:30 pm Sanaa time, Houthi forces fired 1 ballistic missile at the AOM Sophie II bulk carrier (IMO: 9881366) north of the Strait of Bab el Mandeb around 18 nm west of Zuqar Island. There were no fatalities or injuries although the missile struck the ship causing damage. Houthi forces did not claim the attack on the AOM Sophie II bulk carrier. They claimed attacks on two other ships that day -- Unity Explorer bulk carrier and Number 9 container ship -- claiming Israeli affiliation (coded as separate events).",0,False,True
YEM84990,2023-12-04,Explosions/Remote violence,Shelling/artillery/missile attack,Military Forces of Yemen (2017-) Houthi,nan,Strait of Bab el Mandeb,13.269,42.976,"On 3 December 2023, at around 9:15 am Sanaa time, Houthi forces fired 1 anti-ship ballistic missile at the Unity Explorer bulk carrier (IMO: 9726035) north of the Strait of Bab el Mandeb around 60 nm southwest of Al Hudaydah claiming Israeli affiliation of the ship. There were no fatalities or injuries as the missile impacted in the vicinity of the vessel. The ship was owned by a UK-registered company founded and headed by a dual British and Israeli citizen, son of Israeli shipping magnate Abraham 'Rami' Ungar.",0,False,True
YEM85038,2023-12-04,Explosions/Remote violence,Shelling/artillery/missile attack,Military Forces of Yemen (2017-) Houthi,Civilians (International),Strait of Bab el Mandeb,13.269,42.976,"On 3 December 2023, at around 12:35 pm Sanaa time, Houthi forces fired 1 ballistic missile at the Unity Explorer bulk carrier (IMO: 9726035) north of the Strait of Bab el Mandeb for the second time of the day around 15 nm south of Al Hanish Island claiming Israeli affiliation. There were no fatalities or injuries although the missile struck the ship causing minor damage. The ship was owned by a UK-registered company founded and headed by a dual British and Israeli citizen, son of an Israeli shipping magnate.",0,False,True
YEM84010,2023-12-06,Strategic developments,Disrupted weapons use,Military Forces of the United States (2021-2025),Military Forces of Yemen (2017-) Houthi,Strait of Bab el Mandeb,13.269,42.976,"Interception: On 6 December 2023, US Navy destroyer USS Mason shot down 1 suspected Houthi armed drone in the north of the Strait of Bab el Mandeb around 47 nm west of Al Hudaydah. The interception took place as the drone was moving towards the USS Mason although US forces said it was not clear whether the Mason was the target. MSCHOA noted a drone sighting involving the Dianella chemical/oil products tanker (IMO: 9901087).",0,True,True
YEM84066,2023-12-12,Explosions/Remote violence,Shelling/artillery/missile attack,Military Forces of Yemen (2017-) Houthi,Civilians (International),Strait of Bab el Mandeb,13.269,42.976,"On 12 December 2023, at around 00:00 am Sanaa time, Houthi forces fired 1 anti-ship cruise missile targeting the Strinda chemical/oil products tanker (IMO: 9330771) in the Strait of Bab el Mandeb around 15 nm west of Al Mukha claiming that it was headed to Israel. The missile struck the ship resulting in damage that caused a fire but there were no fatalities or injuries. The ship was due to call on Israel's port of Ashdod in early January 2024.",0,True,True
YEM84065,2023-12-12,Strategic developments,Disrupted weapons use,Military Forces of France (2017-),Military Forces of Yemen (2017-) Houthi,Strait of Bab el Mandeb,13.269,42.976,"Interception: On 12 December 2023, at around 00:00 am Sanaa time, French Navy frigate Languedoc shot down 1 suspected Houthi one-way attack drone in the Strait of Bab el Mandeb around 15 nm west of Al Mukha. French forces noted that the drone was targeting the Strinda chemical/oil products tanker (IMO: 9330771). The Strinda was also struck by a Houthi cruise missile with Houthi forces claiming that it was headed to Israel. The ship was due to call on Israel's port of Ashdod in early January 2024.",0,True,True
YEM84080,2023-12-13,Strategic developments,Disrupted weapons use,Military Forces of the United States (2021-2025),Military Forces of Yemen (2017-) Houthi,Strait of Bab el Mandeb,13.269,42.976,"Interception: On 13 December 2023, US Navy destroyer USS Mason shot down 1 Houthi suspected one-way attack UAV north of the Strait of Bab el Mandeb around 50 nm west of Al Hudaydah. The interception took place as the UAV was moving towards the USS Mason with CENTCOM claiming that the drone was shot in self-defense. The incident took place as the USS Mason was responding to a mayday call from the Ardmore Encounter oil/chemical tanker following a Houthi attack on the tanker (coded as a separate event).",0,True,True
YEM84079,2023-12-13,Battles,Armed clash,Military Forces of Yemen (2017-) Houthi,Private Security Forces (International),Strait of Bab el Mandeb,13.269,42.976,"On 13 December 2023, the armed security team aboard the Ardmore Encounter oil/chemical products tanker (IMO: 9654579) exchanged fire with suspected Houthi forces aboard skiffs north of the Strait of Bab el Mandeb around 50 nm west of Al Hudaydah. The tanker's crew was safe but casualties unknown in the small boat. The incident took place as suspected Houthi forces were approaching the tanker in an attempt to board it and then fired two anti-ship ballistic missiles targeting that exploded in the water 200 meters from the boat. Houthi forces did not claim the attack.",0,True,True
YEM84086,2023-12-14,Explosions/Remote violence,Shelling/artillery/missile attack,Military Forces of Yemen (2017-) Houthi,nan,Strait of Bab el Mandeb,13.269,42.976,"On 14 December 2023, Houthi forces fired 1 ballistic missile targeting the Maersk Gibraltar container ship (IMO: 9739692) north of the Strait of Bab el Mandeb around 40 nm northwest of Al Mukha claiming that it was headed to Israel. There were no fatalities or injuries as the missile exploded 50 meters from the ship. Houthi forces claimed that they targeted the ship with a drone instead of a missile and that it struck its target. The Israeli destination of the ship was not verified.",0,False,True
YEM84996,2023-12-15,Explosions/Remote violence,Air/drone strike,Military Forces of Yemen (2017-) Houthi,Civilians (International),Strait of Bab el Mandeb,13.269,42.976,"On 15 December 2023, at around 9:00 am Sanaa time, Houthi forces fired 1 one-way attack drone at the Al Jasrah container ship (IMO: 9732321) near the Strait of Bab el Mandeb around 60 nm southwest of Al Hudaydah. There were no fatalities or injuries although the drone struck the vessel leading to a fire onboard. Houthi forces claimed to have targeted the MSC Palatium III and the MSC Alanya claiming that they were headed to Israel but not the Al Jasrah. It is possible that they mistook the Al Jasrah for the MSC Alanya.",0,False,True
YEM84123,2023-12-15,Explosions/Remote violence,Shelling/artillery/missile attack,Military Forces of Yemen (2017-) Houthi,Civilians (International),Strait of Bab el Mandeb,13.269,42.976,"On 15 December 2023, at around 1:00 pm Sanaa time, Houthi forces fired two ballistic missiles at the MSC Palatium III container ship (IMO: 9336165) near the Strait of Bab el Mandeb around 30 nm southwest of Al Mukha claiming that it was headed to Israel. There were no fatalities or injuries although one of the missiles struck the vessel leading to a fire onboard. Houthi forces have been labeling MSC ships as 'Israeli' possibly because of the dual Swiss-Israeli citizenship of one of MSC's co-founder and co-owner.",0,False,True
YEM84167,2023-12-18,Strategic developments,Other,Private Security Forces (International),Military Forces of Yemen (2017-) Houthi,Strait of Bab el Mandeb,13.269,42.976,"Other: On 18 December 2023, the armed security team aboard the Magic Vela bulk carrier (IMO: 9473327) fired warning shots toward a craft with several armed personnel carrying out a suspicious approach (coded as Houthi forces based on previous activity) in the Strait of Bab el Mandeb around 24 nm northwest of Al Mukha. There were no fatalities or injuries. The craft turned away after the warning shots. The incident took place amid Houthi drone and missile attacks targeting Israel and Israeli-linked ships in the Red Sea.",0,False,True
YEM84166,2023-12-18,Explosions/Remote violence,Air/drone strike,Military Forces of Yemen (2017-) Houthi,nan,Strait of Bab el Mandeb,13.269,42.976,"On 18 December 2023, at around 8:00 am Sanaa time, Houthi forces fired 1 one-way attack drone at the MSC Clara container ship (IMO: 9708693) near the Strait of Bab el Mandeb around 30 nm south of Al Mukha claiming Israeli affiliation of the ship. There were no fatalities or injuries as the drone exploded in the water off the ship. Houthi forces have been labeling MSC ships as 'Israeli' possibly because of the dual Swiss-Israeli citizenship of one of MSC's co-founder and co-owner.",0,False,True
YEM84997,2023-12-18,Explosions/Remote violence,Air/drone strike,Military Forces of Yemen (2017-) Houthi,Civilians (International),Strait of Bab el Mandeb,13.269,42.976,"On 18 December 2023, at around 9:00 am Sanaa time, Houthi forces fired 1 one-way attack drone and 1 anti-ship ballistic missile at the Swan Atlantic chemical/oil products tanker (IMO: 9790464) near the Strait of Bab el Mandeb around 24 nm northwest of Al Mukha claiming Israeli affiliation of the ship. There were no fatalities or injuries although the ship was struck and damaged. Houthi forces have been labeling MSC ships as 'Israeli' possibly because of the dual Swiss-Israeli citizenship of one of MSC's co-founder and co-owner.",0,True,True
YEM84268,2023-12-27,Explosions/Remote violence,Air/drone strike,Military Forces of Yemen (2017-) Houthi,Civilians (International),Strait of Bab el Mandeb,13.269,42.976,"On 23 December 2023, suspected Houthi forces fired 1 one-way attack drone at the Sai Baba crude oil tanker (IMO: 9321691) in the north of the Strait of Bab el Mandeb around 45 nm southwest of As Salif. There were no fatalities or injuries although the drone struck the ship. Houthi forces claimed that US forces fired a missile that fell near the Sai Baba as they were trying to shoot down a Houthi reconnaissance drone.",0,True,True
YEM84999,2023-12-27,Explosions/Remote violence,Air/drone strike,Military Forces of Yemen (2017-) Houthi,nan,Strait of Bab el Mandeb,13.269,42.976,"On 23 December 2023, suspected Houthi forces fired 1 one-way attack drone at the Blaamanen chemical/oil products tanker (IMO: 9278662) in the north of the Strait of Bab el Mandeb around 50 nm west of Al Hudaydah. There were no fatalities or injuries as the drone exploded near the ship. Houthi forces did not claim the attack.",0,True,True
YEM84303,2023-12-27,Strategic developments,Disrupted weapons use,Military Forces of the United States (2021-2025),Military Forces of Yemen (2017-) Houthi,Strait of Bab el Mandeb,13.269,42.976,"Interception: On 26 December 2023, US Navy destroyer USS Laboon shot down 3 Houthi anti-ship ballistic missiles and 2 cruise missiles targeting the MSC United VIII container ship (IMO: 9302619) north of the Strait of Bab el Mandeb 60 nm from Al Hudaydah. Houthi forces claimed to have targeted the ship after it ignored calls to alter course. Houthi forces have been labeling MSC ships as 'Israeli' possibly because of the dual Swiss-Israeli citizenship of one of MSC's co-founder and co-owner.",0,False,True
YEM84366,2024-01-02,Explosions/Remote violence,Shelling/artillery/missile attack,Military Forces of Yemen (2017-) Houthi,Civilians (International),Strait of Bab el Mandeb,13.269,42.976,"On 30 December 2023, Houthi forces fired an anti-ship ballistic missile targeting the Maersk Hangzhou container ship (IMO: 9784300) in the Strait of Bab el Mandeb around 55 nm southwest of Al Hudaydah after it ignored calls to alter course claiming that it was headed to Israel. The missile struck the ship but the ship remained 'seaworthy' and there were no fatalities or injuries. The Israeli destination of the ship was not verified.",0,False,True
YEM84367,2024-01-02,Strategic developments,Disrupted weapons use,Military Forces of the United States (2021-2025),Military Forces of Yemen (2017-) Houthi,Strait of Bab el Mandeb,13.269,42.976,"Interception: On 30 December 2023, US Navy destroyer USS Gravely shot down 2 Houthi anti-ship ballistic missiles in the Strait of Bab el Mandeb around 55 nm southwest of Al Hudaydah. US forces noted that the missiles were shot down while the USS Gravely was responding to the assistance request of the Maersk Hangzhou container ship (IMO: 9784300) it was struck by a Houthi missile with Houthi forces claiming that it was headed to Israel (coded as a separate event). The Israeli destination of the ship was not verified.",0,False,True
YEM84408,2024-01-02,Explosions/Remote violence,Shelling/artillery/missile attack,Military Forces of Yemen (2017-) Houthi,nan,Strait of Bab el Mandeb,13.269,42.976,"On 2 January 2024, Houthi forces fired two anti-ship ballistic missiles targeting the CMA CGM Tage container ship (IMO: 9674555) in the Strait of Bab el Mandeb around 33 nm east of Assab claiming that it was headed to Israel. There were no fatalities nor injuries as US forces confirmed that the missiles exploded in the water and did not cause any damage to ships in the area. The Israeli destination of the ship was not verified.",0,False,True
YEM84672,2024-01-09,Explosions/Remote violence,Shelling/artillery/missile attack,Military Forces of Yemen (2017-) Houthi,nan,Strait of Bab el Mandeb,13.269,42.976,"On 9 January 2024, at around 23:00 pm Sanaa time, unidentified forces (likely Houthi forces) aboard 3 small vessels fired 2 missiles targeting the Federal Masamune bulk carrier (IMO: 9908310) in the Strait of Bab el Mandeb around 13 nm southwest of Dhubab. There were no fatalities or injuries as the missiles did not strike the ship. The attack was not reported by Houthi/UKMTO/CENTCOM but by a maritime security agency. Houthi forces did not claim the attack although it took place amid Houthi attacks against ships in the Red Sea and the Gulf of Aden.",0,False,True
YEM84732,2024-01-15,Strategic developments,Other,Private Security Forces (International),Military Forces of Yemen (2017-) Houthi,Strait of Bab el Mandeb,13.269,42.976,"Other: On 15 January 2024, the armed security team aboard a commercial ship (name not disclosed) fired warning shots toward a small craft carrying out a suspicious approach (coded as Houthi forces based on previous activity) north of the Strait of Bab el Mandeb around 57 nm northwest of Assab. There were no fatalities or injuries. The craft turned away after the warning shots. The incident took place amid Houthi attacks against ships in the Red Sea and the Gulf of Aden.",0,False,True
YEM84741,2024-01-16,Strategic developments,Other,Private Security Forces (International),Military Forces of Yemen (2017-) Houthi,Strait of Bab el Mandeb,13.269,42.976,"Other: On 16 January 2024, the armed security team aboard the Panda bulk carrier (IMO: 9296212) fired warning shots into the water toward four small crafts carrying out a suspicious approach (coded as Houthi forces based on previous activity) north of the Strait of Bab el Mandeb around 57 nm north of Assab. There were no fatalities or injuries. The crafts turned away after the warning shots. The incident took place amid Houthi attacks against ships in the Red Sea and the Gulf of Aden.",0,False,True
YEM84918,2024-01-24,Explosions/Remote violence,Shelling/artillery/missile attack,Military Forces of Yemen (2017-) Houthi,nan,Strait of Bab el Mandeb,13.269,42.976,"On 24 January 2024, at around 2 pm Sanaa time, Houthi forces fired 3 anti-ship ballistic missiles targeting the Maersk Detroit and Maersk Chesapeake container ships (IMO: 9333034 and IMO: 9356074) in the Strait of Bab el Mandeb around 50 nm south of Al Mukha claiming US affiliation of the ships. There were no fatalities or injuries as 1 of the missiles impacted the water around 100 m from one of the ships and the other 2 were intercepted. The two ships were part of a US Navy accompaniment and were carrying cargo for US government agencies. They rerouted and abandoned their transit through the Strait. The ships were US-flagged, and owned, operated, and managed by US-registered companies.",0,False,True
YEM84906,2024-01-24,Strategic developments,Disrupted weapons use,Military Forces of the United States (2021-2025),Military Forces of Yemen (2017-) Houthi,Strait of Bab el Mandeb,13.269,42.976,"Interception: On 24 January 2024, at around 2:00 pm Sanaa time, US Navy destroyer USS Gravely shot down 2 Houthi anti-ship ballistic missiles in the Strait of Bab el Mandeb around 50 nm south of Al Mukha as it was responding to a Houthi attack targeting the Maersk Detroit and Maersk Chesapeake container ships (IMO: 9333034 and IMO: 9356074) with Houthi forces claiming US affiliation of the ships. The two ships were part of a US Navy accompaniment and were carrying cargo for US government agencies. They rerouted and abandoned their transit through the Strait. The ships were US-flagged, and owned, operated, and managed by US-registered companies.",0,False,True
YEM85574,2024-01-29,Strategic developments,Other,Private Security Forces (International),Military Forces of Yemen (2017-) Houthi,Strait of Bab el Mandeb,13.269,42.976,"Other: On 29 January 2024, the armed security team aboard a commercial vessel (name not disclosed) fired warning shots toward 3 small crafts including 1 that had a front mounted weapon carrying out a suspicious approach (coded as Houthi forces based on previous activity) north of the Strait of Bab el Mandeb around 44 nm west of Al Mukha. There were no fatalities or injuries. The crafts turned away after the warning shots. The incident took place amid Houthi attacks against ships in the Red Sea and the Gulf of Aden.",0,False,True
YEM85526,2024-02-12,Explosions/Remote violence,Shelling/artillery/missile attack,Military Forces of Yemen (2017-) Houthi,Civilians (International),Strait of Bab el Mandeb,13.269,42.976,"On 12 February 2024, between 3:30 and 3:45 am Sanaa time, Houthi forces fired 2 anti-ship missiles targeting the Star Iris bulk carrier (IMO: 9284910) in the Strait of Bab el Mandeb around 40 nm south of Al Mukha claiming US affiliation of the ship. There were no fatalities or injuries although the attack resulted in minor damage to the ship. The ship was in fact transporting corn from Brazil to Iran. The ship was owned by a Greece-registered company listed in the US.",0,False,True
YEM85623,2024-02-19,Explosions/Remote violence,Shelling/artillery/missile attack,Military Forces of Yemen (2017-) Houthi,Civilians (International),Strait of Bab el Mandeb,13.269,42.976,"On 18 February 2024, between 9:30 pm and 10:45 pm Sanaa time, Houthi forces fired 2 anti-ship ballistic missiles targeting the Rubymar general cargo ship (IMO: 9138898) in the Strait of Bab el Mandeb around 35 nm south of Al Mukha claiming UK affiliation of the ship. There were no fatalities or injuries although one of the missiles resulted in significant damage that flooded the engine room. This forced the crew to abandon the ship leaving it to drift north into the Red Sea ultimately sinking on 2 March with a 29 km slick from leaking fuel. The ship was owned by a UK-registered company.",0,False,True
YEM85641,2024-02-19,Explosions/Remote violence,Air/drone strike,Military Forces of Yemen (2017-) Houthi,Civilians (International),Strait of Bab el Mandeb,13.269,42.976,"On 19 February 2024, around 7:20 pm Sanaa time, Houthi forces fired 1 one-way attack drone targeting the Navis Fortuna bulk carrier (IMO: 9404455) in the Strait of Bab el Mandeb around 60 nm north of Djibouti claiming US affiliation of the ship. There were no fatalities or injuries although the drone struck the ship causing minor damage to the accommodation superstructure. Houthi forces also fired 1 anti-ship ballistic missile around 6:40 pm Sanaa time that impacted the water presumably as part of the same attack as they claimed to have targeted the ship with anti-ship missiles. The ship was registered to US investment fund Oaktree Capital Management according to TradeWinds.",0,False,True
YEM85676,2024-02-22,Strategic developments,Disrupted weapons use,Military Forces of France (2017-),Military Forces of Yemen (2017-) Houthi,Strait of Bab el Mandeb,13.269,42.976,"Interception: On 22 February 2024, between 4:30 am and 5:30 am Sanaa time, French Navy frigate Alsace shot down 2 Houthi one-way attack drones north of the Strait of Bab el Mandeb around 40 nm northwest of Al Mukha. The intended targets were likely US warships as Houthi forces claimed to have targeted US warships with drones in the waterway.",0,False,True
YEM86530,2024-03-25,Explosions/Remote violence,Shelling/artillery/missile attack,Military Forces of Yemen (2017-) Houthi,Civilians (International),Strait of Bab el Mandeb,13.269,42.976,"On 23 March 2024, between 4:30 pm and 5:30 pm Sanaa time, Houthi forces fired 1 anti-ship ballistic missile targeting the Huang Pu crude oil tanker (IMO: 9402469) in the Strait of Bab el Mandeb 23 nm west of Al Mukha claiming UK affiliation of the ship. There were no fatalities although the missile struck the ship causing a small fire that was put out within 30 minutes with the ship resuming its course. The ship was targeted twice in two separate locations at least 12 hours apart that day. The ship previously had links to UK company Union Maritime Limited although the links did not exist anymore at the time of the attack according to TradeWinds. The ship was carrying Russian crude oil during the attack.",0,True,True
YEM86979,2024-04-15,Explosions/Remote violence,Shelling/artillery/missile attack,Military Forces of Yemen (2017-) Houthi,nan,Strait of Bab el Mandeb,13.269,42.976,"On 13 April 2024, at around 7:00 pm Sanaa time, suspected Houthi forces fired 1 anti-ship ballistic missile in the south of the Strait of Bab el Mandeb around 61 nm northeast of the port of Djibouti. There were no fatalities or injuries as the missile impacted the water. Potential targets were unidentified/not reported. Houthi forces did not claim the attack.",0,False,True
YEM87770,2024-04-30,Strategic developments,Disrupted weapons use,Military Forces of France (2017-),Military Forces of Yemen (2017-) Houthi,Strait of Bab el Mandeb,13.269,42.976,"Interception: On 30 April 2024, at an unspecified time, French Navy frigate Lorraine intercepted 1 suspected Houthi drone in the north of the Strait of Bab el Mandeb around 17 nm southwest of Al Mukha. Potential targets were unidentified/not reported. Houthi forces did not claim the attack.",0,False,True
YEM87415,2024-05-07,Strategic developments,Disrupted weapons use,Military Forces of France (2017-),Military Forces of Yemen (2017-) Houthi,Strait of Bab el Mandeb,13.269,42.976,"Interception: On 4 May 2024, at around 0:15 Sanaa time, the French Navy frigate Lorraine intercepted 1 Houthi Sammad-type drone in the north of the Strait of Bab el Mandeb around 39 nm northwest of Al Mukha. Potential targets were unidentified/not reported although the interception took place as the French frigate was protecting a group of 3 commercial ships. Houthi forces did not claim the attack.",0,False,True
YEM87847,2024-05-20,Explosions/Remote violence,Shelling/artillery/missile attack,Military Forces of Yemen (2017-) Houthi,Civilians (International),Strait of Bab el Mandeb,13.269,42.976,"On 18 May 2024, around 1:00 am Sanaa time, suspected Houthi forces fired 1 anti-ship ballistic missile targeting the Wind crude oil tanker (IMO: 9252967) in the Strait of Bab el Mandeb around 98 nm south of Al Hudaydah. There were no fatalities or injuries although the missile struck the ship resulting in slight damage including the temporary loss of propulsion and steering. Houthi forces did not claim the attack, likely because they hit the wrong target. Some sources claimed that Houthi forces had a different tanker in sight based on alleged US affiliations. The Wind oil tanker was carrying Russian oil bound for China as it was struck.",0,True,True
YEM87902,2024-05-23,Explosions/Remote violence,Shelling/artillery/missile attack,Military Forces of Yemen (2017-) Houthi,nan,Strait of Bab el Mandeb,13.269,42.976,"On 23 May 2024, at around 7:30 am Sanaa time, Houthi forces fired at least 2 anti-ship ballistic missiles targeting the Yannis general cargo ship (IMO: 9401910) in the Strait of Bab el Mandeb around 98 nm south of Al Hudaydah claiming that other ships from the company owning the targeted ship -- Eastern Mediterranean Maritime -- had docked at Israeli ports on 4 and 5 May. There were no fatalities or injuries as the missiles impacted the water in close proximity of the ship.",0,False,True
YEM88751,2024-06-06,Explosions/Remote violence,Shelling/artillery/missile attack,Military Forces of Yemen (2017-) Houthi,nan,Strait of Bab el Mandeb,13.269,42.976,"On 6 June 2024, around 6:10 pm Sanaa time, Houthi forces fired at least 1 anti-ship ballistic missile targeting the Aal Genoa general cargo ship (IMO: 9393553) in the north of the Strait of Bab el Mandeb around 27 nm south of Al Mukha claiming affiliation with companies in violation of the Houthi ban to call at Israeli ports. There were no fatalities or injuries as the missile impacted the water in close proximity to the ship.",0,False,True
YEM88752,2024-06-07,Strategic developments,Disrupted weapons use,Military Forces of the United States (2021-2025),Military Forces of Yemen (2017-) Houthi,Strait of Bab el Mandeb,13.269,42.976,"Interception: On 7 June 2024, at an unspecified time, US forces (whether warships or aircrafts unspecified) intercepted 1 suspected Houthi drone over the Strait of Bab el Mandeb. Potential targets were unidentified/not reported. Houthi forces did not claim the attack.",0,False,True
YEM88052,2024-06-17,Explosions/Remote violence,Shelling/artillery/missile attack,Military Forces of Yemen (2017-) Houthi,nan,Strait of Bab el Mandeb,13.269,42.976,"On 16 June 2024, at around 4:30 am Sanaa time, Houthi forces fired at least 2 anti-ship missiles in the Strait of Bab el Mandeb around 40 nm south of Al Mukha that were likely targeting the Captain Paris crude oil tanker (IMO: 9692844). There were no fatalities or injuries as the missiles exploded in close proximity around 50 - 100 m of the ship. Houthi forces claimed an anti-ship missile attack targeting the Captain Paris in the South Red Sea claiming affiliation with companies in violation of the Houthi ban to call at Israeli ports while UKMTO reported missile explosions in what was likely the same event. The Captain Paris entered the Red Sea through the Suez Canal on 11 June and arrived at the port of Fujayrah in the UAE on 21 June.",0,True,True
YEM88065,2024-06-18,Strategic developments,Disrupted weapons use,Military Forces of France (2017-),Military Forces of Yemen (2017-) Houthi,Strait of Bab el Mandeb,13.269,42.976,"Interception: On 18 June 2024, in the morning, French Navy frigate Forbin intercepted 1 Houthi drone in the Strait of Bab el Mandeb. Potential targets were unidentified/not reported. Houthi forces did not claim the attack.",0,False,True
YEM89346,2024-07-10,Explosions/Remote violence,Shelling/artillery/missile attack,Military Forces of Yemen (2017-) Houthi,nan,Strait of Bab el Mandeb,13.269,42.976,"On 10 July 2024, at around 5:40 am Sanaa time, suspected Houthi forces fired at least 1 missile targeting the Mount Fuji crude oil tanker (IMO: 9509011) in the Strait of Bab el Mandeb around 40 nm south of Al Mukha. There were no fatalities or injuries as the missile impacted the water in close proximity around 600 m to the ship. Houthi forces did not claim the attack, likely because the ship was carrying Russian oil and was targeted by mistake. The Mount Fuji oil tanker was carrying Russian oil bound for India.",0,True,True
YEM89586,2024-07-11,Explosions/Remote violence,Shelling/artillery/missile attack,Military Forces of Yemen (2017-) Houthi,nan,Strait of Bab el Mandeb,13.269,42.976,"On 11 July 2024, at around 11:00 pm Sanaa time, suspected Houthi forces fired 5 missiles targeting the Rostrum Stoic bulk carrier (IMO: 9955911) in the Strait of Bab el Mandeb around 15 nm southwest of Al Mukha. There were no fatalities or injuries as the missiles all impacted the water in close proximity of the ship with the closest landing around 200 m from the ship. Houthi forces did not claim the attack, likely because the ship was carrying Russian cargo and was targeted by mistake. The Rostrum Stoic was carrying Russian cargo bound for India.",0,False,True
YEM90657,2024-08-08,Explosions/Remote violence,Shelling/artillery/missile attack,Military Forces of Yemen (2017-) Houthi,nan,Strait of Bab el Mandeb,13.269,42.976,"On 8 August 2024, at around 5:00 pm Sanaa time, suspected Houthi forces aboard two small crafts fired an RPG targeting the Delta Blue crude oil tanker (IMO: 9601235) in the Strait of Bab el Mandeb around 45 nm south of Al Mukha. There were no fatalities or injuries as the explosion took place around 50-100 m from the ship causing no damage. The ship was targeted several other times on the next day (coded as separate events). Houthi forces did not claim the attack.",0,True,True
YEM93200,2024-10-28,Explosions/Remote violence,Shelling/artillery/missile attack,Military Forces of Yemen (2017-) Houthi,nan,Strait of Bab el Mandeb,13.269,42.976,"On 28 October 2024, at around 5:30 pm Sanaa time, and until 7:30 pm, Houthi forces fired at least 3 ballistic missiles targeting the Motaro bulk carrier (IMO: 9310290) in the Strait of Bab el Mandeb around 25 nm south of Al Mukha, claiming affiliation with companies in violation of the Houthi ban to call at Israeli ports. There were no fatalities or injuries as the three missiles impacted the water in close proximity to the ship. The ship was on transit from Russia to China.",0,False,True
YEM93643,2024-11-11,Strategic developments,Disrupted weapons use,Military Forces of the United States (2021-2025),Military Forces of Yemen (2017-) Houthi,Strait of Bab el Mandeb,13.269,42.976,"Interception: On 11 November 2024, at an unspecified time, US destroyers USS Stockdale and USS Spruance intercepted and destroyed at least 8 drones, 5 anti-ship ballistic missiles and 3 anti-ship cruise missiles fired by Houthi forces at them as they were transiting through Strait of Bab el Mandeb. Houthi forces claimed to have fired an unspecified number of drones and cruise missiles targeting the two ships as they were preparing to launch strikes at targets in Yemen, claiming their attack lasted 8 hours and was 'successful'. The Houthis claimed a separate attack targeting another US ship in the Arabian Sea on the same day (coded separately).",0,False,True
YEM94057,2024-11-18,Explosions/Remote violence,Shelling/artillery/missile attack,Military Forces of Yemen (2017-) Houthi,nan,Strait of Bab el Mandeb,13.269,42.976,"On 17 November 2024, at around 7:13 pm Sanaa time, suspected Houthi forces fired at least 1 ballistic missile targeting the Anadolu S bulk carrier (IMO: 9667758) in the Strait of Bab el Mandeb around 25 nm west of Al Mukha, claiming affiliation with companies in violation of the Houthi ban to call at Israeli ports. There were no fatalities or injuries as the missile impacted the water 500m from the ship. According to JMIC, the ship had an 'indirect association' with Israel. The vessel's owner was linked to at least one ship seen in Israel in early October, but it was unclear if it had more direct ties to Israel. The ship continued to its next port of call. The ship was targeted again the following day (coded as a separate event).",0,False,True
YEM96404,2025-01-13,Strategic developments,Disrupted weapons use,Military Forces of Yemen (2022-) Presidential Leadership Council - Coast Guard,Military Forces of Yemen (2017-) Houthi,Strait of Bab el Mandeb,13.269,42.976,"Weapons seizure: On 11 January 2025, a joint IRG maritime security patrol, including forces from the Giants Brigades, seized a boat near the Strait of Bab el Mandeb carrying three containers of explosives, detonators, and fuses intended for use in drones, missiles, and IEDs, which were destined for Houthi forces in Al Hudaydah.",0,False,True
YEM97378,2025-03-11,Strategic developments,Other,Military Forces of Yemen (2017-) Houthi,nan,Strait of Bab el Mandeb,13.269,42.976,"Other: On 11 March 2025, Houthi forces announced the resumption of a maritime blockade on Israeli-linked vessels in the Red Sea, Gulf of Aden, Strait of Bab el Mandeb, and the Arabian Sea (coded to North Arabian Sea). The blockade follows the expiration of a four-day ultimatum issued by Houthi leadership demanding Israel reopen crossings and allow humanitarian aid into Gaza. The statement declared an immediate enforcement of the ban, warning that any Israeli-affiliated ship attempting passage would be targeted. The blockade is set to continue until Israel complies with the demands.",0,False,True
YEM87055,2024-04-15,Strategic developments,Disrupted weapons use,Military Forces of the United States (2021-2025),Military Forces of Yemen (2017-) Houthi,Taizz,13.575,44.021,"Interception: On 14 April 2024, at around 9:15 am Sanaa time, US forces conducted strikes to intercept Houthi drones in Taizz governorate. CENTCOM claimed that they presented an imminent threat to shipping. CENTCOM claimed the destruction of 4 Houthi drones between 4:00 am and 9:15 pm Sanaa time that day without providing locations. Houthi forces did not publish a corresponding strike report for the morning strike while Houthi sources reported raids on Taizz governorate in the evening.",0,False,False
YEM87221,2024-04-24,Strategic developments,Disrupted weapons use,Military Forces of the United States (2021-2025),Military Forces of Yemen (2017-) Houthi,Taizz,13.575,44.021,"Interception: On 24 April 2024, between 12:05 pm and 1:25 pm Sanaa time, US forces (whether warships or aircrafts unspecified) intercepted 4 airborne Houthi drones over Houthi-controlled areas of Yemen as Houthi forces claimed two separate drone attacks at sea (one event coded to Taizz governorate and one event coded to Al Bayda governorate). The interception coded to Taizz was coded for the attack claim targeting a US warship (name undisclosed) in the Gulf of Aden.",0,False,False
YEM90647,2024-08-07,Strategic developments,Disrupted weapons use,Military Forces of the United States (2021-2025),Military Forces of Yemen (2017-) Houthi,Taizz,13.575,44.021,"Interception: On 7 August 2024, at an unspecified time, US forces conducted strikes to intercept 2 Houthi drones and 2 Houthi anti-ship cruise missiles in Taizz governorate (coded to governorate capital Taizz). CENTCOM claimed that they presented an imminent threat to shipping. CENTCOM claimed the destruction of 2 Houthi drones and 2 Houthi anti-ship cruise missiles as well as 1 Houthi ground control station that day without providing locations while Houthi sources reported 2 raids on Taizz governorate.",0,False,False
YEM90646,2024-08-07,Explosions/Remote violence,Air/drone strike,Military Forces of the United States (2021-2025),Military Forces of Yemen (2017-) Houthi,Taizz,13.575,44.021,"On 7 August 2024, at an unspecified time, US forces conducted raids/strikes to destroy 1 Houthi ground control station in Taizz governorate (coded to governorate capital Taizz). Casualties unknown. CENTCOM claimed the destruction of 1 Houthi ground control station as well as 2 Houthi drones and 2 anti-ship cruise missiles that day without providing locations while Houthi sources reported 2 raids on Taizz governorate.",0,False,False
YEM92970,2024-10-21,Explosions/Remote violence,Air/drone strike,Military Forces of the United States (2021-2025),Military Forces of Yemen (2017-) Houthi,Taizz,13.575,44.021,"On 19 October 2024, at an unspecified time, US warships and warplanes conducted strikes targeting Houthi sites in an unspecified location in Taizz governorate (coded to governorate capital Taizz). USCENTCOM claimed responsibility for destroying Houthi 15 one-way attack uncrewed aerial systems (OWAUAS), Land Attack Cruise Missiles (LACMs), and Surface-to-Air Missiles (SAMs) used by Houthis and other Iran-aligned groups between 17-24 October 2024 without specifying locations. Casualties unknown.",0,False,False
YEM106681,2025-08-18,Strategic developments,Change to group/activity,Military Forces of Yemen (2017-) Houthi,nan,Taizz,13.575,44.021,"Movement of forces: Around 16 August 2025 (as reported), Houthi forces transferred missiles, launch platforms, drone systems, and guidance equipment to the mountainous regions and regions overlooking the Red Sea and Strait of Bab el Mandeb of the governorates of Raymah (coded to governorate capital Al Jabin) (Al Jabin), Dhamar (coded to governorate capital Dhamar) (Dhamar City), Al Mahwit (coded to governorate capital Al Mahwit) (Al Mahwait City), Ibb (coded to governorate capital Ibb) (Al Mashannah), and Taizz (coded to governorate capital Taizz).",0,False,False
YEM84652,2024-01-12,Explosions/Remote violence,Air/drone strike,Military Forces of the United States (2021-2025),Military Forces of Yemen (2017-) Houthi,Taizz International Airport,13.686,44.139,"On 12 January 2024, at around 2:30 am Sanaa time, US forces conducted strikes on Houthi sites in Taizz International Airport (At Taiziyah). 1 fatality coded to this event. This was part of a joint US-UK operation that day that struck over 60 Houthi targets in at least 18 locations (16 claimed by the US + 2 claimed by the UK) that included command and control nodes, munitions depots, launching systems, production facilities, and air defense radar systems. US Navy used fighter jets from aircraft carrier USS Dwight D. Eisenhower and Tomahawk missiles from surface warships and a submarine, and US Air Force used additional fighter jets. Houthi forces reported a total of 73 raids that resulted in 8 fatalities and at least 3 injuries. 8 fatalities split between 18 events.",1,False,False
YEM84644,2024-01-12,Explosions/Remote violence,Air/drone strike,Military Forces of the United States (2021-2025),Military Forces of Yemen (2017-) Houthi,Takhyah,17.154,43.591,"On 12 January 2024, at around 2:30 am Sanaa time, US forces conducted strikes on Houthi sites in Takhyah (Majz, Sadah). 0 fatalities coded to this event. This was part of a joint US-UK operation that day that struck over 60 Houthi targets in at least 18 locations (16 claimed by the US + 2 claimed by the UK) that included command and control nodes, munitions depots, launching systems, production facilities, and air defense radar systems. US Navy used fighter jets from aircraft carrier USS Dwight D. Eisenhower and Tomahawk missiles from surface warships and a submarine, and US Air Force used additional fighter jets. Houthi forces reported a total of 73 raids that resulted in 8 fatalities and at least 3 injuries. 8 fatalities split between 18 events.",0,False,False
YEM84759,2024-01-17,Strategic developments,Disrupted weapons use,Military Forces of the United States (2021-2025),Military Forces of Yemen (2017-) Houthi,Takhyah,17.154,43.591,"Interception: On 17 January 2024, at around 11:59 pm Sanaa time, US Navy forces launched missile strikes from surface ships and submarine to intercept 14 Houthi missiles in six locations: the technical institute in As Sawmaah district (Al Bayda), Haruniyah Junction east of As Salif (coded to Jabal Qumah) (Al Munirah, Al Hudaydah), the military police camp in Dhamar al Qarn (Anss, Dhamar), Jabal Sama and Takhyah (Majz, Sadah), and Al Hawban (At Taiziyah, Taizz). The missiles were struck as they were loaded on launch rails and ready to be fired in the Red Sea or the Gulf of Aden.",0,False,False
YEM86153,2024-03-11,Strategic developments,Disrupted weapons use,Military Forces of the United States (2021-2025),Military Forces of Yemen (2017-) Houthi,Takhyah,17.154,43.591,"Interception: On 11 March 2024, US forces conducted 5 strikes to intercept anti-ship missiles in Takhyah (Majz, Sadah). CENTCOM claimed that they presented an imminent threat to shipping. CENTCOM claimed the destruction of 1 Houthi unmanned underwater vessel and 18 anti-ship missiles between 2:50 pm and 11:30 pm Sanaa time that day without providing locations while Houthi sources reported raids on 5 separate locations in Al Hudaydah and Sadah governorates.",0,False,False
YEM88676,2024-05-30,Explosions/Remote violence,Air/drone strike,Military Forces of the United States (2021-2025),Military Forces of Yemen (2017-) Houthi,Uzlat Al Abus,13.268,44.304,"On 30 May 2024, US Navy forces conducted 1 raid/strike on Houthi communications infrastructure in Uzlat Al Abus region (Hayfan, Taizz). There were no fatalities and injuries. This was part of a joint US-UK operation that day (the fifth since January 2024) that struck Houthi targets at 7 locations that included drone control facilities, drone storage facilities, surface-to-air weapons facilities, command and control facilities, missile launchers, and a Houthi vessel. Houthi forces reported a total of 13 raids that resulted in 16 fatalities and 42 injuries including civilians noting that all fatalities and most of the injuries took place at Al Hudaydah radio tower building and in As Salif port in Al Hudaydah while 1 injury took place in Sanaa city. US Navy used fighter jets from aircraft carrier USS Dwight D. Eisenhower with the participation of other US warships.",0,False,True
YEM84869,2024-01-22,Explosions/Remote violence,Air/drone strike,Military Forces of the United States (2021-2025),Military Forces of Yemen (2017-) Houthi,Uzlat Saraf,15.429,44.269,"On 22 January 2024, at around 11:59 pm Sanaa time, US Navy forces conducted 2 strikes on a Houthi site in Saraf (Bani Hushaysh, Sanaa). Casualties unknown. This was part of a joint US-UK operation that day that struck 8 Houthi targets that included missile systems and launchers, air defense systems, radars, and weapons storage facilities. Houthi forces reported a total of 18 raids. US Navy used fighter jets from aircraft carrier USS Dwight D. Eisenhower and Tomahawk missiles from destroyers USS Gravely and USS Mason and from cruiser USS Philippine Sea.",0,False,False
YEM87091,2024-04-24,Explosions/Remote violence,Air/drone strike,Military Forces of Yemen (2017-) Houthi,nan,Wadi Thanhah,13.464,45.246,"On 24 April 2024, Houthi forces fired 1 one-way attack Sammad -1 drone that fell short in Thanhah mountains (coded to Wadi Thanhah) (Sarar, Abyan). There were no fatalities or injuries. The drone was likely launched toward the Gulf of Aden or the Indian Ocean.",0,False,False
YEM85987,2024-03-04,Strategic developments,Disrupted weapons use,Military Forces of the United States (2021-2025),Military Forces of Yemen (2017-) Houthi,Wadi Yasnam,17.3,43.433,"Interception: On 4 March 2024, at around 8:00 pm Sanaa time, US forces conducted 3 raids/strikes to intercept 2 Houthi anti-ship cruise missiles in Wadi Yasnam (Baqim, Sadah). The missile was struck as CENTCOM claimed that it presented an imminent threat to shipping.",0,False,False
YEM88032,2024-05-22,Explosions/Remote violence,Shelling/artillery/missile attack,Military Forces of Yemen (2017-) Houthi,nan,West Arabian Sea,14.977,56.785,"Around 22 May 2024, Houthi forces claimed a ballistic missile attack targeting the MSC Alexandra container ship (IMO: 9461374) in the Arabian Sea (coded to West Arabian Sea) claiming Israeli affiliation of the ship. There were no fatalities or injuries as the missiles likely impacted the water before reaching the intended target. The attack was not confirmed by other sources. Houthi forces have been labeling MSC ships as 'Israeli' possibly because of the dual Swiss-Israeli citizenship of one of MSC's co-founder and co-owner. Houthi forces claimed the attack on 24 May without specifying the date of the attack although it noted that it took place before an attack at 7:30 am Sanaa time on 23 May. The MSC Alexandra was sailing in the Arabian Sea between 22 and 23 May.",0,False,False
YEM88753,2024-05-28,Explosions/Remote violence,Shelling/artillery/missile attack,Military Forces of Yemen (2017-) Houthi,nan,West Arabian Sea,14.977,56.785,"Around 28 May 2024 (between 27 - 29 May), Houthi forces claimed a drone and missile attack targeting the Alba bulk carrier (IMO: 9493755) in the Arabian Sea (coded to West Arabian Sea) claiming US affiliation of the ship and affiliation with companies in violation of the Houthi ban to call at Israeli ports. There were no fatalities or injuries as the missiles likely impacted the water before reaching the intended target. The attack was not confirmed by other sources. Houthi forces claimed the attack on 29 May without specifying the date of the attack in a statement covering 27 - 29 May. The ship left the UAE on 26 May sailing through the Arabian Sea and headed to Algeria. The US affiliation of the ship was not verified.",0,False,False
YEM88754,2024-05-29,Explosions/Remote violence,Shelling/artillery/missile attack,Military Forces of Yemen (2017-) Houthi,nan,West Arabian Sea,14.977,56.785,"Around 29 May 2024 (as reported), Houthi forces claimed a drone and ballistic missile attack targeting the Maersk Hartford container ship (IMO: 9333008) in the Arabian Sea (coded to West Arabian Sea) claiming US affiliation of the ship and affiliation with companies in violation of the Houthi ban to call at Israeli ports. There were no fatalities or injuries as the drones and missiles likely impacted the water before reaching the intended target. The attack was not confirmed by other sources with the company owning the ship noting that the ship was not the subject of an attack. The ship departed Oman on 29 May for the UAE sailing through the Arabian Sea. The ship was US-flagged, and owned, operated, and managed by US-based companies.",0,False,False
YEM88755,2024-06-03,Explosions/Remote violence,Shelling/artillery/missile attack,Military Forces of Yemen (2017-) Houthi,nan,West Arabian Sea,14.977,56.785,"Around 1 June 2024 (as reported), Houthi forces claimed a drone and/or missile attack (coded as missile based on other activity in the Arabian Sea) targeting the Maina bulk carrier (IMO: 9699892) in the Arabian Sea (coded to West Arabian Sea) claiming affiliation with companies in violation of the Houthi ban to call at Israeli ports. There were no fatalities or injuries as the drones/missiles likely impacted the water before reaching the intended target. Houthi forces targeted the ship possibly because of its affiliation with Greece-based company Eastern Mediterranean Maritime, which had other ships affiliated with it dock at Israeli ports in early May. The attack was not confirmed by other sources. Houthi forces claimed to have carried out a first attack against the Maina in the South Red Sea and a second one in the Arabian Sea (coded as two separate events).",0,False,False
YEM88756,2024-06-05,Explosions/Remote violence,Air/drone strike,Military Forces of Yemen (2017-) Houthi,nan,West Arabian Sea,14.977,56.785,"Around 5 June 2024 (as reported), Houthi forces claimed a drone attack targeting the Maersk Seletar container ship (IMO: 9315197) in the Arabian Sea (coded to West Arabian Sea) claiming US affiliation of the ship. There were no fatalities or injuries as the drones likely impacted the water before reaching the intended target. The attack was not confirmed by other sources. The ship was US-flagged, and owned, operated, and managed by US-based companies.",0,False,False
YEM88053,2024-06-17,Explosions/Remote violence,Air/drone strike,Military Forces of Yemen (2017-) Houthi,nan,West Arabian Sea,14.977,56.785,"Around 16 June 2024 (as reported), Houthi forces claimed a drone attack targeting the Happy Condor LPG tanker (IMO: 9368780) in the Arabian Sea (coded to West Arabian Sea) claiming affiliation with companies in violation of the Houthi ban to call at Israeli ports. There were no fatalities or injuries as the drones likely impacted the water before reaching the intended target. The attack was not confirmed by other sources. The ship was sailing from France to Qatar through the Cap of Good Hope to avoid the Red Sea. It passed the Cape of Good Hope on 2 June and reached the Strait of Hormuz on 20 June.",0,True,False
YEM88793,2024-06-24,Explosions/Remote violence,Shelling/artillery/missile attack,Military Forces of Yemen (2017-) Houthi,nan,West Arabian Sea,14.977,56.785,"On 24 June 2024, at around 7:45 am Sanaa time, Houthi forces fired at least 1 ballistic missile targeting the MSC Sarah V container ship (IMO: 9181675) in the West Arabian Sea around 246 nm southeast of Nishtun claiming Israeli affiliation of the ship. There were no fatalities or injuries as the missile impacted the water in close proximity of the ship around 50 m from the ship. Houthi forces claimed to have used a new hypersonic ballistic missile for the first time, named the Hatim 2. Houthi forces have been labeling MSC ships as 'Israeli' possibly because of the dual Swiss-Israeli citizenship of one of MSC's co-founder and co-owner.",0,False,False
YEM88971,2024-07-01,Explosions/Remote violence,Shelling/artillery/missile attack,Military Forces of Yemen (2017-) Houthi,nan,West Arabian Sea,14.977,56.785,"Around 1 July 2024 (as reported), Houthi forces claimed 1 cruise missile attack targeting the MSC Unific VI container ship (IMO: 9168843) in the Arabian Sea (coded to West Arabian Sea) claiming Israeli affiliation of the ship. There were no fatalities or injuries as the missiles likely impacted the water before reaching the intended target. The attack was not confirmed by other sources. Houthi forces have been labeling MSC ships as 'Israeli' possibly because of the dual Swiss-Israeli citizenship of one of MSC's co-founder and co-owner. The Unific VI left Colombo in Sri Lanka on 23 June for Djibouti where it arrived on 2 July after sailing through the Arabian Sea and the Gulf of Aden.",0,False,False
YEM89299,2024-07-09,Explosions/Remote violence,Air/drone strike,Military Forces of Yemen (2017-) Houthi,nan,West Arabian Sea,14.977,56.785,"On 9 July 2024, Houthi forces claimed a drone attack targeting the Marathopolis container ship (IMO: 9477804) in the Arabian Sea (coded to West Arabian Sea) claiming affiliation with companies in violation of the Houthi ban to call at Israeli ports. There were no fatalities or injuries as the drone likely impacted the water before reaching the intended target. The attack was not confirmed by other sources. The Marathopolis had left Mombasa in Kenya on 4 July and arrived at Salalah in Oman on 9 July passing through the Indian Ocean and the Arabian Sea.",0,False,False
YEM89300,2024-07-09,Explosions/Remote violence,Shelling/artillery/missile attack,Military Forces of Yemen (2017-) Houthi,nan,West Arabian Sea,14.977,56.785,"On 9 July 2024, at around 7:30 am Sanaa time, Houthi forces fired 5 ballistic/cruise missiles targeting the Maersk Sentosa container ship (IMO: 9315202) in the Arabian Sea (coded to West Arabian Sea) around 180 nm east of Nishtun claiming US affiliation of the ship. There were no fatalities or injuries as the missiles impacted the water including one in close proximity to the ship around 0.5 nm. The ship was US-flagged, and owned, operated, and managed by US-based companies. Houthi forces claimed to have targeted the ship with ballistic and cruise missiles while at least 1 explosion was reported near the ship.",0,False,False
YEM92454,2024-10-01,Explosions/Remote violence,Air/drone strike,Military Forces of Yemen (2017-) Houthi,nan,West Arabian Sea,14.977,56.785,"On 1 October 2024, at an unspecified time, Houthi forces claimed a drone attack targeting the Marathopolis container ship (IMO: 9477804) in the Arabian sea (coded to West Arabian Sea) northeast of the Socotra archipelago, claiming affiliation with companies in violation of the Houthi ban to call at Israeli ports. There were no fatalities or injuries as the drone likely impacted the water before reaching the intended target. The attack was not confirmed by other sources, and the ship was laden off Oman the following day before heading east to the next port of call in India. The Houthis claimed to target the ship a previous time on the same day (coded separately). The Houthis have claimed a previous attack in the Marathopolis around 9 July that was also not confirmed by other sources (coded separately).",0,False,False
YEM92826,2024-10-18,Explosions/Remote violence,Air/drone strike,Military Forces of Yemen (2017-) Houthi,nan,West Arabian Sea,14.977,56.785,"On 18 October 2024, at an unspecified time, Houthi forces claimed a multiple drone attack targeting the Megalopolis container ship (IMO: 9477799) in the Arabian sea (coded to West Arabian Sea), claiming affiliation with companies in violation of the Houthi ban to call at Israeli ports. There were no fatalities or injuries as the drones likely impacted the water before reaching the intended target. The attack was not confirmed by other sources. According to LSEG Data, the ship was en route to Oman's Salalah port around the time of the alleged attack.",0,False,False
YEM93214,2024-10-28,Explosions/Remote violence,Shelling/artillery/missile attack,Military Forces of Yemen (2017-) Houthi,nan,West Arabian Sea,14.977,56.785,"On 28 October 2024, at an unspecified time, Houthi forces claimed to have fired a cruise missile targeting the Maersk Kowloon container ship (IMO: 9290476) in the Arabian sea (coded to West Arabian Sea) claiming affiliation with companies in violation of the Houthi ban to call at Israeli ports. There were no fatalities or injuries as the drones likely impacted the water before reaching the intended target. The attack was not confirmed by other sources.",0,False,False
YEM93222,2024-10-28,Explosions/Remote violence,Air/drone strike,Military Forces of Yemen (2017-) Houthi,nan,West Arabian Sea,14.977,56.785,"On 28 October 2024, at an unspecified time, Houthi forces claimed to have fired two drones targeting the SC Montreal container ship (IMO: 9311830) in the Arabian sea (coded to West Arabian Sea) claiming affiliation with companies in violation of the Houthi ban to call at Israeli ports. There were no fatalities or injuries as the drones likely impacted the water before reaching the intended target. The attack was not confirmed by other sources.",0,False,False
YEM93642,2024-11-11,Explosions/Remote violence,Air/drone strike,Military Forces of Yemen (2017-) Houthi,nan,West Arabian Sea,14.977,56.785,"On 11 November 2024, at an unspecified time, Houthi forces claimed to have fired an unspecified number of drones and cruise missiles targeting the USS Abraham Lincoln aircraft carrier in the Arabian Sea (coded to West Arabian Sea), claiming they targeted US forces while they were preparing to strike targets in Yemen. The Houthis claimed that the attack lasted 8 hours and was 'successful', while US authorities stated that they were unaware of any attack targeting the aircraft carrier. The Houthis claimed a separate attack targeting two other US ships in the Strait of Bab el Mandab on the same day (coded separately).",0,False,False
YEM94282,2024-12-02,Strategic developments,Disrupted weapons use,Military Forces of the United States (2021-2025),Military Forces of Yemen (2017-) Houthi,West Arabian Sea,14.977,56.785,"Interception: On 30 November 2024, US Navy destroyers USS Gravely and USS O'Kane shot down 3 anti-ship ballistic missiles, 3 drones, and 1 anti-ship cruise missile fired by Houthi forces and targeting the Maersk Saratoga container ship (IMO: 9289207), the Stena Impeccable chemical/oil products tanker (IMO: 9693020) and the Liberty Grace bulk carrier (IMO: 9228148) in the Arabian Sea (coded to West Arabian Sea). There were no damages to either US destroyers or the commercial ships. There were no damages to either US destroyers or the commercial ships. The Houthis claimed that they have targeted three 'US supply military ships' in the Gulf of Aden and the Arabian Sea and that they fired 16 ballistic and cruise missiles and drones, claiming they achieved 'direct and precise hits.' However, only the Stena Impeccable is confirmed to be contracted in initiatives to support the US defense sector. US forces intercepted another Houthi attack targeting the ships the next day (coded separately). The Houthis claimed to have attacked the Maersk Saratoga on 23 March 2024, but the ship's owning company and non-Houthi sources denied the attack took place.",0,True,False
YEM95659,2024-12-27,Explosions/Remote violence,Air/drone strike,Military Forces of Yemen (2017-) Houthi,nan,West Arabian Sea,14.977,56.785,"On 27 December 2024, at an unspecified time, Houthi forces claimed to have fired a number of drones targeting the Santa Ursula container ship (IMO: 9430387) near Socotra in the Arabian sea (coded to West Arabian Sea), claiming affiliation with companies in violation of the Houthi ban to call at Israeli ports. There were no fatalities or injuries as the drones likely impacted the water before reaching the intended target. The attack was not confirmed by other sources. The ship was bound to Salalah in Oman and belonged to Maersk shipping company, who denied the attack took place, and whose ships have been attacked by the Houthis previously.",0,False,False
YEM98595,2025-04-22,Explosions/Remote violence,Air/drone strike,Military Forces of Yemen (2017-) Houthi,Military Forces of the United States (2025-),West Arabian Sea,14.977,56.785,"On 18 April 2025, at an unspecified time, Houthi forces claimed to have launched an unspecified number of drones and 'winged' cruise missiles targeting the USS Harry S. Truman, USS Carl Vinson, and surrounding destroyers in the Red Sea and Arabian Sea (coded to West Arabian Sea). There were no fatalities or injuries as the drones and missiles likely impacted the water before reaching the intended targets. The Houthi claim was not corroborated by other sources.",0,False,False
YEM98782,2025-04-22,Explosions/Remote violence,Air/drone strike,Military Forces of Yemen (2017-) Houthi,Military Forces of the United States (2025-),West Arabian Sea,14.977,56.785,"On 21 April 2025, Houthi forces claimed to have launched 4 drones and 3 'winged' cruise missiles targeting the USS Carl Vinson and surrounding destroyers in the Arabian Sea (coded to West Arabian Sea). There were no fatalities or injuries as the drones and missiles likely impacted the water before reaching the intended targets. The attack was not confirmed by other sources.",0,False,False
YEM98788,2025-04-22,Explosions/Remote violence,Air/drone strike,Military Forces of Yemen (2017-) Houthi,Military Forces of the United States (2025-),West Arabian Sea,14.977,56.785,"On 22 April 2025, Houthi forces claimed to have launched unspecified number of drones and 'winged' cruise missiles targeting the USS Carl Vinson and surrounding destroyers in the Arabian Sea (coded to West Arabian Sea). There were no fatalities or injuries as the drones and missiles likely impacted the water before reaching the intended targets. The attack was not confirmed by other sources.",0,False,False
YEM99458,2025-04-30,Explosions/Remote violence,Air/drone strike,Military Forces of Yemen (2017-) Houthi,Military Forces of the United States (2025-),West Arabian Sea,14.977,56.785,"On 30 April 2025, at an unspecified time, Houthi forces launched an unspecified number of drones targeting the USS Carl Vinson and surrounding destroyers in the Arabian Sea (coded to West Arabian Sea). There were no fatalities or injuries as the drones likely impacted the water before reaching the intended targets. The Houthi claim was not corroborated by other sources",0,False,False
YEM84618,2024-01-12,Explosions/Remote violence,Air/drone strike,Military Forces of the United States (2021-2025),Military Forces of Yemen (2017-) Houthi,Zabid,14.195,43.315,"On 12 January 2024, at around 2:30 am Sanaa time, US forces conducted strikes on Houthi sites in Zabid district (Al Hudaydah). 0 fatalities coded to this event. This was part of a joint US-UK operation that day that struck over 60 Houthi targets in at least 18 locations (16 claimed by the US + 2 claimed by the UK) that included command and control nodes, munitions depots, launching systems, production facilities, and air defense radar systems. US Navy used fighter jets from aircraft carrier USS Dwight D. Eisenhower and Tomahawk missiles from surface warships and a submarine, and US Air Force used additional fighter jets. Houthi forces reported a total of 73 raids that resulted in 8 fatalities and at least 3 injuries. 8 fatalities split between 18 events.",0,False,False
